timestamp,road_id,vehicle_count,average_speed_kmph,density_pct,travel_time_min,queue_length_m,congestion_level
2026-07-29T00:00:00,R0001,210,40.2,11.9,4.4,10.3,Low
2026-07-29T00:00:00,R0002,236,27.5,14.0,3.7,7.1,Low
2026-07-29T00:00:00,R0003,628,28.2,13.4,9.0,9.8,Low
2026-07-29T00:00:00,R0004,378,43.9,16.2,7.6,10.7,Low
2026-07-29T00:00:00,R0005,165,44.7,11.6,3.4,1.7,Low
2026-07-29T00:00:00,R0006,239,23.6,14.3,10.9,9.9,Low
2026-07-29T00:00:00,R0007,191,36.9,11.7,5.5,8.3,Low
2026-07-29T00:00:00,R0008,138,46.9,13.3,5.3,12.2,Low
2026-07-29T00:00:00,R0009,379,43.4,14.4,1.6,3.8,Low
2026-07-29T00:00:00,R0010,128,22.1,11.9,6.9,6.2,Low
2026-07-29T00:00:00,R0011,616,37.6,14.7,2.4,1.1,Low
2026-07-29T00:00:00,R0012,203,42.5,13.3,3.2,2.4,Low
2026-07-29T00:00:00,R0013,177,40.7,15.4,5.8,6.3,Low
2026-07-29T00:00:00,R0014,313,31.8,12.2,11.6,8.4,Low
2026-07-29T00:00:00,R0015,144,37.5,12.5,2.1,11.0,Low
2026-07-29T00:00:00,R0016,294,41.7,16.1,4.3,13.3,Low
2026-07-29T00:00:00,R0017,229,23.2,16.0,6.2,9.5,Low
2026-07-29T00:00:00,R0018,777,36.3,14.5,2.0,11.3,Low
2026-07-29T00:00:00,R0019,231,76.0,14.0,0.7,6.4,Low
2026-07-29T00:00:00,R0020,317,23.1,15.0,13.5,2.2,Low
2026-07-29T00:00:00,R0021,232,29.4,15.5,11.7,12.7,Low
2026-07-29T00:00:00,R0022,170,72.9,13.5,2.1,13.7,Low
2026-07-29T00:00:00,R0023,173,23.6,12.6,14.9,7.3,Low
2026-07-29T00:00:00,R0024,201,35.9,13.9,8.6,8.6,Low
2026-07-29T00:00:00,R0025,174,41.6,13.0,5.5,4.1,Low
2026-07-29T00:00:00,R0026,171,32.5,11.3,1.8,14.5,Low
2026-07-29T00:00:00,R0027,239,23.1,13.3,15.5,5.2,Low
2026-07-29T00:00:00,R0028,233,23.1,14.6,5.5,14.2,Low
2026-07-29T00:00:00,R0029,439,38.8,13.3,9.4,4.0,Low
2026-07-29T00:00:00,R0030,280,26.9,16.3,12.0,9.1,Low
2026-07-29T00:00:00,R0031,376,37.8,14.6,8.6,1.8,Low
2026-07-29T00:00:00,R0032,644,34.6,16.0,3.6,9.3,Low
2026-07-29T00:00:00,R0033,175,21.8,12.4,2.3,8.2,Low
2026-07-29T00:00:00,R0034,170,70.4,13.4,1.3,2.6,Low
2026-07-29T00:00:00,R0035,209,30.9,13.4,7.3,13.5,Low
2026-07-29T00:00:00,R0036,282,22.3,11.7,16.9,1.5,Low
2026-07-29T00:00:00,R0037,353,38.7,11.4,3.8,9.0,Low
2026-07-29T00:00:00,R0038,148,28.8,12.1,2.3,0.4,Low
2026-07-29T00:00:00,R0039,215,78.3,15.5,1.2,2.0,Low
2026-07-29T00:00:00,R0040,603,23.7,12.5,11.7,13.9,Low
2026-07-29T00:00:00,R0041,202,27.7,13.4,6.3,0.6,Low
2026-07-29T00:00:00,R0042,236,72.7,14.1,1.1,0.4,Low
2026-07-29T00:00:00,R0043,419,27.3,14.2,2.3,11.8,Low
2026-07-29T00:00:00,R0044,228,20.8,12.9,10.7,8.8,Low
2026-07-29T00:00:00,R0045,174,23.9,13.3,11.9,8.2,Low
2026-07-29T00:00:00,R0046,277,61.8,12.7,2.7,4.1,Low
2026-07-29T00:00:00,R0047,484,28.6,15.8,4.8,8.2,Low
2026-07-29T00:00:00,R0048,138,22.4,11.6,10.2,12.5,Low
2026-07-29T00:00:00,R0049,693,42.0,15.3,8.5,3.4,Low
2026-07-29T00:00:00,R0050,397,23.4,15.4,12.7,1.4,Low
2026-07-29T01:00:00,R0001,135,48.5,7.7,3.6,1.3,Low
2026-07-29T01:00:00,R0002,123,38.2,7.3,2.7,0.8,Low
2026-07-29T01:00:00,R0003,383,36.2,8.2,7.0,5.0,Low
2026-07-29T01:00:00,R0004,184,55.2,7.9,6.0,2.4,Low
2026-07-29T01:00:00,R0005,119,57.3,8.4,2.6,11.4,Low
2026-07-29T01:00:00,R0006,119,26.2,7.1,9.8,4.0,Low
2026-07-29T01:00:00,R0007,126,45.2,7.7,4.5,10.2,Low
2026-07-29T01:00:00,R0008,71,51.5,6.8,4.9,5.9,Low
2026-07-29T01:00:00,R0009,231,52.0,8.8,1.3,9.6,Low
2026-07-29T01:00:00,R0010,80,29.2,7.4,5.2,13.4,Low
2026-07-29T01:00:00,R0011,318,44.0,7.6,2.0,6.2,Low
2026-07-29T01:00:00,R0012,113,56.6,7.4,2.4,12.4,Low
2026-07-29T01:00:00,R0013,99,57.4,8.6,4.1,6.0,Low
2026-07-29T01:00:00,R0014,184,38.2,7.2,9.7,5.4,Low
2026-07-29T01:00:00,R0015,100,43.9,8.7,1.8,1.2,Low
2026-07-29T01:00:00,R0016,175,51.3,9.6,3.5,14.8,Low
2026-07-29T01:00:00,R0017,137,28.3,9.6,5.1,9.9,Low
2026-07-29T01:00:00,R0018,451,48.2,8.4,1.5,4.3,Low
2026-07-29T01:00:00,R0019,133,93.1,8.1,0.5,6.2,Low
2026-07-29T01:00:00,R0020,168,26.8,7.9,11.6,8.5,Low
2026-07-29T01:00:00,R0021,138,34.6,9.2,9.9,14.0,Low
2026-07-29T01:00:00,R0022,110,95.5,8.7,1.6,8.3,Low
2026-07-29T01:00:00,R0023,124,25.2,9.0,14.0,12.3,Low
2026-07-29T01:00:00,R0024,99,49.0,6.8,6.3,14.9,Low
2026-07-29T01:00:00,R0025,101,52.7,7.5,4.3,11.5,Low
2026-07-29T01:00:00,R0026,112,38.8,7.4,1.5,1.5,Low
2026-07-29T01:00:00,R0027,127,29.7,7.1,12.1,10.1,Low
2026-07-29T01:00:00,R0028,146,26.4,9.2,4.8,10.1,Low
2026-07-29T01:00:00,R0029,278,46.3,8.4,7.9,10.2,Low
2026-07-29T01:00:00,R0030,144,36.1,8.4,8.9,4.1,Low
2026-07-29T01:00:00,R0031,231,43.5,9.0,7.4,10.4,Low
2026-07-29T01:00:00,R0032,298,46.9,7.4,2.7,11.2,Low
2026-07-29T01:00:00,R0033,103,25.7,7.3,2.0,2.0,Low
2026-07-29T01:00:00,R0034,107,96.1,8.4,0.9,0.7,Low
2026-07-29T01:00:00,R0035,138,35.5,8.8,6.4,7.2,Low
2026-07-29T01:00:00,R0036,227,26.4,9.5,14.3,7.0,Low
2026-07-29T01:00:00,R0037,208,43.3,6.7,3.4,3.9,Low
2026-07-29T01:00:00,R0038,83,37.7,6.8,1.7,6.4,Low
2026-07-29T01:00:00,R0039,115,86.7,8.3,1.1,4.4,Low
2026-07-29T01:00:00,R0040,418,29.2,8.7,9.5,0.8,Low
2026-07-29T01:00:00,R0041,140,36.6,9.3,4.8,8.5,Low
2026-07-29T01:00:00,R0042,136,85.3,8.2,0.9,1.3,Low
2026-07-29T01:00:00,R0043,249,35.6,8.5,1.7,13.8,Low
2026-07-29T01:00:00,R0044,140,26.0,7.9,8.6,10.7,Low
2026-07-29T01:00:00,R0045,99,27.6,7.6,10.3,10.5,Low
2026-07-29T01:00:00,R0046,204,75.6,9.4,2.2,10.1,Low
2026-07-29T01:00:00,R0047,266,38.9,8.7,3.5,4.4,Low
2026-07-29T01:00:00,R0048,80,26.8,6.7,8.6,3.3,Low
2026-07-29T01:00:00,R0049,391,55.7,8.7,6.4,8.9,Low
2026-07-29T01:00:00,R0050,174,28.7,6.8,10.3,4.9,Low
2026-07-29T02:00:00,R0001,192,37.0,10.9,4.8,2.0,Low
2026-07-29T02:00:00,R0002,154,32.4,9.1,3.1,13.8,Low
2026-07-29T02:00:00,R0003,530,28.4,11.3,8.9,6.0,Low
2026-07-29T02:00:00,R0004,270,47.3,11.5,7.0,1.8,Low
2026-07-29T02:00:00,R0005,124,47.9,8.7,3.2,5.3,Low
2026-07-29T02:00:00,R0006,162,21.3,9.7,12.1,8.1,Low
2026-07-29T02:00:00,R0007,196,40.3,12.0,5.1,8.5,Low
2026-07-29T02:00:00,R0008,111,42.7,10.7,5.9,8.2,Low
2026-07-29T02:00:00,R0009,270,46.6,10.2,1.5,5.8,Low
2026-07-29T02:00:00,R0010,104,21.6,9.6,7.1,4.7,Low
2026-07-29T02:00:00,R0011,383,36.6,9.1,2.5,14.8,Low
2026-07-29T02:00:00,R0012,160,45.9,10.5,3.0,13.1,Low
2026-07-29T02:00:00,R0013,144,45.5,12.6,5.2,12.2,Low
2026-07-29T02:00:00,R0014,258,29.7,10.0,12.4,6.0,Low
2026-07-29T02:00:00,R0015,131,38.9,11.3,2.0,4.7,Low
2026-07-29T02:00:00,R0016,169,47.1,9.3,3.8,1.9,Low
2026-07-29T02:00:00,R0017,157,23.5,10.9,6.1,10.5,Low
2026-07-29T02:00:00,R0018,626,39.9,11.7,1.8,7.5,Low
2026-07-29T02:00:00,R0019,191,76.9,11.6,0.6,2.8,Low
2026-07-29T02:00:00,R0020,188,22.4,8.9,13.9,6.6,Low
2026-07-29T02:00:00,R0021,167,32.0,11.1,10.7,2.9,Low
2026-07-29T02:00:00,R0022,116,82.5,9.2,1.9,1.6,Low
2026-07-29T02:00:00,R0023,146,23.1,10.6,15.2,8.1,Low
2026-07-29T02:00:00,R0024,132,35.9,9.1,8.6,1.6,Low
2026-07-29T02:00:00,R0025,148,45.8,11.0,5.0,3.5,Low
2026-07-29T02:00:00,R0026,169,31.8,11.2,1.8,0.6,Low
2026-07-29T02:00:00,R0027,192,23.5,10.7,15.2,3.8,Low
2026-07-29T02:00:00,R0028,158,23.4,9.9,5.4,13.5,Low
2026-07-29T02:00:00,R0029,391,38.1,11.9,9.6,11.0,Low
2026-07-29T02:00:00,R0030,175,31.2,10.2,10.3,7.0,Low
2026-07-29T02:00:00,R0031,244,39.6,9.5,8.2,8.3,Low
2026-07-29T02:00:00,R0032,409,40.6,10.2,3.1,0.3,Low
2026-07-29T02:00:00,R0033,140,21.4,9.9,2.4,11.5,Low
2026-07-29T02:00:00,R0034,145,73.6,11.4,1.2,10.1,Low
2026-07-29T02:00:00,R0035,160,31.8,10.2,7.1,6.8,Low
2026-07-29T02:00:00,R0036,249,24.4,10.4,15.5,3.8,Low
2026-07-29T02:00:00,R0037,285,39.0,9.2,3.7,14.5,Low
2026-07-29T02:00:00,R0038,125,28.5,10.2,2.3,5.1,Low
2026-07-29T02:00:00,R0039,149,72.1,10.7,1.4,9.9,Low
2026-07-29T02:00:00,R0040,609,22.3,12.6,12.5,5.3,Low
2026-07-29T02:00:00,R0041,155,28.7,10.3,6.1,13.2,Low
2026-07-29T02:00:00,R0042,173,74.9,10.4,1.0,9.9,Low
2026-07-29T02:00:00,R0043,308,31.2,10.5,2.0,0.9,Low
2026-07-29T02:00:00,R0044,210,24.1,11.9,9.3,9.7,Low
2026-07-29T02:00:00,R0045,163,21.3,12.5,13.4,7.2,Low
2026-07-29T02:00:00,R0046,242,61.4,11.1,2.7,6.0,Low
2026-07-29T02:00:00,R0047,308,28.8,10.1,4.7,5.9,Low
2026-07-29T02:00:00,R0048,112,23.9,9.4,9.6,3.1,Low
2026-07-29T02:00:00,R0049,407,46.7,9.0,7.6,8.9,Low
2026-07-29T02:00:00,R0050,312,22.8,12.1,13.0,5.2,Low
2026-07-29T03:00:00,R0001,219,41.2,12.4,4.3,8.5,Low
2026-07-29T03:00:00,R0002,238,34.2,14.1,3.0,4.4,Low
2026-07-29T03:00:00,R0003,504,33.9,10.7,7.5,6.5,Low
2026-07-29T03:00:00,R0004,298,49.4,12.7,6.7,14.1,Low
2026-07-29T03:00:00,R0005,190,53.2,13.4,2.9,12.4,Low
2026-07-29T03:00:00,R0006,174,26.8,10.4,9.6,9.5,Low
2026-07-29T03:00:00,R0007,224,45.5,13.8,4.5,4.2,Low
2026-07-29T03:00:00,R0008,147,49.1,14.2,5.1,13.1,Low
2026-07-29T03:00:00,R0009,379,49.4,14.4,1.4,10.8,Low
2026-07-29T03:00:00,R0010,110,26.6,10.2,5.7,7.7,Low
2026-07-29T03:00:00,R0011,530,46.9,12.7,1.9,10.1,Low
2026-07-29T03:00:00,R0012,187,55.5,12.2,2.5,14.3,Low
2026-07-29T03:00:00,R0013,117,57.9,10.2,4.1,1.3,Low
2026-07-29T03:00:00,R0014,352,33.7,13.7,11.0,2.0,Low
2026-07-29T03:00:00,R0015,139,45.2,12.0,1.7,5.7,Low
2026-07-29T03:00:00,R0016,188,54.7,10.3,3.3,13.5,Low
2026-07-29T03:00:00,R0017,169,25.4,11.8,5.7,6.6,Low
2026-07-29T03:00:00,R0018,554,47.1,10.3,1.6,12.4,Low
2026-07-29T03:00:00,R0019,209,86.0,12.7,0.6,12.0,Low
2026-07-29T03:00:00,R0020,266,27.7,12.6,11.3,9.5,Low
2026-07-29T03:00:00,R0021,203,35.4,13.6,9.7,6.2,Low
2026-07-29T03:00:00,R0022,180,87.3,14.3,1.8,9.1,Low
2026-07-29T03:00:00,R0023,152,27.3,11.0,12.9,8.6,Low
2026-07-29T03:00:00,R0024,158,41.6,10.9,7.4,9.1,Low
2026-07-29T03:00:00,R0025,180,52.7,13.4,4.3,3.4,Low
2026-07-29T03:00:00,R0026,197,32.8,13.1,1.8,6.6,Low
2026-07-29T03:00:00,R0027,194,25.5,10.8,14.0,3.0,Low
2026-07-29T03:00:00,R0028,188,24.8,11.8,5.1,6.0,Low
2026-07-29T03:00:00,R0029,407,44.0,12.4,8.3,5.7,Low
2026-07-29T03:00:00,R0030,238,33.0,13.8,9.8,7.6,Low
2026-07-29T03:00:00,R0031,267,41.9,10.4,7.7,8.6,Low
2026-07-29T03:00:00,R0032,507,46.6,12.6,2.7,8.4,Low
2026-07-29T03:00:00,R0033,202,24.2,14.3,2.1,1.5,Low
2026-07-29T03:00:00,R0034,130,85.5,10.2,1.0,8.1,Low
2026-07-29T03:00:00,R0035,202,32.7,12.9,6.9,14.2,Low
2026-07-29T03:00:00,R0036,332,25.3,13.8,14.9,1.2,Low
2026-07-29T03:00:00,R0037,335,42.1,10.8,3.4,1.8,Low
2026-07-29T03:00:00,R0038,151,33.9,12.4,1.9,5.4,Low
2026-07-29T03:00:00,R0039,201,89.1,14.5,1.1,14.2,Low
2026-07-29T03:00:00,R0040,518,26.4,10.7,10.5,8.3,Low
2026-07-29T03:00:00,R0041,157,33.1,10.4,5.3,10.1,Low
2026-07-29T03:00:00,R0042,215,86.6,12.9,0.9,7.3,Low
2026-07-29T03:00:00,R0043,351,32.8,11.9,1.9,5.0,Low
2026-07-29T03:00:00,R0044,192,25.2,10.8,8.9,14.4,Low
2026-07-29T03:00:00,R0045,167,27.3,12.8,10.4,4.7,Low
2026-07-29T03:00:00,R0046,258,68.0,11.8,2.4,1.5,Low
2026-07-29T03:00:00,R0047,333,37.4,10.9,3.6,10.2,Low
2026-07-29T03:00:00,R0048,149,26.3,12.5,8.7,13.8,Low
2026-07-29T03:00:00,R0049,471,52.0,10.4,6.8,5.2,Low
2026-07-29T03:00:00,R0050,349,28.2,13.5,10.5,3.6,Low
2026-07-29T04:00:00,R0001,258,41.4,14.7,4.2,6.0,Low
2026-07-29T04:00:00,R0002,214,37.8,12.7,2.7,2.7,Low
2026-07-29T04:00:00,R0003,684,33.7,14.6,7.5,11.0,Low
2026-07-29T04:00:00,R0004,298,53.4,12.7,6.2,12.5,Low
2026-07-29T04:00:00,R0005,207,54.9,14.6,2.8,0.9,Low
2026-07-29T04:00:00,R0006,234,24.7,14.0,10.4,6.2,Low
2026-07-29T04:00:00,R0007,217,43.1,13.3,4.7,7.8,Low
2026-07-29T04:00:00,R0008,160,48.7,15.4,5.1,10.1,Low
2026-07-29T04:00:00,R0009,334,49.8,12.7,1.4,2.4,Low
2026-07-29T04:00:00,R0010,164,27.3,15.2,5.6,13.6,Low
2026-07-29T04:00:00,R0011,648,41.0,15.5,2.2,5.3,Low
2026-07-29T04:00:00,R0012,213,52.1,13.9,2.6,6.3,Low
2026-07-29T04:00:00,R0013,143,53.6,12.5,4.4,8.6,Low
2026-07-29T04:00:00,R0014,297,35.4,11.5,10.4,8.3,Low
2026-07-29T04:00:00,R0015,155,41.8,13.4,1.9,11.1,Low
2026-07-29T04:00:00,R0016,199,52.4,10.9,3.5,11.7,Low
2026-07-29T04:00:00,R0017,192,25.3,13.4,5.7,10.4,Low
2026-07-29T04:00:00,R0018,723,45.7,13.5,1.6,11.0,Low
2026-07-29T04:00:00,R0019,225,87.1,13.6,0.6,2.0,Low
2026-07-29T04:00:00,R0020,254,26.2,12.0,11.9,9.0,Low
2026-07-29T04:00:00,R0021,198,33.9,13.2,10.1,0.1,Low
2026-07-29T04:00:00,R0022,165,84.8,13.1,1.8,11.0,Low
2026-07-29T04:00:00,R0023,150,27.1,10.9,13.0,14.1,Low
2026-07-29T04:00:00,R0024,168,44.2,11.6,7.0,1.4,Low
2026-07-29T04:00:00,R0025,184,52.7,13.7,4.3,6.1,Low
2026-07-29T04:00:00,R0026,200,37.1,13.3,1.6,2.9,Low
2026-07-29T04:00:00,R0027,196,28.3,10.9,12.7,8.7,Low
2026-07-29T04:00:00,R0028,238,26.3,14.9,4.8,12.2,Low
2026-07-29T04:00:00,R0029,422,45.6,12.8,8.0,13.7,Low
2026-07-29T04:00:00,R0030,232,33.2,13.5,9.7,4.0,Low
2026-07-29T04:00:00,R0031,302,42.6,11.7,7.6,4.6,Low
2026-07-29T04:00:00,R0032,539,44.3,13.4,2.8,6.4,Low
2026-07-29T04:00:00,R0033,192,24.5,13.6,2.1,1.3,Low
2026-07-29T04:00:00,R0034,147,89.0,11.6,1.0,3.2,Low
2026-07-29T04:00:00,R0035,189,34.8,12.1,6.5,12.2,Low
2026-07-29T04:00:00,R0036,260,27.4,10.8,13.8,10.0,Low
2026-07-29T04:00:00,R0037,449,46.2,14.5,3.1,0.3,Low
2026-07-29T04:00:00,R0038,140,37.7,11.5,1.7,6.9,Low
2026-07-29T04:00:00,R0039,187,89.6,13.4,1.1,10.2,Low
2026-07-29T04:00:00,R0040,733,27.8,15.2,10.0,10.8,Low
2026-07-29T04:00:00,R0041,182,37.4,12.1,4.7,0.7,Low
2026-07-29T04:00:00,R0042,198,94.0,11.9,0.8,3.8,Low
2026-07-29T04:00:00,R0043,348,33.5,11.8,1.8,12.9,Low
2026-07-29T04:00:00,R0044,232,27.0,13.1,8.3,3.6,Low
2026-07-29T04:00:00,R0045,188,27.1,14.4,10.5,4.7,Low
2026-07-29T04:00:00,R0046,277,67.2,12.7,2.4,14.6,Low
2026-07-29T04:00:00,R0047,422,37.2,13.8,3.7,4.6,Low
2026-07-29T04:00:00,R0048,172,27.1,14.4,8.5,10.4,Low
2026-07-29T04:00:00,R0049,693,50.8,15.3,7.0,2.0,Low
2026-07-29T04:00:00,R0050,359,27.0,13.9,11.0,8.6,Low
2026-07-29T05:00:00,R0001,94,38.6,5.3,4.6,6.4,Low
2026-07-29T05:00:00,R0002,94,32.9,5.6,3.1,3.5,Low
2026-07-29T05:00:00,R0003,242,30.7,5.2,8.3,3.0,Low
2026-07-29T05:00:00,R0004,137,50.5,5.9,6.6,5.6,Low
2026-07-29T05:00:00,R0005,82,50.4,5.8,3.0,12.7,Low
2026-07-29T05:00:00,R0006,78,25.6,4.7,10.1,5.7,Low
2026-07-29T05:00:00,R0007,81,37.2,5.0,5.5,7.3,Low
2026-07-29T05:00:00,R0008,47,46.1,4.5,5.4,4.8,Low
2026-07-29T05:00:00,R0009,156,50.2,5.9,1.4,4.5,Low
2026-07-29T05:00:00,R0010,65,25.0,6.0,6.1,11.5,Low
2026-07-29T05:00:00,R0011,195,41.1,4.7,2.2,14.2,Low
2026-07-29T05:00:00,R0012,87,46.3,5.7,3.0,7.5,Low
2026-07-29T05:00:00,R0013,64,47.7,5.6,4.9,1.8,Low
2026-07-29T05:00:00,R0014,128,33.4,5.0,11.1,12.9,Low
2026-07-29T05:00:00,R0015,53,42.8,4.6,1.8,4.9,Low
2026-07-29T05:00:00,R0016,103,49.4,5.6,3.7,12.2,Low
2026-07-29T05:00:00,R0017,88,23.0,6.1,6.3,12.9,Low
2026-07-29T05:00:00,R0018,248,41.2,4.6,1.8,11.1,Low
2026-07-29T05:00:00,R0019,93,76.3,5.6,0.7,13.1,Low
2026-07-29T05:00:00,R0020,99,22.3,4.7,14.0,10.8,Low
2026-07-29T05:00:00,R0021,79,33.5,5.3,10.2,5.8,Low
2026-07-29T05:00:00,R0022,59,84.0,4.7,1.8,8.2,Low
2026-07-29T05:00:00,R0023,65,24.8,4.7,14.2,7.7,Low
2026-07-29T05:00:00,R0024,80,39.4,5.5,7.8,12.4,Low
2026-07-29T05:00:00,R0025,80,49.0,6.0,4.6,1.6,Low
2026-07-29T05:00:00,R0026,90,32.5,6.0,1.8,10.5,Low
2026-07-29T05:00:00,R0027,91,25.3,5.1,14.2,10.9,Low
2026-07-29T05:00:00,R0028,73,23.6,4.6,5.3,13.3,Low
2026-07-29T05:00:00,R0029,147,42.8,4.5,8.6,10.2,Low
2026-07-29T05:00:00,R0030,96,30.6,5.6,10.5,3.7,Low
2026-07-29T05:00:00,R0031,159,38.2,6.2,8.5,11.6,Low
2026-07-29T05:00:00,R0032,206,37.6,5.1,3.4,0.2,Low
2026-07-29T05:00:00,R0033,76,25.6,5.4,2.0,5.5,Low
2026-07-29T05:00:00,R0034,64,77.8,5.0,1.1,7.8,Low
2026-07-29T05:00:00,R0035,81,33.7,5.2,6.7,7.6,Low
2026-07-29T05:00:00,R0036,128,22.5,5.3,16.8,14.7,Low
2026-07-29T05:00:00,R0037,150,37.3,4.9,3.9,9.9,Low
2026-07-29T05:00:00,R0038,67,31.3,5.5,2.1,6.3,Low
2026-07-29T05:00:00,R0039,81,75.5,5.8,1.3,12.3,Low
2026-07-29T05:00:00,R0040,271,23.5,5.6,11.8,6.9,Low
2026-07-29T05:00:00,R0041,73,33.1,4.9,5.3,7.7,Low
2026-07-29T05:00:00,R0042,83,80.9,5.0,1.0,14.9,Low
2026-07-29T05:00:00,R0043,153,33.9,5.2,1.8,5.2,Low
2026-07-29T05:00:00,R0044,79,22.9,4.5,9.7,6.3,Low
2026-07-29T05:00:00,R0045,62,22.1,4.7,12.9,13.7,Low
2026-07-29T05:00:00,R0046,130,65.6,6.0,2.5,2.5,Low
2026-07-29T05:00:00,R0047,141,29.8,4.6,4.6,10.9,Low
2026-07-29T05:00:00,R0048,73,23.4,6.1,9.8,1.8,Low
2026-07-29T05:00:00,R0049,242,46.6,5.4,7.6,5.6,Low
2026-07-29T05:00:00,R0050,143,24.6,5.6,12.0,1.7,Low
2026-07-29T06:00:00,R0001,523,36.1,29.7,4.9,0.8,Medium
2026-07-29T06:00:00,R0002,378,30.0,22.4,3.4,5.9,Low
2026-07-29T06:00:00,R0003,1314,29.9,28.0,8.5,6.7,Medium
2026-07-29T06:00:00,R0004,627,46.5,26.8,7.1,12.9,Medium
2026-07-29T06:00:00,R0005,405,42.2,28.5,3.6,11.7,Medium
2026-07-29T06:00:00,R0006,414,25.5,24.8,10.1,7.2,Low
2026-07-29T06:00:00,R0007,482,39.1,29.6,5.2,3.7,Medium
2026-07-29T06:00:00,R0008,265,50.5,25.6,5.0,12.9,Medium
2026-07-29T06:00:00,R0009,569,50.3,21.6,1.4,5.2,Low
2026-07-29T06:00:00,R0010,223,24.2,20.7,6.3,3.5,Low
2026-07-29T06:00:00,R0011,1178,37.3,28.1,2.4,12.4,Medium
2026-07-29T06:00:00,R0012,316,47.7,20.7,2.9,3.6,Low
2026-07-29T06:00:00,R0013,261,45.0,22.8,5.2,2.8,Low
2026-07-29T06:00:00,R0014,662,30.3,25.7,12.2,6.3,Medium
2026-07-29T06:00:00,R0015,278,42.0,24.0,1.9,13.6,Low
2026-07-29T06:00:00,R0016,459,45.9,25.2,3.9,1.6,Medium
2026-07-29T06:00:00,R0017,420,21.1,29.3,6.8,4.5,Medium
2026-07-29T06:00:00,R0018,1256,38.9,23.4,1.9,2.5,Low
2026-07-29T06:00:00,R0019,459,72.2,27.8,0.7,9.5,Medium
2026-07-29T06:00:00,R0020,462,22.7,21.8,13.7,13.6,Low
2026-07-29T06:00:00,R0021,336,33.9,22.4,10.1,8.2,Low
2026-07-29T06:00:00,R0022,269,87.2,21.3,1.8,3.7,Low
2026-07-29T06:00:00,R0023,392,21.7,28.5,16.2,12.8,Medium
2026-07-29T06:00:00,R0024,301,41.0,20.8,7.5,11.5,Low
2026-07-29T06:00:00,R0025,391,48.3,29.1,4.7,12.3,Medium
2026-07-29T06:00:00,R0026,433,29.0,28.7,2.0,4.3,Medium
2026-07-29T06:00:00,R0027,419,23.6,23.3,15.2,5.9,Low
2026-07-29T06:00:00,R0028,408,22.3,25.6,5.7,10.4,Medium
2026-07-29T06:00:00,R0029,731,39.2,22.2,9.3,7.6,Low
2026-07-29T06:00:00,R0030,481,31.8,27.9,10.2,9.7,Medium
2026-07-29T06:00:00,R0031,569,40.8,22.1,7.9,1.3,Low
2026-07-29T06:00:00,R0032,971,39.2,24.1,3.2,0.6,Low
2026-07-29T06:00:00,R0033,326,25.7,23.2,2.0,14.3,Low
2026-07-29T06:00:00,R0034,303,74.0,23.9,1.2,2.7,Low
2026-07-29T06:00:00,R0035,379,33.9,24.3,6.7,2.1,Low
2026-07-29T06:00:00,R0036,663,21.7,27.6,17.4,14.7,Medium
2026-07-29T06:00:00,R0037,746,41.4,24.2,3.5,5.1,Low
2026-07-29T06:00:00,R0038,322,29.6,26.4,2.2,2.2,Medium
2026-07-29T06:00:00,R0039,406,80.5,29.2,1.2,13.3,Medium
2026-07-29T06:00:00,R0040,1273,24.4,26.4,11.4,1.0,Medium
2026-07-29T06:00:00,R0041,357,31.0,23.7,5.6,9.5,Low
2026-07-29T06:00:00,R0042,399,75.3,23.9,1.0,8.9,Low
2026-07-29T06:00:00,R0043,827,30.0,28.1,2.1,2.0,Medium
2026-07-29T06:00:00,R0044,398,23.2,22.5,9.6,4.5,Low
2026-07-29T06:00:00,R0045,347,23.6,26.5,12.1,10.4,Medium
2026-07-29T06:00:00,R0046,523,66.8,24.0,2.5,3.1,Low
2026-07-29T06:00:00,R0047,762,33.0,24.9,4.1,2.7,Low
2026-07-29T06:00:00,R0048,258,25.8,21.6,8.9,5.1,Low
2026-07-29T06:00:00,R0049,1216,43.0,26.9,8.3,10.4,Medium
2026-07-29T06:00:00,R0050,607,22.3,23.6,13.3,9.1,Low
2026-07-29T07:00:00,R0001,922,23.1,52.4,7.6,30.3,Medium
2026-07-29T07:00:00,R0002,854,19.0,50.6,5.3,50.2,Medium
2026-07-29T07:00:00,R0003,2111,21.6,44.9,11.8,11.6,Medium
2026-07-29T07:00:00,R0004,1189,32.3,50.8,10.3,26.8,Medium
2026-07-29T07:00:00,R0005,904,24.2,63.7,6.3,100.1,High
2026-07-29T07:00:00,R0006,925,15.1,55.5,17.0,56.8,High
2026-07-29T07:00:00,R0007,900,22.7,55.3,9.0,38.2,High
2026-07-29T07:00:00,R0008,651,25.0,62.8,10.0,71.1,High
2026-07-29T07:00:00,R0009,1575,26.2,59.7,2.7,95.7,High
2026-07-29T07:00:00,R0010,639,13.7,59.3,11.1,89.6,High
2026-07-29T07:00:00,R0011,1917,25.8,45.8,3.5,19.7,Medium
2026-07-29T07:00:00,R0012,753,32.1,49.2,4.3,43.8,Medium
2026-07-29T07:00:00,R0013,609,28.7,53.1,8.2,64.0,Medium
2026-07-29T07:00:00,R0014,1377,19.5,53.5,19.0,41.2,Medium
2026-07-29T07:00:00,R0015,724,21.7,62.6,3.6,96.9,High
2026-07-29T07:00:00,R0016,1108,25.9,60.7,7.0,68.3,High
2026-07-29T07:00:00,R0017,881,12.8,61.4,11.2,93.8,High
2026-07-29T07:00:00,R0018,3396,21.7,63.3,3.4,98.4,High
2026-07-29T07:00:00,R0019,1001,46.6,60.6,1.1,65.6,High
2026-07-29T07:00:00,R0020,970,15.9,45.8,19.6,23.3,Medium
2026-07-29T07:00:00,R0021,803,20.2,53.6,17.0,41.8,Medium
2026-07-29T07:00:00,R0022,721,44.2,57.2,3.5,73.1,High
2026-07-29T07:00:00,R0023,764,13.6,55.5,25.9,44.6,High
2026-07-29T07:00:00,R0024,862,22.4,59.5,13.8,51.6,High
2026-07-29T07:00:00,R0025,855,26.2,63.7,8.7,115.5,High
2026-07-29T07:00:00,R0026,802,19.5,53.1,3.0,61.5,Medium
2026-07-29T07:00:00,R0027,991,14.8,55.1,24.2,41.6,High
2026-07-29T07:00:00,R0028,852,13.8,53.5,9.1,35.3,Medium
2026-07-29T07:00:00,R0029,1475,25.2,44.8,14.5,23.7,Medium
2026-07-29T07:00:00,R0030,854,21.0,49.6,15.4,43.4,Medium
2026-07-29T07:00:00,R0031,1432,22.4,55.6,14.5,65.3,High
2026-07-29T07:00:00,R0032,2277,24.2,56.6,5.2,71.5,High
2026-07-29T07:00:00,R0033,900,12.8,63.9,3.9,72.3,High
2026-07-29T07:00:00,R0034,730,43.2,57.5,2.1,82.1,High
2026-07-29T07:00:00,R0035,736,20.6,47.1,11.0,31.6,Medium
2026-07-29T07:00:00,R0036,1357,13.8,56.5,27.3,56.4,High
2026-07-29T07:00:00,R0037,1901,21.3,61.6,6.8,99.6,High
2026-07-29T07:00:00,R0038,568,22.2,46.5,2.9,29.5,Medium
2026-07-29T07:00:00,R0039,672,51.5,48.3,1.9,20.7,Medium
2026-07-29T07:00:00,R0040,2832,13.7,58.7,20.3,73.0,High
2026-07-29T07:00:00,R0041,732,19.8,48.6,8.8,18.3,Medium
2026-07-29T07:00:00,R0042,852,50.8,51.1,1.5,50.8,Medium
2026-07-29T07:00:00,R0043,1704,18.2,57.9,3.4,87.0,High
2026-07-29T07:00:00,R0044,1043,14.5,58.9,15.4,67.7,High
2026-07-29T07:00:00,R0045,653,14.3,49.9,19.9,41.4,Medium
2026-07-29T07:00:00,R0046,1029,40.9,47.2,4.0,25.9,Medium
2026-07-29T07:00:00,R0047,1707,19.2,55.9,7.1,39.7,High
2026-07-29T07:00:00,R0048,623,15.1,52.2,15.2,59.9,Medium
2026-07-29T07:00:00,R0049,2669,28.9,59.1,12.3,81.9,High
2026-07-29T07:00:00,R0050,1453,13.4,56.4,22.1,65.6,High
2026-07-29T08:00:00,R0001,1611,14.4,91.5,12.2,184.7,Severe
2026-07-29T08:00:00,R0002,1401,14.1,83.0,7.2,111.5,Severe
2026-07-29T08:00:00,R0003,4604,9.1,98.0,27.9,130.8,Severe
2026-07-29T08:00:00,R0004,2018,20.1,86.3,16.5,153.4,Severe
2026-07-29T08:00:00,R0005,1152,22.2,81.2,6.8,125.3,Severe
2026-07-29T08:00:00,R0006,1701,7.2,100.0,35.8,210.4,Severe
2026-07-29T08:00:00,R0007,1349,18.3,82.9,11.1,90.5,Severe
2026-07-29T08:00:00,R0008,907,18.6,87.5,13.5,226.2,Severe
2026-07-29T08:00:00,R0009,1921,25.9,72.8,2.7,138.5,High
2026-07-29T08:00:00,R0010,946,8.9,87.8,17.1,235.1,Severe
2026-07-29T08:00:00,R0011,3722,15.7,88.9,5.7,132.5,Severe
2026-07-29T08:00:00,R0012,1343,18.8,87.8,7.3,106.3,Severe
2026-07-29T08:00:00,R0013,869,25.7,75.8,9.2,97.4,High
2026-07-29T08:00:00,R0014,2023,15.4,78.6,24.0,166.2,High
2026-07-29T08:00:00,R0015,860,21.1,74.4,3.7,81.1,High
2026-07-29T08:00:00,R0016,1343,23.6,73.6,7.7,151.3,High
2026-07-29T08:00:00,R0017,1092,11.3,76.2,12.7,120.0,High
2026-07-29T08:00:00,R0018,5326,11.1,99.2,6.6,193.3,Severe
2026-07-29T08:00:00,R0019,1218,41.9,73.7,1.2,125.8,High
2026-07-29T08:00:00,R0020,1918,8.6,90.6,36.3,149.1,Severe
2026-07-29T08:00:00,R0021,1136,15.9,75.8,21.6,82.3,High
2026-07-29T08:00:00,R0022,1219,26.8,96.7,5.8,278.4,Severe
2026-07-29T08:00:00,R0023,1375,6.9,99.9,51.0,245.7,Severe
2026-07-29T08:00:00,R0024,1181,18.6,81.5,16.6,139.7,Severe
2026-07-29T08:00:00,R0025,1177,19.8,87.7,11.5,135.7,Severe
2026-07-29T08:00:00,R0026,1245,15.2,82.5,3.9,92.2,Severe
2026-07-29T08:00:00,R0027,1580,10.1,87.8,35.5,183.1,Severe
2026-07-29T08:00:00,R0028,1429,8.7,89.8,14.5,150.9,Severe
2026-07-29T08:00:00,R0029,3274,11.5,99.5,31.8,210.9,Severe
2026-07-29T08:00:00,R0030,1303,15.1,75.6,21.4,174.1,High
2026-07-29T08:00:00,R0031,2173,17.4,84.4,18.6,99.4,Severe
2026-07-29T08:00:00,R0032,3788,14.4,94.1,8.8,201.6,Severe
2026-07-29T08:00:00,R0033,1076,12.2,76.4,4.1,156.5,High
2026-07-29T08:00:00,R0034,1083,35.5,85.3,2.5,178.8,Severe
2026-07-29T08:00:00,R0035,1577,9.2,100.0,24.5,143.6,Severe
2026-07-29T08:00:00,R0036,1976,10.2,82.3,37.0,199.9,Severe
2026-07-29T08:00:00,R0037,2982,12.9,96.6,11.3,164.3,Severe
2026-07-29T08:00:00,R0038,956,16.2,78.2,4.0,130.7,High
2026-07-29T08:00:00,R0039,1107,38.5,79.6,2.5,84.0,High
2026-07-29T08:00:00,R0040,3997,10.6,82.8,26.2,104.6,Severe
2026-07-29T08:00:00,R0041,1560,8.6,100.0,20.2,143.5,Severe
2026-07-29T08:00:00,R0042,1316,39.9,78.9,2.0,127.5,High
2026-07-29T08:00:00,R0043,2662,11.0,90.4,5.6,106.0,Severe
2026-07-29T08:00:00,R0044,1533,10.2,86.6,21.9,217.0,Severe
2026-07-29T08:00:00,R0045,984,12.4,75.2,22.9,166.8,High
2026-07-29T08:00:00,R0046,1848,28.6,84.7,5.7,107.3,Severe
2026-07-29T08:00:00,R0047,3119,9.3,100.0,14.6,289.4,Severe
2026-07-29T08:00:00,R0048,1120,8.0,93.9,28.6,259.5,Severe
2026-07-29T08:00:00,R0049,3669,21.4,81.2,16.6,169.0,Severe
2026-07-29T08:00:00,R0050,2491,8.0,96.7,37.1,148.2,Severe
2026-07-29T09:00:00,R0001,1768,10.5,100.0,16.7,189.7,Severe
2026-07-29T09:00:00,R0002,1439,13.0,85.3,7.8,224.2,Severe
2026-07-29T09:00:00,R0003,4573,10.1,97.3,25.1,282.5,Severe
2026-07-29T09:00:00,R0004,2069,19.5,88.5,17.0,160.2,Severe
2026-07-29T09:00:00,R0005,1487,12.8,100.0,11.9,290.6,Severe
2026-07-29T09:00:00,R0006,1387,10.2,83.2,25.2,184.4,Severe
2026-07-29T09:00:00,R0007,1449,15.6,89.0,13.1,163.4,Severe
2026-07-29T09:00:00,R0008,1043,12.9,100.0,19.4,130.5,Severe
2026-07-29T09:00:00,R0009,2266,19.8,85.9,3.5,114.9,Severe
2026-07-29T09:00:00,R0010,945,9.4,87.7,16.2,103.6,Severe
2026-07-29T09:00:00,R0011,3993,13.8,95.3,6.5,135.8,Severe
2026-07-29T09:00:00,R0012,1466,15.8,95.8,8.7,181.8,Severe
2026-07-29T09:00:00,R0013,1138,13.7,99.2,17.2,208.0,Severe
2026-07-29T09:00:00,R0014,1960,16.6,76.2,22.3,144.2,High
2026-07-29T09:00:00,R0015,892,19.4,77.2,4.0,183.7,High
2026-07-29T09:00:00,R0016,1641,18.1,89.9,10.0,236.0,Severe
2026-07-29T09:00:00,R0017,1431,6.9,99.8,20.9,262.7,Severe
2026-07-29T09:00:00,R0018,5619,11.2,100.0,6.5,205.5,Severe
2026-07-29T09:00:00,R0019,1466,33.2,88.7,1.5,199.3,Severe
2026-07-29T09:00:00,R0020,1667,12.2,78.7,25.6,133.2,High
2026-07-29T09:00:00,R0021,1172,15.7,78.2,21.9,124.2,High
2026-07-29T09:00:00,R0022,1324,21.5,100.0,7.2,268.8,Severe
2026-07-29T09:00:00,R0023,1301,7.4,94.5,47.5,267.9,Severe
2026-07-29T09:00:00,R0024,1347,13.4,93.0,23.0,180.6,Severe
2026-07-29T09:00:00,R0025,1401,13.1,100.0,17.3,154.7,Severe
2026-07-29T09:00:00,R0026,1210,14.5,80.2,4.1,174.5,Severe
2026-07-29T09:00:00,R0027,1648,8.3,91.6,43.2,128.9,Severe
2026-07-29T09:00:00,R0028,1385,10.3,87.0,12.2,142.4,Severe
2026-07-29T09:00:00,R0029,3581,11.2,100.0,32.7,152.2,Severe
2026-07-29T09:00:00,R0030,1819,8.9,100.0,36.3,247.7,Severe
2026-07-29T09:00:00,R0031,2797,10.5,100.0,30.9,137.4,Severe
2026-07-29T09:00:00,R0032,4021,10.9,99.9,11.6,152.9,Severe
2026-07-29T09:00:00,R0033,1087,11.0,77.2,4.6,160.8,High
2026-07-29T09:00:00,R0034,1021,37.0,80.4,2.4,154.2,Severe
2026-07-29T09:00:00,R0035,1408,11.1,90.1,20.3,218.0,Severe
2026-07-29T09:00:00,R0036,1832,12.6,76.3,30.0,169.9,High
2026-07-29T09:00:00,R0037,2789,15.0,90.3,9.7,172.6,Severe
2026-07-29T09:00:00,R0038,1086,13.1,88.9,5.0,228.9,Severe
2026-07-29T09:00:00,R0039,1211,32.7,87.1,3.0,225.2,Severe
2026-07-29T09:00:00,R0040,5209,6.8,100.0,40.9,201.5,Severe
2026-07-29T09:00:00,R0041,1282,14.4,85.2,12.1,109.8,Severe
2026-07-29T09:00:00,R0042,1588,25.2,95.2,3.1,156.6,Severe
2026-07-29T09:00:00,R0043,2633,13.1,89.4,4.7,106.9,Severe
2026-07-29T09:00:00,R0044,1685,7.3,95.1,30.6,135.7,Severe
2026-07-29T09:00:00,R0045,1185,8.9,90.5,32.0,140.2,Severe
2026-07-29T09:00:00,R0046,1886,24.4,86.5,6.7,135.3,Severe
2026-07-29T09:00:00,R0047,3301,9.6,100.0,14.2,180.3,Severe
2026-07-29T09:00:00,R0048,1132,8.4,94.9,27.3,110.8,Severe
2026-07-29T09:00:00,R0049,4650,14.4,100.0,24.7,136.4,Severe
2026-07-29T09:00:00,R0050,2094,11.7,81.3,25.3,149.2,Severe
2026-07-29T10:00:00,R0001,1180,23.4,67.0,7.5,110.1,High
2026-07-29T10:00:00,R0002,1343,16.3,79.6,6.2,113.4,High
2026-07-29T10:00:00,R0003,3499,16.7,74.5,15.2,111.0,High
2026-07-29T10:00:00,R0004,1514,31.5,64.7,10.6,112.6,High
2026-07-29T10:00:00,R0005,1041,25.9,73.4,5.9,89.6,High
2026-07-29T10:00:00,R0006,1244,12.8,74.6,20.1,122.7,High
2026-07-29T10:00:00,R0007,1406,16.6,86.4,12.3,144.4,Severe
2026-07-29T10:00:00,R0008,836,21.1,80.6,11.9,128.0,Severe
2026-07-29T10:00:00,R0009,1831,27.0,69.4,2.6,127.8,High
2026-07-29T10:00:00,R0010,787,13.4,73.0,11.4,123.1,High
2026-07-29T10:00:00,R0011,2902,23.8,69.3,3.8,79.5,High
2026-07-29T10:00:00,R0012,1012,28.8,66.1,4.8,72.6,High
2026-07-29T10:00:00,R0013,694,32.0,60.5,7.4,72.4,High
2026-07-29T10:00:00,R0014,1853,18.7,72.0,19.8,118.8,High
2026-07-29T10:00:00,R0015,960,16.6,83.0,4.7,159.4,Severe
2026-07-29T10:00:00,R0016,1517,21.4,83.1,8.5,179.0,Severe
2026-07-29T10:00:00,R0017,1005,12.6,70.1,11.4,101.5,High
2026-07-29T10:00:00,R0018,3794,23.5,70.7,3.1,83.9,High
2026-07-29T10:00:00,R0019,1417,35.5,85.8,1.4,125.6,Severe
2026-07-29T10:00:00,R0020,1471,14.4,69.5,21.7,144.5,High
2026-07-29T10:00:00,R0021,1078,16.9,72.0,20.3,114.5,High
2026-07-29T10:00:00,R0022,988,37.4,78.4,4.1,161.6,High
2026-07-29T10:00:00,R0023,848,14.3,61.6,24.6,68.2,High
2026-07-29T10:00:00,R0024,1008,22.0,69.6,14.0,102.8,High
2026-07-29T10:00:00,R0025,922,26.3,68.7,8.6,84.0,High
2026-07-29T10:00:00,R0026,1297,13.0,86.0,4.5,153.4,Severe
2026-07-29T10:00:00,R0027,1358,13.2,75.5,27.1,96.7,High
2026-07-29T10:00:00,R0028,1245,12.0,78.2,10.5,146.0,High
2026-07-29T10:00:00,R0029,2061,26.0,62.6,14.1,49.5,High
2026-07-29T10:00:00,R0030,1309,16.8,76.0,19.2,94.8,High
2026-07-29T10:00:00,R0031,2123,16.6,82.4,19.5,192.1,Severe
2026-07-29T10:00:00,R0032,2915,20.7,72.4,6.1,77.8,High
2026-07-29T10:00:00,R0033,1202,9.4,85.4,5.4,117.9,Severe
2026-07-29T10:00:00,R0034,882,46.3,69.4,1.9,106.9,High
2026-07-29T10:00:00,R0035,993,19.3,63.6,11.7,64.1,High
2026-07-29T10:00:00,R0036,1583,14.2,65.9,26.6,106.5,High
2026-07-29T10:00:00,R0037,2038,23.5,66.0,6.2,82.5,High
2026-07-29T10:00:00,R0038,1051,14.1,86.0,4.6,202.4,Severe
2026-07-29T10:00:00,R0039,927,44.4,66.6,2.2,78.5,High
2026-07-29T10:00:00,R0040,3249,14.1,67.3,19.7,118.3,High
2026-07-29T10:00:00,R0041,1247,14.9,82.9,11.7,132.1,Severe
2026-07-29T10:00:00,R0042,1307,37.6,78.4,2.1,83.8,High
2026-07-29T10:00:00,R0043,2320,14.2,78.8,4.4,125.2,High
2026-07-29T10:00:00,R0044,1221,14.2,68.9,15.7,124.2,High
2026-07-29T10:00:00,R0045,894,14.5,68.3,19.6,81.6,High
2026-07-29T10:00:00,R0046,1571,36.0,72.0,4.6,130.5,High
2026-07-29T10:00:00,R0047,2637,12.6,86.3,10.8,184.6,Severe
2026-07-29T10:00:00,R0048,911,12.8,76.4,17.9,89.9,High
2026-07-29T10:00:00,R0049,3620,22.7,80.1,15.7,113.2,Severe
2026-07-29T10:00:00,R0050,1875,12.5,72.8,23.7,122.6,High
2026-07-29T11:00:00,R0001,1270,18.8,72.2,9.4,114.5,High
2026-07-29T11:00:00,R0002,996,17.4,59.0,5.8,66.0,High
2026-07-29T11:00:00,R0003,3083,15.6,65.6,16.3,89.9,High
2026-07-29T11:00:00,R0004,1542,23.6,65.9,14.1,87.9,High
2026-07-29T11:00:00,R0005,867,28.1,61.1,5.4,97.1,High
2026-07-29T11:00:00,R0006,1261,9.8,75.6,26.3,154.1,High
2026-07-29T11:00:00,R0007,1273,17.2,78.2,11.9,89.5,High
2026-07-29T11:00:00,R0008,767,22.5,74.0,11.1,126.9,High
2026-07-29T11:00:00,R0009,1955,21.2,74.1,3.3,122.3,High
2026-07-29T11:00:00,R0010,632,13.9,58.6,11.0,41.7,High
2026-07-29T11:00:00,R0011,2880,18.9,68.8,4.8,104.7,High
2026-07-29T11:00:00,R0012,935,27.1,61.1,5.0,92.5,High
2026-07-29T11:00:00,R0013,710,24.5,61.9,9.6,53.4,High
2026-07-29T11:00:00,R0014,2057,12.8,79.9,28.9,135.7,High
2026-07-29T11:00:00,R0015,699,22.7,60.5,3.4,94.4,High
2026-07-29T11:00:00,R0016,1436,20.0,78.7,9.1,86.1,High
2026-07-29T11:00:00,R0017,869,12.4,60.6,11.6,57.1,High
2026-07-29T11:00:00,R0018,3285,21.1,61.2,3.5,66.9,High
2026-07-29T11:00:00,R0019,1348,31.4,81.6,1.6,187.4,Severe
2026-07-29T11:00:00,R0020,1604,9.8,75.7,31.8,150.2,High
2026-07-29T11:00:00,R0021,969,17.0,64.7,20.2,74.7,High
2026-07-29T11:00:00,R0022,1045,28.9,82.9,5.3,121.7,Severe
2026-07-29T11:00:00,R0023,1119,8.6,81.3,40.9,168.9,Severe
2026-07-29T11:00:00,R0024,1102,18.1,76.1,17.0,177.7,High
2026-07-29T11:00:00,R0025,1106,17.0,82.4,13.3,189.3,Severe
2026-07-29T11:00:00,R0026,1118,14.6,74.1,4.0,81.3,High
2026-07-29T11:00:00,R0027,1335,11.5,74.2,31.1,162.0,High
2026-07-29T11:00:00,R0028,1096,10.9,68.8,11.6,88.9,High
2026-07-29T11:00:00,R0029,2589,16.9,78.6,21.7,130.4,High
2026-07-29T11:00:00,R0030,1019,17.9,59.1,18.0,65.1,High
2026-07-29T11:00:00,R0031,2092,15.9,81.2,20.4,120.9,Severe
2026-07-29T11:00:00,R0032,2860,17.5,71.1,7.2,152.9,High
2026-07-29T11:00:00,R0033,941,12.0,66.8,4.2,82.2,High
2026-07-29T11:00:00,R0034,952,35.9,75.0,2.5,145.1,High
2026-07-29T11:00:00,R0035,1008,16.2,64.5,13.9,58.2,High
2026-07-29T11:00:00,R0036,1785,9.9,74.3,38.1,130.1,High
2026-07-29T11:00:00,R0037,2463,17.0,79.8,8.5,133.2,High
2026-07-29T11:00:00,R0038,847,14.5,69.3,4.5,117.6,High
2026-07-29T11:00:00,R0039,1092,31.5,78.5,3.1,125.7,High
2026-07-29T11:00:00,R0040,3812,10.3,79.0,27.0,106.5,High
2026-07-29T11:00:00,R0041,1079,14.2,71.7,12.3,73.1,High
2026-07-29T11:00:00,R0042,1347,32.9,80.8,2.4,174.6,Severe
2026-07-29T11:00:00,R0043,1737,19.1,59.0,3.2,63.0,High
2026-07-29T11:00:00,R0044,1176,12.3,66.4,18.1,60.0,High
2026-07-29T11:00:00,R0045,1006,10.3,76.9,27.6,94.5,High
2026-07-29T11:00:00,R0046,1363,32.8,62.5,5.0,48.8,High
2026-07-29T11:00:00,R0047,2219,15.4,72.6,8.8,66.9,High
2026-07-29T11:00:00,R0048,704,13.7,59.0,16.7,84.7,High
2026-07-29T11:00:00,R0049,2984,23.9,66.0,14.9,98.5,High
2026-07-29T11:00:00,R0050,1666,11.6,64.7,25.6,103.9,High
2026-07-29T12:00:00,R0001,717,34.7,40.7,5.1,2.8,Medium
2026-07-29T12:00:00,R0002,597,27.7,35.4,3.7,1.9,Medium
2026-07-29T12:00:00,R0003,1614,29.5,34.3,8.6,12.9,Medium
2026-07-29T12:00:00,R0004,1080,38.5,46.2,8.6,15.8,Medium
2026-07-29T12:00:00,R0005,482,45.3,34.0,3.4,8.7,Medium
2026-07-29T12:00:00,R0006,688,20.8,41.3,12.4,5.3,Medium
2026-07-29T12:00:00,R0007,722,29.9,44.3,6.8,18.2,Medium
2026-07-29T12:00:00,R0008,462,37.2,44.6,6.7,18.0,Medium
2026-07-29T12:00:00,R0009,975,44.8,37.0,1.6,0.5,Medium
2026-07-29T12:00:00,R0010,439,19.1,40.7,8.0,2.9,Medium
2026-07-29T12:00:00,R0011,1466,34.2,35.0,2.6,7.4,Medium
2026-07-29T12:00:00,R0012,696,36.3,45.5,3.8,13.4,Medium
2026-07-29T12:00:00,R0013,496,39.1,43.2,6.0,15.2,Medium
2026-07-29T12:00:00,R0014,890,29.3,34.6,12.6,3.5,Medium
2026-07-29T12:00:00,R0015,401,36.7,34.7,2.1,8.9,Medium
2026-07-29T12:00:00,R0016,789,37.9,43.2,4.8,10.7,Medium
2026-07-29T12:00:00,R0017,548,22.2,38.2,6.5,4.4,Medium
2026-07-29T12:00:00,R0018,1970,34.2,36.7,2.1,8.5,Medium
2026-07-29T12:00:00,R0019,596,74.9,36.1,0.7,4.0,Medium
2026-07-29T12:00:00,R0020,958,17.9,45.2,17.4,20.6,Medium
2026-07-29T12:00:00,R0021,680,24.1,45.4,14.2,26.5,Medium
2026-07-29T12:00:00,R0022,490,73.0,38.9,2.1,10.2,Medium
2026-07-29T12:00:00,R0023,506,20.0,36.7,17.6,4.6,Medium
2026-07-29T12:00:00,R0024,490,34.1,33.8,9.0,1.6,Medium
2026-07-29T12:00:00,R0025,517,43.0,38.5,5.3,2.1,Medium
2026-07-29T12:00:00,R0026,518,29.3,34.3,2.0,3.0,Medium
2026-07-29T12:00:00,R0027,609,20.5,33.9,17.5,13.9,Medium
2026-07-29T12:00:00,R0028,703,18.9,44.2,6.7,16.7,Medium
2026-07-29T12:00:00,R0029,1321,34.6,40.1,10.6,0.4,Medium
2026-07-29T12:00:00,R0030,714,25.6,41.4,12.6,3.0,Medium
2026-07-29T12:00:00,R0031,1004,36.2,39.0,9.0,8.5,Medium
2026-07-29T12:00:00,R0032,1785,34.6,44.3,3.6,10.7,Medium
2026-07-29T12:00:00,R0033,596,20.3,42.3,2.5,11.4,Medium
2026-07-29T12:00:00,R0034,590,64.4,46.5,1.4,17.8,Medium
2026-07-29T12:00:00,R0035,685,24.3,43.9,9.3,16.9,Medium
2026-07-29T12:00:00,R0036,1091,18.7,45.4,20.2,21.0,Medium
2026-07-29T12:00:00,R0037,1192,33.9,38.6,4.3,4.7,Medium
2026-07-29T12:00:00,R0038,529,27.8,43.3,2.4,15.9,Medium
2026-07-29T12:00:00,R0039,486,75.4,34.9,1.3,11.1,Medium
2026-07-29T12:00:00,R0040,1743,19.7,36.1,14.1,4.0,Medium
2026-07-29T12:00:00,R0041,684,25.9,45.4,6.7,22.5,Medium
2026-07-29T12:00:00,R0042,603,72.7,36.2,1.1,0.4,Medium
2026-07-29T12:00:00,R0043,1114,28.2,37.8,2.2,2.2,Medium
2026-07-29T12:00:00,R0044,783,18.5,44.2,12.1,16.6,Medium
2026-07-29T12:00:00,R0045,501,20.9,38.3,13.6,1.6,Medium
2026-07-29T12:00:00,R0046,714,62.1,32.7,2.6,4.0,Medium
2026-07-29T12:00:00,R0047,1349,27.7,44.2,4.9,11.1,Medium
2026-07-29T12:00:00,R0048,432,21.6,36.2,10.6,14.5,Medium
2026-07-29T12:00:00,R0049,2057,38.0,45.5,9.4,24.1,Medium
2026-07-29T12:00:00,R0050,887,23.1,34.4,12.8,14.5,Medium
2026-07-29T13:00:00,R0001,463,36.5,26.3,4.8,4.1,Medium
2026-07-29T13:00:00,R0002,532,29.0,31.5,3.5,1.3,Medium
2026-07-29T13:00:00,R0003,1257,33.3,26.8,7.6,9.4,Medium
2026-07-29T13:00:00,R0004,643,43.8,27.5,7.6,14.8,Medium
2026-07-29T13:00:00,R0005,448,42.8,31.6,3.5,1.1,Medium
2026-07-29T13:00:00,R0006,397,22.5,23.8,11.4,8.7,Low
2026-07-29T13:00:00,R0007,532,36.5,32.7,5.6,12.6,Medium
2026-07-29T13:00:00,R0008,288,47.5,27.8,5.3,11.0,Medium
2026-07-29T13:00:00,R0009,660,46.2,25.0,1.5,9.6,Medium
2026-07-29T13:00:00,R0010,258,23.4,23.9,6.5,8.0,Low
2026-07-29T13:00:00,R0011,1399,36.1,33.4,2.5,12.2,Medium
2026-07-29T13:00:00,R0012,423,48.2,27.6,2.8,8.9,Medium
2026-07-29T13:00:00,R0013,370,43.4,32.3,5.4,9.1,Medium
2026-07-29T13:00:00,R0014,763,29.7,29.7,12.4,2.2,Medium
2026-07-29T13:00:00,R0015,280,36.7,24.2,2.1,13.1,Low
2026-07-29T13:00:00,R0016,468,44.9,25.6,4.0,11.0,Medium
2026-07-29T13:00:00,R0017,380,23.3,26.5,6.2,2.4,Medium
2026-07-29T13:00:00,R0018,1773,38.3,33.0,1.9,13.0,Medium
2026-07-29T13:00:00,R0019,452,80.1,27.4,0.6,2.2,Medium
2026-07-29T13:00:00,R0020,494,22.2,23.3,14.1,8.8,Low
2026-07-29T13:00:00,R0021,418,30.7,27.9,11.2,0.1,Medium
2026-07-29T13:00:00,R0022,347,79.5,27.5,1.9,6.6,Medium
2026-07-29T13:00:00,R0023,423,21.4,30.7,16.4,12.2,Medium
2026-07-29T13:00:00,R0024,424,36.1,29.3,8.5,3.6,Medium
2026-07-29T13:00:00,R0025,398,47.4,29.7,4.8,6.2,Medium
2026-07-29T13:00:00,R0026,390,33.0,25.8,1.8,10.0,Medium
2026-07-29T13:00:00,R0027,500,23.0,27.8,15.6,3.1,Medium
2026-07-29T13:00:00,R0028,472,22.1,29.6,5.7,14.9,Medium
2026-07-29T13:00:00,R0029,927,38.1,28.2,9.6,8.5,Medium
2026-07-29T13:00:00,R0030,561,30.6,32.6,10.5,6.8,Medium
2026-07-29T13:00:00,R0031,787,37.8,30.6,8.6,7.4,Medium
2026-07-29T13:00:00,R0032,1015,39.1,25.2,3.2,3.7,Medium
2026-07-29T13:00:00,R0033,458,21.4,32.5,2.4,14.3,Medium
2026-07-29T13:00:00,R0034,364,77.5,28.7,1.1,8.1,Medium
2026-07-29T13:00:00,R0035,384,31.0,24.6,7.3,1.5,Low
2026-07-29T13:00:00,R0036,711,22.4,29.6,16.8,11.7,Medium
2026-07-29T13:00:00,R0037,788,37.2,25.5,3.9,6.1,Medium
2026-07-29T13:00:00,R0038,399,30.1,32.7,2.2,6.3,Medium
2026-07-29T13:00:00,R0039,397,71.3,28.5,1.4,14.8,Medium
2026-07-29T13:00:00,R0040,1451,21.7,30.1,12.8,8.8,Medium
2026-07-29T13:00:00,R0041,367,34.0,24.4,5.1,2.6,Low
2026-07-29T13:00:00,R0042,498,72.1,29.9,1.1,10.8,Medium
2026-07-29T13:00:00,R0043,918,30.4,31.2,2.0,9.2,Medium
2026-07-29T13:00:00,R0044,573,20.5,32.4,10.9,5.0,Medium
2026-07-29T13:00:00,R0045,337,25.2,25.7,11.3,5.8,Medium
2026-07-29T13:00:00,R0046,670,61.3,30.7,2.7,3.2,Medium
2026-07-29T13:00:00,R0047,785,30.2,25.7,4.5,6.2,Medium
2026-07-29T13:00:00,R0048,306,21.8,25.6,10.5,13.2,Medium
2026-07-29T13:00:00,R0049,1496,42.5,33.1,8.4,5.1,Medium
2026-07-29T13:00:00,R0050,601,24.7,23.3,12.0,12.4,Low
2026-07-29T14:00:00,R0001,431,41.3,24.5,4.3,9.2,Low
2026-07-29T14:00:00,R0002,394,32.6,23.4,3.1,4.6,Low
2026-07-29T14:00:00,R0003,1251,32.3,26.6,7.9,12.2,Medium
2026-07-29T14:00:00,R0004,630,49.6,26.9,6.7,6.1,Medium
2026-07-29T14:00:00,R0005,435,44.6,30.7,3.4,13.5,Medium
2026-07-29T14:00:00,R0006,534,20.7,32.0,12.4,14.0,Medium
2026-07-29T14:00:00,R0007,508,38.7,31.2,5.3,3.0,Medium
2026-07-29T14:00:00,R0008,321,46.9,31.0,5.3,4.3,Medium
2026-07-29T14:00:00,R0009,856,40.9,32.4,1.7,2.2,Medium
2026-07-29T14:00:00,R0010,305,23.1,28.3,6.6,9.7,Medium
2026-07-29T14:00:00,R0011,967,42.9,23.1,2.1,0.7,Low
2026-07-29T14:00:00,R0012,372,44.0,24.3,3.1,8.5,Low
2026-07-29T14:00:00,R0013,370,45.1,32.3,5.2,12.3,Medium
2026-07-29T14:00:00,R0014,593,32.3,23.0,11.4,6.9,Low
2026-07-29T14:00:00,R0015,322,35.8,27.9,2.2,10.3,Medium
2026-07-29T14:00:00,R0016,510,47.8,27.9,3.8,7.3,Medium
2026-07-29T14:00:00,R0017,350,24.3,24.4,5.9,2.6,Low
2026-07-29T14:00:00,R0018,1700,37.5,31.7,2.0,2.4,Medium
2026-07-29T14:00:00,R0019,538,73.3,32.6,0.7,1.1,Medium
2026-07-29T14:00:00,R0020,618,21.8,29.2,14.3,12.1,Medium
2026-07-29T14:00:00,R0021,466,31.9,31.1,10.8,7.5,Medium
2026-07-29T14:00:00,R0022,346,79.9,27.5,1.9,2.0,Medium
2026-07-29T14:00:00,R0023,391,23.0,28.4,15.3,1.3,Medium
2026-07-29T14:00:00,R0024,393,40.7,27.1,7.6,12.8,Medium
2026-07-29T14:00:00,R0025,321,44.7,23.9,5.1,3.9,Low
2026-07-29T14:00:00,R0026,478,27.8,31.7,2.1,10.8,Medium
2026-07-29T14:00:00,R0027,430,24.3,23.9,14.7,5.3,Low
2026-07-29T14:00:00,R0028,491,21.4,30.8,5.9,9.6,Medium
2026-07-29T14:00:00,R0029,832,40.6,25.3,9.0,13.1,Medium
2026-07-29T14:00:00,R0030,417,33.5,24.2,9.6,8.9,Low
2026-07-29T14:00:00,R0031,623,39.2,24.2,8.3,2.4,Low
2026-07-29T14:00:00,R0032,1205,39.0,29.9,3.2,1.6,Medium
2026-07-29T14:00:00,R0033,394,24.1,28.0,2.1,14.0,Medium
2026-07-29T14:00:00,R0034,356,81.8,28.0,1.1,8.0,Medium
2026-07-29T14:00:00,R0035,419,32.6,26.8,6.9,7.4,Medium
2026-07-29T14:00:00,R0036,664,23.0,27.6,16.4,12.7,Medium
2026-07-29T14:00:00,R0037,965,36.5,31.2,4.0,5.0,Medium
2026-07-29T14:00:00,R0038,340,31.0,27.8,2.1,3.6,Medium
2026-07-29T14:00:00,R0039,429,74.2,30.8,1.3,5.0,Medium
2026-07-29T14:00:00,R0040,1158,22.9,24.0,12.1,14.2,Low
2026-07-29T14:00:00,R0041,391,29.6,26.0,5.9,6.9,Medium
2026-07-29T14:00:00,R0042,433,72.4,26.0,1.1,4.8,Medium
2026-07-29T14:00:00,R0043,836,30.7,28.4,2.0,5.3,Medium
2026-07-29T14:00:00,R0044,485,24.7,27.4,9.0,5.7,Medium
2026-07-29T14:00:00,R0045,334,22.6,25.5,12.6,6.9,Medium
2026-07-29T14:00:00,R0046,666,57.0,30.5,2.9,10.6,Medium
2026-07-29T14:00:00,R0047,707,31.7,23.1,4.3,11.6,Low
2026-07-29T14:00:00,R0048,314,23.6,26.3,9.7,3.1,Medium
2026-07-29T14:00:00,R0049,1372,41.7,30.4,8.5,12.8,Medium
2026-07-29T14:00:00,R0050,641,25.0,24.9,11.9,5.3,Low
2026-07-29T15:00:00,R0001,691,36.1,39.3,4.9,1.9,Medium
2026-07-29T15:00:00,R0002,626,27.8,37.1,3.6,1.2,Medium
2026-07-29T15:00:00,R0003,1757,29.7,37.4,8.5,14.6,Medium
2026-07-29T15:00:00,R0004,938,43.1,40.1,7.7,0.4,Medium
2026-07-29T15:00:00,R0005,546,42.5,38.5,3.6,9.9,Medium
2026-07-29T15:00:00,R0006,822,17.5,49.3,14.7,37.4,Medium
2026-07-29T15:00:00,R0007,573,33.4,35.2,6.1,0.1,Medium
2026-07-29T15:00:00,R0008,513,37.9,49.5,6.6,41.4,Medium
2026-07-29T15:00:00,R0009,1111,38.3,42.1,1.8,5.2,Medium
2026-07-29T15:00:00,R0010,417,20.2,38.7,7.5,11.3,Medium
2026-07-29T15:00:00,R0011,1783,30.6,42.6,2.9,5.3,Medium
2026-07-29T15:00:00,R0012,550,41.8,35.9,3.3,14.0,Medium
2026-07-29T15:00:00,R0013,505,40.5,44.0,5.8,13.6,Medium
2026-07-29T15:00:00,R0014,1026,25.4,39.9,14.6,13.1,Medium
2026-07-29T15:00:00,R0015,534,29.8,46.2,2.6,21.9,Medium
2026-07-29T15:00:00,R0016,762,40.5,41.8,4.5,8.7,Medium
2026-07-29T15:00:00,R0017,619,19.7,43.2,7.3,6.9,Medium
2026-07-29T15:00:00,R0018,1900,33.8,35.4,2.2,0.5,Medium
2026-07-29T15:00:00,R0019,754,65.5,45.6,0.8,13.5,Medium
2026-07-29T15:00:00,R0020,996,17.7,47.0,17.6,20.3,Medium
2026-07-29T15:00:00,R0021,572,27.0,38.2,12.7,3.8,Medium
2026-07-29T15:00:00,R0022,526,65.3,41.7,2.4,8.4,Medium
2026-07-29T15:00:00,R0023,486,20.1,35.3,17.5,0.8,Medium
2026-07-29T15:00:00,R0024,635,30.1,43.8,10.2,17.1,Medium
2026-07-29T15:00:00,R0025,565,39.7,42.1,5.7,7.7,Medium
2026-07-29T15:00:00,R0026,558,26.6,37.0,2.2,4.8,Medium
2026-07-29T15:00:00,R0027,780,18.6,43.4,19.3,8.0,Medium
2026-07-29T15:00:00,R0028,781,16.9,49.1,7.5,40.1,Medium
2026-07-29T15:00:00,R0029,1525,30.4,46.3,12.0,15.2,Medium
2026-07-29T15:00:00,R0030,631,28.9,36.6,11.2,9.6,Medium
2026-07-29T15:00:00,R0031,1190,33.5,46.2,9.7,25.3,Medium
2026-07-29T15:00:00,R0032,1481,33.6,36.8,3.8,12.6,Medium
2026-07-29T15:00:00,R0033,529,19.4,37.6,2.6,10.5,Medium
2026-07-29T15:00:00,R0034,514,71.5,40.5,1.2,2.0,Medium
2026-07-29T15:00:00,R0035,559,30.2,35.8,7.5,3.9,Medium
2026-07-29T15:00:00,R0036,949,20.1,39.5,18.8,0.8,Medium
2026-07-29T15:00:00,R0037,1295,31.1,41.9,4.7,6.1,Medium
2026-07-29T15:00:00,R0038,485,28.2,39.7,2.3,12.0,Medium
2026-07-29T15:00:00,R0039,511,68.5,36.7,1.4,5.6,Medium
2026-07-29T15:00:00,R0040,1773,22.0,36.7,12.6,10.6,Medium
2026-07-29T15:00:00,R0041,561,27.2,37.3,6.4,1.6,Medium
2026-07-29T15:00:00,R0042,732,60.8,43.9,1.3,19.3,Medium
2026-07-29T15:00:00,R0043,1361,24.7,46.2,2.5,23.2,Medium
2026-07-29T15:00:00,R0044,853,18.6,48.2,12.0,20.7,Medium
2026-07-29T15:00:00,R0045,525,21.3,40.1,13.4,0.4,Medium
2026-07-29T15:00:00,R0046,965,54.4,44.2,3.0,19.7,Medium
2026-07-29T15:00:00,R0047,1476,23.0,48.3,5.9,30.1,Medium
2026-07-29T15:00:00,R0048,544,19.7,45.6,11.6,21.4,Medium
2026-07-29T15:00:00,R0049,1670,43.8,37.0,8.1,10.8,Medium
2026-07-29T15:00:00,R0050,920,21.1,35.7,14.0,2.6,Medium
2026-07-29T16:00:00,R0001,474,38.1,26.9,4.6,8.2,Medium
2026-07-29T16:00:00,R0002,573,29.5,34.0,3.4,12.5,Medium
2026-07-29T16:00:00,R0003,1375,28.4,29.3,8.9,12.8,Medium
2026-07-29T16:00:00,R0004,668,49.0,28.6,6.8,12.6,Medium
2026-07-29T16:00:00,R0005,462,47.1,32.6,3.2,1.5,Medium
2026-07-29T16:00:00,R0006,505,22.9,30.3,11.2,5.3,Medium
2026-07-29T16:00:00,R0007,612,32.3,37.6,6.3,8.2,Medium
2026-07-29T16:00:00,R0008,349,44.4,33.7,5.6,3.8,Medium
2026-07-29T16:00:00,R0009,818,46.9,31.0,1.5,2.9,Medium
2026-07-29T16:00:00,R0010,392,21.3,36.4,7.2,11.4,Medium
2026-07-29T16:00:00,R0011,1470,34.0,35.1,2.6,8.5,Medium
2026-07-29T16:00:00,R0012,564,41.5,36.9,3.3,14.5,Medium
2026-07-29T16:00:00,R0013,367,41.7,32.0,5.6,5.8,Medium
2026-07-29T16:00:00,R0014,974,26.9,37.9,13.7,13.0,Medium
2026-07-29T16:00:00,R0015,428,34.1,37.0,2.3,1.2,Medium
2026-07-29T16:00:00,R0016,642,41.4,35.2,4.4,11.7,Medium
2026-07-29T16:00:00,R0017,457,22.0,31.9,6.5,11.7,Medium
2026-07-29T16:00:00,R0018,1676,36.7,31.2,2.0,5.6,Medium
2026-07-29T16:00:00,R0019,512,74.5,31.0,0.7,12.1,Medium
2026-07-29T16:00:00,R0020,656,22.4,31.0,13.9,10.1,Medium
2026-07-29T16:00:00,R0021,447,29.0,29.8,11.8,14.0,Medium
2026-07-29T16:00:00,R0022,443,71.9,35.2,2.1,9.7,Medium
2026-07-29T16:00:00,R0023,373,23.6,27.1,14.9,7.6,Medium
2026-07-29T16:00:00,R0024,480,35.6,33.1,8.7,1.2,Medium
2026-07-29T16:00:00,R0025,389,48.6,29.0,4.7,6.1,Medium
2026-07-29T16:00:00,R0026,486,27.3,32.2,2.2,0.6,Medium
2026-07-29T16:00:00,R0027,632,21.5,35.1,16.7,7.6,Medium
2026-07-29T16:00:00,R0028,471,23.4,29.6,5.4,2.5,Medium
2026-07-29T16:00:00,R0029,953,37.7,28.9,9.7,4.3,Medium
2026-07-29T16:00:00,R0030,510,30.8,29.6,10.5,9.8,Medium
2026-07-29T16:00:00,R0031,937,34.7,36.4,9.3,1.1,Medium
2026-07-29T16:00:00,R0032,1205,40.3,29.9,3.1,8.9,Medium
2026-07-29T16:00:00,R0033,493,19.8,35.0,2.5,7.8,Medium
2026-07-29T16:00:00,R0034,345,77.9,27.2,1.1,13.8,Medium
2026-07-29T16:00:00,R0035,594,27.8,38.0,8.1,6.9,Medium
2026-07-29T16:00:00,R0036,908,21.3,37.8,17.7,1.0,Medium
2026-07-29T16:00:00,R0037,994,35.2,32.2,4.1,7.0,Medium
2026-07-29T16:00:00,R0038,392,29.7,32.1,2.2,5.4,Medium
2026-07-29T16:00:00,R0039,398,76.1,28.6,1.3,12.5,Medium
2026-07-29T16:00:00,R0040,1666,21.0,34.5,13.2,14.0,Medium
2026-07-29T16:00:00,R0041,563,26.5,37.4,6.6,0.6,Medium
2026-07-29T16:00:00,R0042,590,74.5,35.4,1.1,14.5,Medium
2026-07-29T16:00:00,R0043,1094,28.3,37.1,2.2,8.0,Medium
2026-07-29T16:00:00,R0044,479,22.3,27.0,10.0,6.9,Medium
2026-07-29T16:00:00,R0045,446,21.8,34.1,13.0,11.1,Medium
2026-07-29T16:00:00,R0046,654,60.6,30.0,2.7,1.3,Medium
2026-07-29T16:00:00,R0047,965,30.7,31.6,4.4,10.4,Medium
2026-07-29T16:00:00,R0048,457,19.9,38.3,11.5,7.5,Medium
2026-07-29T16:00:00,R0049,1383,44.3,30.6,8.0,12.9,Medium
2026-07-29T16:00:00,R0050,895,22.7,34.7,13.1,3.1,Medium
2026-07-29T17:00:00,R0001,1037,28.3,58.9,6.2,56.5,High
2026-07-29T17:00:00,R0002,1102,19.4,65.3,5.2,122.0,High
2026-07-29T17:00:00,R0003,2756,20.9,58.7,12.1,85.5,High
2026-07-29T17:00:00,R0004,1577,26.9,67.4,12.4,89.7,High
2026-07-29T17:00:00,R0005,953,30.1,67.2,5.0,116.6,High
2026-07-29T17:00:00,R0006,1169,14.5,70.1,17.8,102.2,High
2026-07-29T17:00:00,R0007,959,25.7,58.9,7.9,62.5,High
2026-07-29T17:00:00,R0008,636,33.0,61.3,7.6,91.6,High
2026-07-29T17:00:00,R0009,1693,30.0,64.2,2.3,100.8,High
2026-07-29T17:00:00,R0010,874,11.6,81.1,13.1,145.7,Severe
2026-07-29T17:00:00,R0011,3222,20.1,76.9,4.5,135.0,High
2026-07-29T17:00:00,R0012,923,29.6,60.3,4.6,72.8,High
2026-07-29T17:00:00,R0013,736,27.4,64.2,8.6,100.9,High
2026-07-29T17:00:00,R0014,1499,21.8,58.3,17.0,66.2,High
2026-07-29T17:00:00,R0015,945,18.1,81.7,4.3,91.4,Severe
2026-07-29T17:00:00,R0016,1301,27.8,71.3,6.5,156.2,High
2026-07-29T17:00:00,R0017,979,13.5,68.3,10.7,133.6,High
2026-07-29T17:00:00,R0018,3342,25.8,62.3,2.8,71.7,High
2026-07-29T17:00:00,R0019,966,52.4,58.5,1.0,51.7,High
2026-07-29T17:00:00,R0020,1582,13.3,74.7,23.5,97.3,High
2026-07-29T17:00:00,R0021,1166,14.6,77.8,23.5,136.6,High
2026-07-29T17:00:00,R0022,746,56.6,59.2,2.7,82.5,High
2026-07-29T17:00:00,R0023,1019,13.2,74.0,26.6,134.0,High
2026-07-29T17:00:00,R0024,1185,18.7,81.8,16.5,199.6,Severe
2026-07-29T17:00:00,R0025,945,25.2,70.4,9.0,109.0,High
2026-07-29T17:00:00,R0026,915,21.1,60.6,2.8,71.0,High
2026-07-29T17:00:00,R0027,1315,11.8,73.1,30.4,85.5,High
2026-07-29T17:00:00,R0028,1111,14.5,69.8,8.7,93.9,High
2026-07-29T17:00:00,R0029,2243,24.0,68.1,15.2,107.1,High
2026-07-29T17:00:00,R0030,1119,19.3,64.9,16.7,66.1,High
2026-07-29T17:00:00,R0031,2105,17.1,81.7,18.9,129.9,Severe
2026-07-29T17:00:00,R0032,2339,25.8,58.1,4.9,78.6,High
2026-07-29T17:00:00,R0033,880,14.2,62.5,3.5,77.0,High
2026-07-29T17:00:00,R0034,733,50.8,57.7,1.7,78.3,High
2026-07-29T17:00:00,R0035,1200,17.0,76.8,13.3,167.9,High
2026-07-29T17:00:00,R0036,1792,11.6,74.6,32.5,150.5,High
2026-07-29T17:00:00,R0037,2431,20.1,78.7,7.2,136.4,High
2026-07-29T17:00:00,R0038,773,21.1,63.3,3.1,97.4,High
2026-07-29T17:00:00,R0039,1142,34.0,82.1,2.9,112.7,Severe
2026-07-29T17:00:00,R0040,3030,15.8,62.8,17.6,58.4,High
2026-07-29T17:00:00,R0041,890,22.9,59.1,7.6,39.6,High
2026-07-29T17:00:00,R0042,1308,37.9,78.4,2.1,173.8,High
2026-07-29T17:00:00,R0043,2103,18.7,71.4,3.3,150.0,High
2026-07-29T17:00:00,R0044,1021,15.2,57.7,14.7,48.7,High
2026-07-29T17:00:00,R0045,972,13.3,74.3,21.4,115.9,High
2026-07-29T17:00:00,R0046,1586,32.7,72.7,5.0,144.4,High
2026-07-29T17:00:00,R0047,2498,13.9,81.8,9.8,145.7,Severe
2026-07-29T17:00:00,R0048,711,16.0,59.6,14.3,68.8,High
2026-07-29T17:00:00,R0049,2761,30.7,61.1,11.6,63.3,High
2026-07-29T17:00:00,R0050,1818,13.5,70.6,22.0,62.0,High
2026-07-29T18:00:00,R0001,1736,11.5,98.6,15.3,126.5,Severe
2026-07-29T18:00:00,R0002,1688,9.6,100.0,10.6,163.2,Severe
2026-07-29T18:00:00,R0003,4034,12.6,85.8,20.1,170.9,Severe
2026-07-29T18:00:00,R0004,1878,21.9,80.3,15.2,164.9,Severe
2026-07-29T18:00:00,R0005,1328,16.1,93.6,9.4,174.8,Severe
2026-07-29T18:00:00,R0006,1562,7.5,93.7,34.3,120.0,Severe
2026-07-29T18:00:00,R0007,1696,10.5,100.0,19.4,247.2,Severe
2026-07-29T18:00:00,R0008,1094,13.0,100.0,19.3,186.7,Severe
2026-07-29T18:00:00,R0009,2478,17.2,93.9,4.1,260.1,Severe
2026-07-29T18:00:00,R0010,1073,6.4,99.5,23.8,238.4,Severe
2026-07-29T18:00:00,R0011,3715,15.4,88.7,5.8,104.6,Severe
2026-07-29T18:00:00,R0012,1247,22.8,81.5,6.0,139.5,Severe
2026-07-29T18:00:00,R0013,976,19.8,85.1,11.9,205.8,Severe
2026-07-29T18:00:00,R0014,2569,8.7,99.8,42.5,140.7,Severe
2026-07-29T18:00:00,R0015,965,18.6,83.5,4.2,162.9,Severe
2026-07-29T18:00:00,R0016,1693,17.0,92.8,10.7,163.6,Severe
2026-07-29T18:00:00,R0017,1459,6.8,100.0,21.2,141.0,Severe
2026-07-29T18:00:00,R0018,4265,19.0,79.5,3.9,190.0,High
2026-07-29T18:00:00,R0019,1410,35.4,85.4,1.4,194.9,Severe
2026-07-29T18:00:00,R0020,1765,9.8,83.3,31.8,99.8,Severe
2026-07-29T18:00:00,R0021,1485,8.8,99.1,39.0,184.0,Severe
2026-07-29T18:00:00,R0022,1155,29.7,91.7,5.2,121.0,Severe
2026-07-29T18:00:00,R0023,1219,9.3,88.5,37.8,175.7,Severe
2026-07-29T18:00:00,R0024,1480,10.7,100.0,28.8,265.4,Severe
2026-07-29T18:00:00,R0025,1315,14.5,98.0,15.6,237.7,Severe
2026-07-29T18:00:00,R0026,1339,11.7,88.7,5.0,194.7,Severe
2026-07-29T18:00:00,R0027,1663,8.6,92.4,41.7,157.9,Severe
2026-07-29T18:00:00,R0028,1672,6.8,100.0,18.5,135.4,Severe
2026-07-29T18:00:00,R0029,2963,15.6,90.0,23.5,219.1,Severe
2026-07-29T18:00:00,R0030,1576,12.3,91.5,26.2,144.4,Severe
2026-07-29T18:00:00,R0031,2284,16.4,88.7,19.8,228.3,Severe
2026-07-29T18:00:00,R0032,3935,12.7,97.8,9.9,131.0,Severe
2026-07-29T18:00:00,R0033,1459,6.6,100.0,7.6,152.1,Severe
2026-07-29T18:00:00,R0034,1055,34.7,83.1,2.6,118.7,Severe
2026-07-29T18:00:00,R0035,1339,12.5,85.7,18.0,132.0,Severe
2026-07-29T18:00:00,R0036,2259,8.0,94.0,47.2,164.2,Severe
2026-07-29T18:00:00,R0037,3081,12.0,99.8,12.1,255.4,Severe
2026-07-29T18:00:00,R0038,1052,13.7,86.1,4.8,113.2,Severe
2026-07-29T18:00:00,R0039,1105,37.0,79.4,2.6,174.3,High
2026-07-29T18:00:00,R0040,4022,9.8,83.3,28.3,103.7,Severe
2026-07-29T18:00:00,R0041,1557,9.2,100.0,18.9,165.6,Severe
2026-07-29T18:00:00,R0042,1559,27.5,93.5,2.9,212.2,Severe
2026-07-29T18:00:00,R0043,2441,14.9,82.9,4.1,125.6,Severe
2026-07-29T18:00:00,R0044,1736,6.7,98.0,33.3,180.8,Severe
2026-07-29T18:00:00,R0045,1136,9.8,86.8,29.0,103.8,Severe
2026-07-29T18:00:00,R0046,2207,17.2,100.0,9.6,241.9,Severe
2026-07-29T18:00:00,R0047,3105,9.1,100.0,15.0,253.4,Severe
2026-07-29T18:00:00,R0048,1157,7.3,97.0,31.4,252.3,Severe
2026-07-29T18:00:00,R0049,3837,20.5,84.9,17.4,190.2,Severe
2026-07-29T18:00:00,R0050,2258,9.2,87.7,32.2,161.1,Severe
2026-07-29T19:00:00,R0001,1890,9.6,100.0,18.3,239.1,Severe
2026-07-29T19:00:00,R0002,1797,7.2,100.0,14.1,161.8,Severe
2026-07-29T19:00:00,R0003,4700,8.0,100.0,31.7,274.3,Severe
2026-07-29T19:00:00,R0004,2110,14.3,90.2,23.2,166.3,Severe
2026-07-29T19:00:00,R0005,1192,17.0,84.0,8.9,189.9,Severe
2026-07-29T19:00:00,R0006,1314,10.3,78.8,25.0,127.4,High
2026-07-29T19:00:00,R0007,1567,10.1,96.3,20.2,169.6,Severe
2026-07-29T19:00:00,R0008,822,20.8,79.3,12.1,173.8,High
2026-07-29T19:00:00,R0009,2419,14.0,91.7,5.0,248.2,Severe
2026-07-29T19:00:00,R0010,947,7.6,87.8,20.1,176.4,Severe
2026-07-29T19:00:00,R0011,4518,8.8,100.0,10.2,162.9,Severe
2026-07-29T19:00:00,R0012,1647,10.9,100.0,12.6,140.4,Severe
2026-07-29T19:00:00,R0013,1094,14.0,95.4,16.8,190.1,Severe
2026-07-29T19:00:00,R0014,2819,7.9,100.0,46.8,133.3,Severe
2026-07-29T19:00:00,R0015,1266,9.4,100.0,8.3,171.7,Severe
2026-07-29T19:00:00,R0016,1733,13.0,95.0,13.9,124.3,Severe
2026-07-29T19:00:00,R0017,1095,10.2,76.4,14.1,164.2,High
2026-07-29T19:00:00,R0018,5125,11.8,95.5,6.2,158.8,Severe
2026-07-29T19:00:00,R0019,1416,26.8,85.7,1.9,113.9,Severe
2026-07-29T19:00:00,R0020,1819,8.8,85.9,35.5,216.5,Severe
2026-07-29T19:00:00,R0021,1631,7.3,100.0,47.0,278.6,Severe
2026-07-29T19:00:00,R0022,1100,25.6,87.3,6.0,218.1,Severe
2026-07-29T19:00:00,R0023,1344,5.9,97.6,59.6,189.5,Severe
2026-07-29T19:00:00,R0024,1245,14.6,85.9,21.1,154.2,Severe
2026-07-29T19:00:00,R0025,1468,10.7,100.0,21.2,183.9,Severe
2026-07-29T19:00:00,R0026,1395,9.6,92.4,6.1,154.5,Severe
2026-07-29T19:00:00,R0027,1811,6.1,100.0,58.7,289.0,Severe
2026-07-29T19:00:00,R0028,1643,6.0,100.0,21.0,219.1,Severe
2026-07-29T19:00:00,R0029,3422,9.3,100.0,39.4,191.7,Severe
2026-07-29T19:00:00,R0030,1498,10.9,86.9,29.6,134.0,Severe
2026-07-29T19:00:00,R0031,2793,9.3,100.0,34.8,137.6,Severe
2026-07-29T19:00:00,R0032,3781,10.7,93.9,11.8,125.7,Severe
2026-07-29T19:00:00,R0033,1178,8.8,83.7,5.7,144.2,Severe
2026-07-29T19:00:00,R0034,1309,19.8,100.0,4.5,196.7,Severe
2026-07-29T19:00:00,R0035,1366,10.5,87.5,21.5,205.3,Severe
2026-07-29T19:00:00,R0036,1875,9.2,78.1,41.0,167.1,High
2026-07-29T19:00:00,R0037,2850,11.3,92.3,12.8,141.6,Severe
2026-07-29T19:00:00,R0038,1313,8.1,100.0,8.1,247.8,Severe
2026-07-29T19:00:00,R0039,1286,24.0,92.5,4.1,258.6,Severe
2026-07-29T19:00:00,R0040,5243,5.5,100.0,50.5,266.0,Severe
2026-07-29T19:00:00,R0041,1248,11.5,82.9,15.1,172.8,Severe
2026-07-29T19:00:00,R0042,1499,27.3,89.9,2.9,113.1,Severe
2026-07-29T19:00:00,R0043,2752,9.9,93.4,6.2,251.6,Severe
2026-07-29T19:00:00,R0044,1444,9.1,81.5,24.5,160.1,Severe
2026-07-29T19:00:00,R0045,1069,9.9,81.7,28.7,197.8,Severe
2026-07-29T19:00:00,R0046,1787,23.1,81.9,7.1,94.5,Severe
2026-07-29T19:00:00,R0047,3260,7.3,100.0,18.7,194.9,Severe
2026-07-29T19:00:00,R0048,1089,7.5,91.3,30.6,113.6,Severe
2026-07-29T19:00:00,R0049,3793,18.8,83.9,18.9,207.4,Severe
2026-07-29T19:00:00,R0050,2639,5.3,100.0,55.9,178.9,Severe
2026-07-29T20:00:00,R0001,1430,19.5,81.2,9.0,160.7,Severe
2026-07-29T20:00:00,R0002,1262,17.6,74.8,5.8,169.6,High
2026-07-29T20:00:00,R0003,3525,16.6,75.0,15.3,101.9,High
2026-07-29T20:00:00,R0004,1988,19.3,85.0,17.2,168.0,Severe
2026-07-29T20:00:00,R0005,1461,13.5,100.0,11.2,134.9,Severe
2026-07-29T20:00:00,R0006,1537,8.3,92.2,31.0,238.4,Severe
2026-07-29T20:00:00,R0007,1405,15.6,86.3,13.1,119.1,Severe
2026-07-29T20:00:00,R0008,1005,14.4,96.9,17.4,244.8,Severe
2026-07-29T20:00:00,R0009,2086,22.3,79.1,3.1,132.8,High
2026-07-29T20:00:00,R0010,1104,7.2,100.0,21.2,157.2,Severe
2026-07-29T20:00:00,R0011,3515,16.4,83.9,5.5,155.0,Severe
2026-07-29T20:00:00,R0012,1333,20.5,87.1,6.7,225.6,Severe
2026-07-29T20:00:00,R0013,971,20.4,84.7,11.5,209.6,Severe
2026-07-29T20:00:00,R0014,2525,8.8,98.1,42.0,172.0,Severe
2026-07-29T20:00:00,R0015,993,15.8,85.9,4.9,119.3,Severe
2026-07-29T20:00:00,R0016,1346,25.8,73.8,7.0,94.2,High
2026-07-29T20:00:00,R0017,1064,12.0,74.2,12.0,150.7,High
2026-07-29T20:00:00,R0018,5345,11.4,99.6,6.4,193.6,Severe
2026-07-29T20:00:00,R0019,1711,21.5,100.0,2.3,158.8,Severe
2026-07-29T20:00:00,R0020,1733,10.3,81.8,30.3,131.2,Severe
2026-07-29T20:00:00,R0021,1520,9.2,100.0,37.3,194.2,Severe
2026-07-29T20:00:00,R0022,1287,20.9,100.0,7.4,157.8,Severe
2026-07-29T20:00:00,R0023,1246,9.0,90.5,39.1,107.0,Severe
2026-07-29T20:00:00,R0024,1236,17.1,85.3,18.0,185.5,Severe
2026-07-29T20:00:00,R0025,1245,16.3,92.8,13.9,120.4,Severe
2026-07-29T20:00:00,R0026,1299,12.4,86.1,4.7,223.3,Severe
2026-07-29T20:00:00,R0027,1576,9.3,87.6,38.5,204.6,Severe
2026-07-29T20:00:00,R0028,1406,9.1,88.3,13.8,214.3,Severe
2026-07-29T20:00:00,R0029,3294,11.5,100.0,31.8,128.5,Severe
2026-07-29T20:00:00,R0030,1559,12.3,90.5,26.2,121.7,Severe
2026-07-29T20:00:00,R0031,2055,19.9,79.8,16.3,82.0,High
2026-07-29T20:00:00,R0032,3882,12.5,96.4,10.1,188.4,Severe
2026-07-29T20:00:00,R0033,1024,13.5,72.7,3.7,100.7,High
2026-07-29T20:00:00,R0034,1139,31.0,89.7,2.9,204.2,Severe
2026-07-29T20:00:00,R0035,1607,9.0,100.0,25.1,191.9,Severe
2026-07-29T20:00:00,R0036,2470,6.9,100.0,54.7,173.7,Severe
2026-07-29T20:00:00,R0037,2364,21.1,76.6,6.9,113.0,High
2026-07-29T20:00:00,R0038,1142,10.9,93.5,6.0,138.9,Severe
2026-07-29T20:00:00,R0039,1274,26.9,91.6,3.6,167.2,Severe
2026-07-29T20:00:00,R0040,4340,8.9,89.9,31.2,211.9,Severe
2026-07-29T20:00:00,R0041,1487,9.8,98.8,17.8,124.4,Severe
2026-07-29T20:00:00,R0042,1313,38.7,78.7,2.0,185.9,High
2026-07-29T20:00:00,R0043,2917,9.8,99.0,6.3,171.7,Severe
2026-07-29T20:00:00,R0044,1526,9.8,86.2,22.8,114.2,Severe
2026-07-29T20:00:00,R0045,962,13.6,73.5,20.9,91.2,High
2026-07-29T20:00:00,R0046,1748,28.0,80.1,5.9,191.9,Severe
2026-07-29T20:00:00,R0047,2778,12.0,90.9,11.4,241.0,Severe
2026-07-29T20:00:00,R0048,996,10.7,83.5,21.4,92.1,Severe
2026-07-29T20:00:00,R0049,3546,24.4,78.5,14.6,165.6,High
2026-07-29T20:00:00,R0050,2155,10.2,83.7,29.1,157.3,Severe
2026-07-29T21:00:00,R0001,778,26.1,44.2,6.7,11.6,Medium
2026-07-29T21:00:00,R0002,912,18.7,54.1,5.4,36.3,Medium
2026-07-29T21:00:00,R0003,2294,21.9,48.8,11.6,24.0,Medium
2026-07-29T21:00:00,R0004,967,33.2,41.3,10.0,5.5,Medium
2026-07-29T21:00:00,R0005,704,32.3,49.6,4.7,46.8,Medium
2026-07-29T21:00:00,R0006,898,14.8,53.9,17.4,48.4,Medium
2026-07-29T21:00:00,R0007,662,30.6,40.7,6.7,2.2,Medium
2026-07-29T21:00:00,R0008,442,34.3,42.6,7.3,7.4,Medium
2026-07-29T21:00:00,R0009,1325,30.9,50.2,2.3,34.0,Medium
2026-07-29T21:00:00,R0010,589,13.9,54.6,11.0,48.9,Medium
2026-07-29T21:00:00,R0011,2069,26.3,49.4,3.4,40.9,Medium
2026-07-29T21:00:00,R0012,717,32.5,46.9,4.2,16.9,Medium
2026-07-29T21:00:00,R0013,646,27.7,56.3,8.5,68.3,High
2026-07-29T21:00:00,R0014,1038,21.8,40.3,17.0,1.0,Medium
2026-07-29T21:00:00,R0015,640,23.9,55.4,3.3,73.8,High
2026-07-29T21:00:00,R0016,884,31.2,48.4,5.8,19.8,Medium
2026-07-29T21:00:00,R0017,775,14.0,54.0,10.3,65.8,Medium
2026-07-29T21:00:00,R0018,3003,25.2,55.9,2.9,56.6,High
2026-07-29T21:00:00,R0019,856,52.0,51.8,1.0,28.2,Medium
2026-07-29T21:00:00,R0020,1070,14.1,50.5,22.1,36.7,Medium
2026-07-29T21:00:00,R0021,639,21.2,42.7,16.2,8.4,Medium
2026-07-29T21:00:00,R0022,599,53.6,47.5,2.9,16.7,Medium
2026-07-29T21:00:00,R0023,672,14.8,48.8,23.8,32.8,Medium
2026-07-29T21:00:00,R0024,741,25.4,51.1,12.1,46.8,Medium
2026-07-29T21:00:00,R0025,615,33.5,45.8,6.8,19.1,Medium
2026-07-29T21:00:00,R0026,731,21.3,48.4,2.8,17.3,Medium
2026-07-29T21:00:00,R0027,925,15.3,51.4,23.4,33.4,Medium
2026-07-29T21:00:00,R0028,660,15.9,41.5,7.9,7.2,Medium
2026-07-29T21:00:00,R0029,1714,23.4,52.1,15.6,37.1,Medium
2026-07-29T21:00:00,R0030,867,21.4,50.3,15.1,21.9,Medium
2026-07-29T21:00:00,R0031,1136,29.0,44.1,11.2,8.3,Medium
2026-07-29T21:00:00,R0032,1752,29.5,43.5,4.3,13.4,Medium
2026-07-29T21:00:00,R0033,627,15.3,44.5,3.3,9.4,Medium
2026-07-29T21:00:00,R0034,562,57.8,44.3,1.5,14.0,Medium
2026-07-29T21:00:00,R0035,821,21.0,52.6,10.7,40.6,Medium
2026-07-29T21:00:00,R0036,1041,16.6,43.3,22.7,15.6,Medium
2026-07-29T21:00:00,R0037,1670,22.6,54.1,6.4,57.5,Medium
2026-07-29T21:00:00,R0038,611,21.7,50.0,3.0,23.7,Medium
2026-07-29T21:00:00,R0039,686,54.4,49.3,1.8,30.0,Medium
2026-07-29T21:00:00,R0040,2338,14.6,48.4,19.0,23.8,Medium
2026-07-29T21:00:00,R0041,687,23.0,45.6,7.6,15.9,Medium
2026-07-29T21:00:00,R0042,801,53.7,48.0,1.5,19.9,Medium
2026-07-29T21:00:00,R0043,1428,21.5,48.5,2.9,39.1,Medium
2026-07-29T21:00:00,R0044,902,15.5,50.9,14.4,25.9,Medium
2026-07-29T21:00:00,R0045,740,13.3,56.5,21.4,71.3,High
2026-07-29T21:00:00,R0046,973,46.5,44.6,3.5,19.1,Medium
2026-07-29T21:00:00,R0047,1625,18.7,53.2,7.3,43.9,Medium
2026-07-29T21:00:00,R0048,606,15.8,50.8,14.5,25.0,Medium
2026-07-29T21:00:00,R0049,2568,29.7,56.8,12.0,47.2,High
2026-07-29T21:00:00,R0050,1401,14.5,54.4,20.4,48.8,Medium
2026-07-29T22:00:00,R0001,580,32.0,33.0,5.5,6.2,Medium
2026-07-29T22:00:00,R0002,565,25.4,33.5,4.0,10.7,Medium
2026-07-29T22:00:00,R0003,1263,27.7,26.9,9.2,6.9,Medium
2026-07-29T22:00:00,R0004,685,37.0,29.3,9.0,7.2,Medium
2026-07-29T22:00:00,R0005,517,35.1,36.4,4.3,11.2,Medium
2026-07-29T22:00:00,R0006,456,19.5,27.4,13.2,14.9,Medium
2026-07-29T22:00:00,R0007,572,28.9,35.1,7.1,7.5,Medium
2026-07-29T22:00:00,R0008,300,38.1,28.9,6.6,11.7,Medium
2026-07-29T22:00:00,R0009,927,34.8,35.1,2.0,13.8,Medium
2026-07-29T22:00:00,R0010,356,18.2,33.0,8.4,7.5,Medium
2026-07-29T22:00:00,R0011,1392,31.1,33.2,2.9,7.3,Medium
2026-07-29T22:00:00,R0012,491,35.6,32.1,3.8,12.2,Medium
2026-07-29T22:00:00,R0013,373,35.2,32.5,6.7,11.5,Medium
2026-07-29T22:00:00,R0014,952,25.3,37.0,14.6,5.5,Medium
2026-07-29T22:00:00,R0015,321,32.7,27.8,2.4,1.7,Medium
2026-07-29T22:00:00,R0016,675,33.8,37.0,5.4,3.8,Medium
2026-07-29T22:00:00,R0017,444,18.6,31.0,7.7,11.9,Medium
2026-07-29T22:00:00,R0018,1692,29.8,31.5,2.5,4.0,Medium
2026-07-29T22:00:00,R0019,531,59.0,32.1,0.8,9.2,Medium
2026-07-29T22:00:00,R0020,694,19.2,32.8,16.3,14.1,Medium
2026-07-29T22:00:00,R0021,550,25.4,36.7,13.5,3.7,Medium
2026-07-29T22:00:00,R0022,350,63.2,27.8,2.4,13.4,Medium
2026-07-29T22:00:00,R0023,515,18.7,37.4,18.8,1.7,Medium
2026-07-29T22:00:00,R0024,538,29.3,37.1,10.5,0.1,Medium
2026-07-29T22:00:00,R0025,421,35.1,31.4,6.5,8.2,Medium
2026-07-29T22:00:00,R0026,455,25.3,30.2,2.3,9.2,Medium
2026-07-29T22:00:00,R0027,652,18.4,36.2,19.5,6.5,Medium
2026-07-29T22:00:00,R0028,568,19.2,35.7,6.6,1.8,Medium
2026-07-29T22:00:00,R0029,1066,30.1,32.4,12.2,0.7,Medium
2026-07-29T22:00:00,R0030,585,25.8,34.0,12.5,2.4,Medium
2026-07-29T22:00:00,R0031,917,31.7,35.6,10.2,13.7,Medium
2026-07-29T22:00:00,R0032,1180,34.1,29.3,3.7,4.8,Medium
2026-07-29T22:00:00,R0033,459,17.3,32.6,2.9,0.7,Medium
2026-07-29T22:00:00,R0034,439,60.3,34.6,1.5,3.8,Medium
2026-07-29T22:00:00,R0035,444,26.6,28.4,8.5,0.0,Medium
2026-07-29T22:00:00,R0036,854,16.9,35.6,22.3,2.9,Medium
2026-07-29T22:00:00,R0037,948,31.6,30.7,4.6,5.3,Medium
2026-07-29T22:00:00,R0038,366,27.3,30.0,2.4,9.6,Medium
2026-07-29T22:00:00,R0039,369,65.3,26.5,1.5,13.1,Medium
2026-07-29T22:00:00,R0040,1436,18.0,29.7,15.4,11.4,Medium
2026-07-29T22:00:00,R0041,500,25.0,33.2,7.0,0.8,Medium
2026-07-29T22:00:00,R0042,465,66.3,27.9,1.2,3.1,Medium
2026-07-29T22:00:00,R0043,944,25.1,32.1,2.5,4.3,Medium
2026-07-29T22:00:00,R0044,658,18.7,37.2,11.9,10.8,Medium
2026-07-29T22:00:00,R0045,355,18.5,27.1,15.4,7.4,Medium
2026-07-29T22:00:00,R0046,613,55.8,28.1,2.9,2.4,Medium
2026-07-29T22:00:00,R0047,974,24.5,31.9,5.6,9.6,Medium
2026-07-29T22:00:00,R0048,331,19.4,27.7,11.8,4.1,Medium
2026-07-29T22:00:00,R0049,1649,33.2,36.5,10.7,13.7,Medium
2026-07-29T22:00:00,R0050,923,17.5,35.8,16.9,11.8,Medium
2026-07-29T23:00:00,R0001,516,37.9,29.3,4.6,4.5,Medium
2026-07-29T23:00:00,R0002,403,29.7,23.9,3.4,14.8,Low
2026-07-29T23:00:00,R0003,985,33.5,21.0,7.6,6.6,Low
2026-07-29T23:00:00,R0004,682,43.6,29.2,7.6,8.0,Medium
2026-07-29T23:00:00,R0005,354,48.8,24.9,3.1,1.0,Low
2026-07-29T23:00:00,R0006,372,23.2,22.3,11.1,11.1,Low
2026-07-29T23:00:00,R0007,363,40.8,22.3,5.0,3.2,Low
2026-07-29T23:00:00,R0008,294,48.8,28.4,5.1,7.8,Medium
2026-07-29T23:00:00,R0009,627,45.8,23.8,1.5,0.7,Low
2026-07-29T23:00:00,R0010,248,24.6,23.0,6.2,8.0,Low
2026-07-29T23:00:00,R0011,1220,37.2,29.1,2.4,10.4,Medium
2026-07-29T23:00:00,R0012,383,47.3,25.0,2.9,4.0,Medium
2026-07-29T23:00:00,R0013,283,47.2,24.7,5.0,10.6,Low
2026-07-29T23:00:00,R0014,749,29.5,29.1,12.5,0.6,Medium
2026-07-29T23:00:00,R0015,290,39.6,25.1,2.0,2.5,Medium
2026-07-29T23:00:00,R0016,501,49.6,27.5,3.7,14.2,Medium
2026-07-29T23:00:00,R0017,321,25.6,22.4,5.6,10.6,Low
2026-07-29T23:00:00,R0018,1326,39.7,24.7,1.8,12.7,Low
2026-07-29T23:00:00,R0019,412,77.3,24.9,0.6,7.4,Low
2026-07-29T23:00:00,R0020,547,22.3,25.8,14.0,13.5,Medium
2026-07-29T23:00:00,R0021,400,31.6,26.7,10.9,1.5,Medium
2026-07-29T23:00:00,R0022,328,73.5,26.0,2.1,1.2,Medium
2026-07-29T23:00:00,R0023,349,23.2,25.3,15.2,8.8,Medium
2026-07-29T23:00:00,R0024,310,40.3,21.4,7.7,2.6,Low
2026-07-29T23:00:00,R0025,396,45.7,29.5,5.0,10.3,Medium
2026-07-29T23:00:00,R0026,355,30.0,23.5,2.0,14.6,Low
2026-07-29T23:00:00,R0027,417,23.7,23.2,15.1,9.7,Low
2026-07-29T23:00:00,R0028,331,25.7,20.8,4.9,8.0,Low
2026-07-29T23:00:00,R0029,761,37.4,23.1,9.8,2.4,Low
2026-07-29T23:00:00,R0030,494,31.3,28.7,10.3,3.7,Medium
2026-07-29T23:00:00,R0031,546,42.0,21.2,7.7,8.6,Low
2026-07-29T23:00:00,R0032,977,38.8,24.3,3.2,3.3,Low
2026-07-29T23:00:00,R0033,375,24.9,26.6,2.0,2.6,Medium
2026-07-29T23:00:00,R0034,330,77.1,26.0,1.2,6.7,Medium
2026-07-29T23:00:00,R0035,357,33.7,22.9,6.7,7.3,Low
2026-07-29T23:00:00,R0036,613,22.8,25.5,16.6,2.7,Medium
2026-07-29T23:00:00,R0037,660,42.1,21.4,3.4,2.9,Low
2026-07-29T23:00:00,R0038,328,30.4,26.8,2.2,6.2,Medium
2026-07-29T23:00:00,R0039,345,77.3,24.8,1.3,1.5,Low
2026-07-29T23:00:00,R0040,1130,24.6,23.4,11.3,10.0,Low
2026-07-29T23:00:00,R0041,349,31.8,23.2,5.5,2.9,Low
2026-07-29T23:00:00,R0042,375,74.7,22.5,1.1,13.5,Low
2026-07-29T23:00:00,R0043,663,30.9,22.5,2.0,4.2,Low
2026-07-29T23:00:00,R0044,385,24.9,21.7,9.0,1.1,Low
2026-07-29T23:00:00,R0045,285,24.9,21.8,11.4,5.1,Low
2026-07-29T23:00:00,R0046,589,62.3,27.0,2.6,3.8,Medium
2026-07-29T23:00:00,R0047,809,29.2,26.5,4.7,8.0,Medium
2026-07-29T23:00:00,R0048,293,22.9,24.6,10.0,9.1,Low
2026-07-29T23:00:00,R0049,1287,49.2,28.5,7.2,9.1,Medium
2026-07-29T23:00:00,R0050,625,22.8,24.3,13.0,3.9,Low
2026-07-30T00:00:00,R0001,143,48.6,8.1,3.6,5.5,Low
2026-07-30T00:00:00,R0002,137,35.9,8.1,2.8,12.5,Low
2026-07-30T00:00:00,R0003,422,36.9,9.0,6.9,5.0,Low
2026-07-30T00:00:00,R0004,222,50.4,9.5,6.6,13.1,Low
2026-07-30T00:00:00,R0005,121,53.8,8.5,2.8,7.5,Low
2026-07-30T00:00:00,R0006,150,25.2,9.0,10.2,13.1,Low
2026-07-30T00:00:00,R0007,136,44.5,8.4,4.6,2.1,Low
2026-07-30T00:00:00,R0008,86,54.7,8.3,4.6,6.1,Low
2026-07-30T00:00:00,R0009,239,53.7,9.1,1.3,14.4,Low
2026-07-30T00:00:00,R0010,95,28.6,8.8,5.3,1.6,Low
2026-07-30T00:00:00,R0011,344,44.5,8.2,2.0,8.5,Low
2026-07-30T00:00:00,R0012,147,50.7,9.6,2.7,1.1,Low
2026-07-30T00:00:00,R0013,110,51.8,9.6,4.5,10.0,Low
2026-07-30T00:00:00,R0014,222,38.3,8.6,9.7,1.9,Low
2026-07-30T00:00:00,R0015,85,46.4,7.4,1.7,14.2,Low
2026-07-30T00:00:00,R0016,151,53.3,8.3,3.4,9.1,Low
2026-07-30T00:00:00,R0017,141,28.4,9.8,5.1,14.9,Low
2026-07-30T00:00:00,R0018,379,43.3,7.1,1.7,9.1,Low
2026-07-30T00:00:00,R0019,157,87.4,9.5,0.6,3.6,Low
2026-07-30T00:00:00,R0020,199,25.3,9.4,12.3,5.5,Low
2026-07-30T00:00:00,R0021,128,36.8,8.5,9.3,10.9,Low
2026-07-30T00:00:00,R0022,101,93.1,8.0,1.7,8.8,Low
2026-07-30T00:00:00,R0023,119,27.9,8.6,12.6,3.9,Low
2026-07-30T00:00:00,R0024,105,43.4,7.2,7.1,3.4,Low
2026-07-30T00:00:00,R0025,114,57.5,8.5,3.9,10.5,Low
2026-07-30T00:00:00,R0026,142,35.4,9.4,1.7,6.1,Low
2026-07-30T00:00:00,R0027,147,26.1,8.2,13.7,0.9,Low
2026-07-30T00:00:00,R0028,140,29.3,8.8,4.3,2.5,Low
2026-07-30T00:00:00,R0029,235,48.1,7.1,7.6,3.8,Low
2026-07-30T00:00:00,R0030,164,37.3,9.5,8.7,14.2,Low
2026-07-30T00:00:00,R0031,212,46.8,8.2,6.9,7.0,Low
2026-07-30T00:00:00,R0032,359,45.1,8.9,2.8,2.8,Low
2026-07-30T00:00:00,R0033,120,27.5,8.5,1.8,12.2,Low
2026-07-30T00:00:00,R0034,117,92.9,9.2,1.0,1.7,Low
2026-07-30T00:00:00,R0035,143,36.2,9.2,6.2,13.4,Low
2026-07-30T00:00:00,R0036,235,25.2,9.8,15.0,12.3,Low
2026-07-30T00:00:00,R0037,219,45.1,7.1,3.2,8.1,Low
2026-07-30T00:00:00,R0038,91,38.2,7.4,1.7,0.1,Low
2026-07-30T00:00:00,R0039,104,93.0,7.5,1.1,10.7,Low
2026-07-30T00:00:00,R0040,473,27.9,9.8,10.0,10.1,Low
2026-07-30T00:00:00,R0041,123,33.7,8.2,5.2,1.8,Low
2026-07-30T00:00:00,R0042,144,93.5,8.6,0.8,6.3,Low
2026-07-30T00:00:00,R0043,272,36.4,9.2,1.7,1.1,Low
2026-07-30T00:00:00,R0044,134,29.0,7.6,7.7,10.9,Low
2026-07-30T00:00:00,R0045,127,25.5,9.7,11.2,14.9,Low
2026-07-30T00:00:00,R0046,166,67.9,7.6,2.4,15.0,Low
2026-07-30T00:00:00,R0047,240,37.6,7.9,3.6,2.7,Low
2026-07-30T00:00:00,R0048,104,29.0,8.7,7.9,4.8,Low
2026-07-30T00:00:00,R0049,409,51.8,9.1,6.9,9.4,Low
2026-07-30T00:00:00,R0050,206,26.2,8.0,11.3,4.7,Low
2026-07-30T01:00:00,R0001,101,39.0,5.7,4.5,3.7,Low
2026-07-30T01:00:00,R0002,83,31.0,4.9,3.3,11.2,Low
2026-07-30T01:00:00,R0003,275,31.3,5.9,8.1,12.9,Low
2026-07-30T01:00:00,R0004,120,45.3,5.1,7.3,10.4,Low
2026-07-30T01:00:00,R0005,71,48.9,5.0,3.1,13.3,Low
2026-07-30T01:00:00,R0006,81,25.4,4.9,10.1,11.3,Low
2026-07-30T01:00:00,R0007,81,40.5,5.0,5.0,4.9,Low
2026-07-30T01:00:00,R0008,61,48.7,5.9,5.1,0.7,Low
2026-07-30T01:00:00,R0009,124,48.8,4.7,1.4,0.8,Low
2026-07-30T01:00:00,R0010,44,23.9,4.1,6.4,5.0,Low
2026-07-30T01:00:00,R0011,205,38.4,4.9,2.3,2.5,Low
2026-07-30T01:00:00,R0012,81,47.8,5.3,2.9,3.0,Low
2026-07-30T01:00:00,R0013,53,48.6,4.6,4.8,1.1,Low
2026-07-30T01:00:00,R0014,112,29.9,4.4,12.4,12.2,Low
2026-07-30T01:00:00,R0015,63,41.3,5.4,1.9,10.7,Low
2026-07-30T01:00:00,R0016,97,47.5,5.3,3.8,9.6,Low
2026-07-30T01:00:00,R0017,60,24.5,4.2,5.9,11.7,Low
2026-07-30T01:00:00,R0018,269,39.0,5.0,1.9,4.2,Low
2026-07-30T01:00:00,R0019,87,81.9,5.3,0.6,13.1,Low
2026-07-30T01:00:00,R0020,100,25.0,4.7,12.5,8.4,Low
2026-07-30T01:00:00,R0021,85,31.8,5.7,10.8,7.8,Low
2026-07-30T01:00:00,R0022,64,82.7,5.1,1.9,14.5,Low
2026-07-30T01:00:00,R0023,58,22.4,4.2,15.7,14.1,Low
2026-07-30T01:00:00,R0024,73,40.5,5.0,7.6,7.2,Low
2026-07-30T01:00:00,R0025,57,50.1,4.2,4.5,11.2,Low
2026-07-30T01:00:00,R0026,70,31.0,4.6,1.9,12.6,Low
2026-07-30T01:00:00,R0027,76,25.5,4.2,14.0,3.8,Low
2026-07-30T01:00:00,R0028,82,25.5,5.2,4.9,10.2,Low
2026-07-30T01:00:00,R0029,160,41.0,4.9,8.9,5.2,Low
2026-07-30T01:00:00,R0030,79,34.4,4.6,9.4,11.3,Low
2026-07-30T01:00:00,R0031,135,38.9,5.2,8.3,0.7,Low
2026-07-30T01:00:00,R0032,167,40.5,4.1,3.1,11.4,Low
2026-07-30T01:00:00,R0033,71,25.2,5.0,2.0,0.5,Low
2026-07-30T01:00:00,R0034,60,76.6,4.7,1.2,6.7,Low
2026-07-30T01:00:00,R0035,66,34.3,4.2,6.6,3.3,Low
2026-07-30T01:00:00,R0036,138,23.5,5.7,16.1,14.8,Low
2026-07-30T01:00:00,R0037,157,42.5,5.1,3.4,0.1,Low
2026-07-30T01:00:00,R0038,66,33.7,5.4,1.9,2.1,Low
2026-07-30T01:00:00,R0039,59,79.3,4.2,1.2,14.0,Low
2026-07-30T01:00:00,R0040,245,24.0,5.1,11.6,2.1,Low
2026-07-30T01:00:00,R0041,61,33.6,4.1,5.2,1.3,Low
2026-07-30T01:00:00,R0042,87,84.6,5.2,0.9,3.1,Low
2026-07-30T01:00:00,R0043,156,29.7,5.3,2.1,9.1,Low
2026-07-30T01:00:00,R0044,78,24.9,4.4,9.0,4.5,Low
2026-07-30T01:00:00,R0045,64,24.3,4.9,11.7,2.6,Low
2026-07-30T01:00:00,R0046,118,61.6,5.4,2.7,9.9,Low
2026-07-30T01:00:00,R0047,134,33.0,4.4,4.1,1.9,Low
2026-07-30T01:00:00,R0048,58,23.0,4.9,10.0,11.2,Low
2026-07-30T01:00:00,R0049,207,50.8,4.6,7.0,13.4,Low
2026-07-30T01:00:00,R0050,115,24.4,4.5,12.1,1.3,Low
2026-07-30T02:00:00,R0001,142,39.8,8.1,4.4,9.4,Low
2026-07-30T02:00:00,R0002,116,30.8,6.9,3.3,1.5,Low
2026-07-30T02:00:00,R0003,380,31.1,8.1,8.2,10.6,Low
2026-07-30T02:00:00,R0004,159,45.9,6.8,7.2,5.0,Low
2026-07-30T02:00:00,R0005,88,46.2,6.2,3.3,12.0,Low
2026-07-30T02:00:00,R0006,142,23.3,8.5,11.0,6.8,Low
2026-07-30T02:00:00,R0007,101,41.8,6.2,4.9,0.2,Low
2026-07-30T02:00:00,R0008,90,46.3,8.7,5.4,5.1,Low
2026-07-30T02:00:00,R0009,228,43.0,8.6,1.6,8.7,Low
2026-07-30T02:00:00,R0010,82,22.4,7.6,6.8,6.4,Low
2026-07-30T02:00:00,R0011,331,40.3,7.9,2.2,0.0,Low
2026-07-30T02:00:00,R0012,132,44.0,8.6,3.1,3.5,Low
2026-07-30T02:00:00,R0013,78,43.8,6.8,5.4,1.8,Low
2026-07-30T02:00:00,R0014,226,30.0,8.8,12.3,1.7,Low
2026-07-30T02:00:00,R0015,74,40.7,6.4,1.9,12.8,Low
2026-07-30T02:00:00,R0016,125,43.7,6.8,4.1,3.3,Low
2026-07-30T02:00:00,R0017,90,22.2,6.3,6.5,6.5,Low
2026-07-30T02:00:00,R0018,363,39.4,6.8,1.9,3.8,Low
2026-07-30T02:00:00,R0019,143,82.2,8.7,0.6,8.5,Low
2026-07-30T02:00:00,R0020,150,23.1,7.1,13.5,6.2,Low
2026-07-30T02:00:00,R0021,121,30.9,8.1,11.1,12.9,Low
2026-07-30T02:00:00,R0022,109,75.4,8.7,2.0,8.4,Low
2026-07-30T02:00:00,R0023,88,22.5,6.4,15.6,6.2,Low
2026-07-30T02:00:00,R0024,97,41.6,6.7,7.4,2.4,Low
2026-07-30T02:00:00,R0025,99,47.7,7.4,4.8,10.4,Low
2026-07-30T02:00:00,R0026,108,33.1,7.2,1.8,8.5,Low
2026-07-30T02:00:00,R0027,132,21.9,7.3,16.4,7.0,Low
2026-07-30T02:00:00,R0028,133,23.7,8.4,5.3,12.5,Low
2026-07-30T02:00:00,R0029,246,36.8,7.5,9.9,0.2,Low
2026-07-30T02:00:00,R0030,120,32.3,7.0,10.0,11.9,Low
2026-07-30T02:00:00,R0031,179,39.2,7.0,8.3,6.3,Low
2026-07-30T02:00:00,R0032,292,37.5,7.3,3.4,2.0,Low
2026-07-30T02:00:00,R0033,94,22.0,6.7,2.3,3.0,Low
2026-07-30T02:00:00,R0034,78,80.5,6.1,1.1,4.7,Low
2026-07-30T02:00:00,R0035,137,29.4,8.8,7.7,5.2,Low
2026-07-30T02:00:00,R0036,171,21.7,7.1,17.4,12.6,Low
2026-07-30T02:00:00,R0037,192,42.1,6.2,3.4,13.4,Low
2026-07-30T02:00:00,R0038,92,31.4,7.5,2.1,9.8,Low
2026-07-30T02:00:00,R0039,100,80.1,7.2,1.2,0.7,Low
2026-07-30T02:00:00,R0040,304,23.5,6.3,11.8,8.2,Low
2026-07-30T02:00:00,R0041,128,29.1,8.5,6.0,12.3,Low
2026-07-30T02:00:00,R0042,112,77.3,6.7,1.0,4.7,Low
2026-07-30T02:00:00,R0043,213,29.6,7.2,2.1,7.6,Low
2026-07-30T02:00:00,R0044,147,23.1,8.3,9.7,7.4,Low
2026-07-30T02:00:00,R0045,110,24.0,8.4,11.9,7.4,Low
2026-07-30T02:00:00,R0046,149,66.6,6.8,2.5,8.7,Low
2026-07-30T02:00:00,R0047,206,30.3,6.7,4.5,12.0,Low
2026-07-30T02:00:00,R0048,74,25.5,6.2,9.0,2.0,Low
2026-07-30T02:00:00,R0049,375,45.8,8.3,7.8,7.4,Low
2026-07-30T02:00:00,R0050,219,22.9,8.5,12.9,8.1,Low
2026-07-30T03:00:00,R0001,50,45.8,2.8,3.8,10.2,Low
2026-07-30T03:00:00,R0002,51,35.8,3.0,2.8,6.2,Low
2026-07-30T03:00:00,R0003,173,39.1,3.7,6.5,2.7,Low
2026-07-30T03:00:00,R0004,69,61.1,2.9,5.4,3.9,Low
2026-07-30T03:00:00,R0005,55,59.9,3.9,2.5,11.6,Low
2026-07-30T03:00:00,R0006,51,30.0,3.1,8.6,11.5,Low
2026-07-30T03:00:00,R0007,58,46.2,3.6,4.4,3.9,Low
2026-07-30T03:00:00,R0008,31,57.2,3.0,4.4,8.8,Low
2026-07-30T03:00:00,R0009,87,56.8,3.3,1.2,5.5,Low
2026-07-30T03:00:00,R0010,39,30.2,3.6,5.0,2.5,Low
2026-07-30T03:00:00,R0011,140,44.9,3.3,2.0,9.4,Low
2026-07-30T03:00:00,R0012,57,60.6,3.7,2.3,4.2,Low
2026-07-30T03:00:00,R0013,46,52.9,4.0,4.4,9.0,Low
2026-07-30T03:00:00,R0014,75,40.4,2.9,9.1,7.9,Low
2026-07-30T03:00:00,R0015,42,49.8,3.6,1.6,2.3,Low
2026-07-30T03:00:00,R0016,53,60.5,2.9,3.0,4.7,Low
2026-07-30T03:00:00,R0017,43,28.4,3.0,5.1,9.0,Low
2026-07-30T03:00:00,R0018,156,46.0,2.9,1.6,0.5,Low
2026-07-30T03:00:00,R0019,56,100.7,3.4,0.5,14.7,Low
2026-07-30T03:00:00,R0020,77,27.0,3.6,11.6,13.6,Low
2026-07-30T03:00:00,R0021,52,35.9,3.5,9.6,13.8,Low
2026-07-30T03:00:00,R0022,48,98.0,3.8,1.6,10.6,Low
2026-07-30T03:00:00,R0023,43,27.3,3.1,12.9,10.3,Low
2026-07-30T03:00:00,R0024,45,47.1,3.1,6.5,11.7,Low
2026-07-30T03:00:00,R0025,51,56.4,3.8,4.0,11.9,Low
2026-07-30T03:00:00,R0026,59,38.7,3.9,1.5,3.4,Low
2026-07-30T03:00:00,R0027,57,27.7,3.2,12.9,1.8,Low
2026-07-30T03:00:00,R0028,51,27.3,3.2,4.6,6.8,Low
2026-07-30T03:00:00,R0029,132,44.4,4.0,8.2,10.8,Low
2026-07-30T03:00:00,R0030,64,35.5,3.7,9.1,13.8,Low
2026-07-30T03:00:00,R0031,92,46.4,3.6,7.0,11.3,Low
2026-07-30T03:00:00,R0032,128,49.0,3.2,2.6,0.6,Low
2026-07-30T03:00:00,R0033,55,28.1,3.9,1.8,9.6,Low
2026-07-30T03:00:00,R0034,40,97.8,3.1,0.9,11.6,Low
2026-07-30T03:00:00,R0035,54,38.6,3.5,5.8,6.8,Low
2026-07-30T03:00:00,R0036,96,28.3,4.0,13.3,12.6,Low
2026-07-30T03:00:00,R0037,119,46.6,3.9,3.1,3.5,Low
2026-07-30T03:00:00,R0038,41,39.9,3.4,1.6,3.4,Low
2026-07-30T03:00:00,R0039,49,99.3,3.5,1.0,5.3,Low
2026-07-30T03:00:00,R0040,177,27.3,3.7,10.2,1.6,Low
2026-07-30T03:00:00,R0041,58,35.5,3.9,4.9,4.1,Low
2026-07-30T03:00:00,R0042,65,92.3,3.9,0.9,14.6,Low
2026-07-30T03:00:00,R0043,120,36.4,4.1,1.7,0.6,Low
2026-07-30T03:00:00,R0044,66,28.2,3.7,7.9,1.5,Low
2026-07-30T03:00:00,R0045,49,26.4,3.7,10.8,13.1,Low
2026-07-30T03:00:00,R0046,66,71.8,3.0,2.3,2.6,Low
2026-07-30T03:00:00,R0047,124,38.9,4.1,3.5,12.0,Low
2026-07-30T03:00:00,R0048,40,27.8,3.4,8.2,3.5,Low
2026-07-30T03:00:00,R0049,157,57.4,3.5,6.2,9.5,Low
2026-07-30T03:00:00,R0050,82,30.5,3.2,9.7,2.5,Low
2026-07-30T04:00:00,R0001,206,44.2,11.7,4.0,5.0,Low
2026-07-30T04:00:00,R0002,235,35.2,13.9,2.9,6.5,Low
2026-07-30T04:00:00,R0003,647,36.1,13.8,7.0,10.3,Low
2026-07-30T04:00:00,R0004,372,49.4,15.9,6.7,9.1,Low
2026-07-30T04:00:00,R0005,207,50.9,14.6,3.0,7.3,Low
2026-07-30T04:00:00,R0006,221,24.8,13.3,10.4,3.2,Low
2026-07-30T04:00:00,R0007,198,45.4,12.2,4.5,9.9,Low
2026-07-30T04:00:00,R0008,171,52.9,16.5,4.7,0.8,Low
2026-07-30T04:00:00,R0009,426,54.1,16.1,1.3,6.6,Low
2026-07-30T04:00:00,R0010,158,27.8,14.7,5.5,8.0,Low
2026-07-30T04:00:00,R0011,682,39.9,16.3,2.3,2.9,Low
2026-07-30T04:00:00,R0012,212,52.9,13.9,2.6,12.2,Low
2026-07-30T04:00:00,R0013,191,50.1,16.7,4.7,0.7,Low
2026-07-30T04:00:00,R0014,405,34.8,15.7,10.6,3.0,Low
2026-07-30T04:00:00,R0015,164,45.0,14.2,1.7,11.6,Low
2026-07-30T04:00:00,R0016,259,50.5,14.2,3.6,14.6,Low
2026-07-30T04:00:00,R0017,215,25.5,15.0,5.6,4.2,Low
2026-07-30T04:00:00,R0018,826,41.3,15.4,1.8,2.6,Low
2026-07-30T04:00:00,R0019,237,84.0,14.3,0.6,9.4,Low
2026-07-30T04:00:00,R0020,259,27.1,12.2,11.5,4.2,Low
2026-07-30T04:00:00,R0021,174,33.5,11.6,10.2,14.0,Low
2026-07-30T04:00:00,R0022,202,82.0,16.0,1.9,11.7,Low
2026-07-30T04:00:00,R0023,203,27.8,14.7,12.6,5.6,Low
2026-07-30T04:00:00,R0024,219,40.2,15.1,7.7,5.9,Low
2026-07-30T04:00:00,R0025,222,51.4,16.5,4.4,4.3,Low
2026-07-30T04:00:00,R0026,185,36.4,12.3,1.6,9.7,Low
2026-07-30T04:00:00,R0027,244,28.0,13.6,12.8,0.3,Low
2026-07-30T04:00:00,R0028,210,28.0,13.2,4.5,4.8,Low
2026-07-30T04:00:00,R0029,426,44.1,12.9,8.3,12.4,Low
2026-07-30T04:00:00,R0030,210,37.7,12.2,8.6,11.9,Low
2026-07-30T04:00:00,R0031,324,45.5,12.6,7.1,5.8,Low
2026-07-30T04:00:00,R0032,552,45.5,13.7,2.8,14.4,Low
2026-07-30T04:00:00,R0033,173,26.2,12.3,1.9,7.2,Low
2026-07-30T04:00:00,R0034,172,85.5,13.5,1.0,0.8,Low
2026-07-30T04:00:00,R0035,236,34.1,15.1,6.6,2.9,Low
2026-07-30T04:00:00,R0036,380,26.9,15.8,14.0,7.3,Low
2026-07-30T04:00:00,R0037,407,44.7,13.2,3.2,4.3,Low
2026-07-30T04:00:00,R0038,157,36.4,12.8,1.8,0.6,Low
2026-07-30T04:00:00,R0039,169,81.7,12.1,1.2,2.3,Low
2026-07-30T04:00:00,R0040,580,28.6,12.0,9.7,4.3,Low
2026-07-30T04:00:00,R0041,187,33.9,12.4,5.1,14.0,Low
2026-07-30T04:00:00,R0042,238,85.0,14.3,0.9,13.1,Low
2026-07-30T04:00:00,R0043,403,34.0,13.7,1.8,3.1,Low
2026-07-30T04:00:00,R0044,240,25.5,13.6,8.8,10.2,Low
2026-07-30T04:00:00,R0045,172,26.6,13.1,10.7,1.0,Low
2026-07-30T04:00:00,R0046,275,69.4,12.6,2.4,14.1,Low
2026-07-30T04:00:00,R0047,415,35.8,13.6,3.8,3.8,Low
2026-07-30T04:00:00,R0048,146,24.7,12.2,9.3,4.6,Low
2026-07-30T04:00:00,R0049,563,50.2,12.5,7.1,11.4,Low
2026-07-30T04:00:00,R0050,302,26.9,11.7,11.0,5.7,Low
2026-07-30T05:00:00,R0001,159,44.1,9.0,4.0,4.4,Low
2026-07-30T05:00:00,R0002,161,38.2,9.5,2.7,2.9,Low
2026-07-30T05:00:00,R0003,355,39.0,7.6,6.5,5.2,Low
2026-07-30T05:00:00,R0004,210,53.3,9.0,6.2,1.9,Low
2026-07-30T05:00:00,R0005,129,54.6,9.1,2.8,3.0,Low
2026-07-30T05:00:00,R0006,145,28.5,8.7,9.0,8.9,Low
2026-07-30T05:00:00,R0007,123,46.2,7.6,4.4,10.5,Low
2026-07-30T05:00:00,R0008,101,55.2,9.7,4.5,2.3,Low
2026-07-30T05:00:00,R0009,251,55.7,9.5,1.3,0.4,Low
2026-07-30T05:00:00,R0010,92,26.6,8.5,5.7,10.0,Low
2026-07-30T05:00:00,R0011,332,46.4,7.9,1.9,13.7,Low
2026-07-30T05:00:00,R0012,149,57.6,9.7,2.4,14.7,Low
2026-07-30T05:00:00,R0013,83,56.3,7.2,4.2,6.2,Low
2026-07-30T05:00:00,R0014,257,34.6,10.0,10.7,14.7,Low
2026-07-30T05:00:00,R0015,106,47.3,9.2,1.6,1.3,Low
2026-07-30T05:00:00,R0016,143,57.2,7.8,3.2,0.3,Low
2026-07-30T05:00:00,R0017,141,25.0,9.8,5.8,9.9,Low
2026-07-30T05:00:00,R0018,452,46.4,8.4,1.6,10.4,Low
2026-07-30T05:00:00,R0019,137,85.8,8.3,0.6,1.0,Low
2026-07-30T05:00:00,R0020,193,27.3,9.1,11.4,11.1,Low
2026-07-30T05:00:00,R0021,133,35.9,8.9,9.6,6.0,Low
2026-07-30T05:00:00,R0022,92,89.7,7.3,1.7,14.6,Low
2026-07-30T05:00:00,R0023,138,26.3,10.0,13.4,8.8,Low
2026-07-30T05:00:00,R0024,144,44.6,9.9,6.9,0.3,Low
2026-07-30T05:00:00,R0025,100,55.2,7.5,4.1,14.5,Low
2026-07-30T05:00:00,R0026,142,33.8,9.4,1.7,2.8,Low
2026-07-30T05:00:00,R0027,174,28.5,9.7,12.6,9.3,Low
2026-07-30T05:00:00,R0028,148,25.2,9.3,5.0,12.4,Low
2026-07-30T05:00:00,R0029,321,43.4,9.8,8.4,10.6,Low
2026-07-30T05:00:00,R0030,136,34.0,7.9,9.5,3.0,Low
2026-07-30T05:00:00,R0031,201,44.7,7.8,7.2,6.3,Low
2026-07-30T05:00:00,R0032,357,45.3,8.9,2.8,4.1,Low
2026-07-30T05:00:00,R0033,103,28.1,7.3,1.8,5.9,Low
2026-07-30T05:00:00,R0034,104,96.5,8.2,0.9,11.2,Low
2026-07-30T05:00:00,R0035,156,36.0,10.0,6.3,2.0,Low
2026-07-30T05:00:00,R0036,227,25.9,9.5,14.6,6.6,Low
2026-07-30T05:00:00,R0037,230,48.3,7.4,3.0,1.9,Low
2026-07-30T05:00:00,R0038,123,38.0,10.1,1.7,7.0,Low
2026-07-30T05:00:00,R0039,133,92.0,9.6,1.1,12.0,Low
2026-07-30T05:00:00,R0040,416,28.5,8.6,9.7,6.9,Low
2026-07-30T05:00:00,R0041,154,35.9,10.2,4.8,6.9,Low
2026-07-30T05:00:00,R0042,162,94.7,9.7,0.8,8.3,Low
2026-07-30T05:00:00,R0043,230,36.5,7.8,1.7,14.5,Low
2026-07-30T05:00:00,R0044,170,28.4,9.6,7.9,0.5,Low
2026-07-30T05:00:00,R0045,114,27.9,8.7,10.2,12.5,Low
2026-07-30T05:00:00,R0046,161,77.5,7.4,2.1,8.2,Low
2026-07-30T05:00:00,R0047,241,35.6,7.9,3.8,4.2,Low
2026-07-30T05:00:00,R0048,106,25.4,8.9,9.0,2.4,Low
2026-07-30T05:00:00,R0049,444,51.0,9.8,7.0,3.5,Low
2026-07-30T05:00:00,R0050,224,27.4,8.7,10.8,11.5,Low
2026-07-30T06:00:00,R0001,685,34.8,38.9,5.1,1.7,Medium
2026-07-30T06:00:00,R0002,521,29.4,30.9,3.4,6.0,Medium
2026-07-30T06:00:00,R0003,1802,27.9,38.3,9.1,5.8,Medium
2026-07-30T06:00:00,R0004,727,42.6,31.1,7.8,8.6,Medium
2026-07-30T06:00:00,R0005,486,43.2,34.2,3.5,2.6,Medium
2026-07-30T06:00:00,R0006,622,22.0,37.3,11.7,3.9,Medium
2026-07-30T06:00:00,R0007,572,38.2,35.1,5.3,5.0,Medium
2026-07-30T06:00:00,R0008,378,39.4,36.5,6.4,9.1,Medium
2026-07-30T06:00:00,R0009,793,48.1,30.1,1.5,10.7,Medium
2026-07-30T06:00:00,R0010,419,21.1,38.9,7.2,8.8,Medium
2026-07-30T06:00:00,R0011,1450,37.7,34.6,2.4,14.4,Medium
2026-07-30T06:00:00,R0012,539,45.5,35.2,3.0,8.7,Medium
2026-07-30T06:00:00,R0013,410,42.1,35.7,5.6,3.1,Medium
2026-07-30T06:00:00,R0014,746,29.1,29.0,12.7,7.6,Medium
2026-07-30T06:00:00,R0015,390,35.8,33.7,2.2,14.7,Medium
2026-07-30T06:00:00,R0016,609,43.2,33.4,4.2,2.0,Medium
2026-07-30T06:00:00,R0017,423,23.6,29.5,6.1,8.6,Medium
2026-07-30T06:00:00,R0018,2070,32.4,38.6,2.3,8.6,Medium
2026-07-30T06:00:00,R0019,531,70.4,32.1,0.7,0.2,Medium
2026-07-30T06:00:00,R0020,648,21.7,30.6,14.4,1.8,Medium
2026-07-30T06:00:00,R0021,620,25.8,41.4,13.3,3.3,Medium
2026-07-30T06:00:00,R0022,396,74.9,31.4,2.1,1.0,Medium
2026-07-30T06:00:00,R0023,548,21.7,39.8,16.2,3.7,Medium
2026-07-30T06:00:00,R0024,502,33.1,34.6,9.3,9.6,Medium
2026-07-30T06:00:00,R0025,458,41.6,34.1,5.5,3.1,Medium
2026-07-30T06:00:00,R0026,561,27.5,37.2,2.1,2.7,Medium
2026-07-30T06:00:00,R0027,677,21.0,37.6,17.1,12.9,Medium
2026-07-30T06:00:00,R0028,484,23.4,30.4,5.4,10.1,Medium
2026-07-30T06:00:00,R0029,1000,38.5,30.4,9.5,6.6,Medium
2026-07-30T06:00:00,R0030,704,25.3,40.9,12.8,3.5,Medium
2026-07-30T06:00:00,R0031,869,38.7,33.7,8.4,4.9,Medium
2026-07-30T06:00:00,R0032,1655,35.4,41.1,3.6,3.1,Medium
2026-07-30T06:00:00,R0033,550,22.0,39.1,2.3,3.8,Medium
2026-07-30T06:00:00,R0034,437,71.9,34.4,1.2,4.4,Medium
2026-07-30T06:00:00,R0035,455,29.0,29.1,7.8,4.2,Medium
2026-07-30T06:00:00,R0036,830,20.4,34.6,18.5,13.1,Medium
2026-07-30T06:00:00,R0037,1169,32.3,37.9,4.5,9.8,Medium
2026-07-30T06:00:00,R0038,454,29.8,37.2,2.2,0.0,Medium
2026-07-30T06:00:00,R0039,446,78.3,32.1,1.2,14.0,Medium
2026-07-30T06:00:00,R0040,1837,21.5,38.1,12.9,1.4,Medium
2026-07-30T06:00:00,R0041,533,27.2,35.4,6.4,2.7,Medium
2026-07-30T06:00:00,R0042,653,64.3,39.1,1.2,7.0,Medium
2026-07-30T06:00:00,R0043,1202,25.5,40.8,2.4,3.9,Medium
2026-07-30T06:00:00,R0044,735,20.1,41.5,11.1,3.8,Medium
2026-07-30T06:00:00,R0045,431,21.6,32.9,13.2,4.6,Medium
2026-07-30T06:00:00,R0046,708,62.8,32.5,2.6,2.3,Medium
2026-07-30T06:00:00,R0047,1168,25.4,38.2,5.4,8.9,Medium
2026-07-30T06:00:00,R0048,483,19.5,40.5,11.8,1.3,Medium
2026-07-30T06:00:00,R0049,1681,43.1,37.2,8.3,10.3,Medium
2026-07-30T06:00:00,R0050,849,21.0,33.0,14.1,14.3,Medium
2026-07-30T07:00:00,R0001,1234,23.7,70.1,7.4,101.0,High
2026-07-30T07:00:00,R0002,1169,17.2,69.3,5.9,96.1,High
2026-07-30T07:00:00,R0003,3393,16.1,72.2,15.8,107.3,High
2026-07-30T07:00:00,R0004,1834,23.9,78.4,13.9,150.0,High
2026-07-30T07:00:00,R0005,1159,20.1,81.7,7.6,153.1,Severe
2026-07-30T07:00:00,R0006,1310,11.6,78.6,22.2,114.7,High
2026-07-30T07:00:00,R0007,1008,27.1,61.9,7.5,74.7,High
2026-07-30T07:00:00,R0008,839,22.4,80.9,11.2,164.5,Severe
2026-07-30T07:00:00,R0009,2085,23.5,79.0,3.0,124.6,High
2026-07-30T07:00:00,R0010,771,13.8,71.5,11.0,98.3,High
2026-07-30T07:00:00,R0011,2864,21.7,68.4,4.1,134.7,High
2026-07-30T07:00:00,R0012,930,31.9,60.8,4.3,67.4,High
2026-07-30T07:00:00,R0013,789,28.3,68.8,8.3,63.4,High
2026-07-30T07:00:00,R0014,1895,17.6,73.6,21.0,150.7,High
2026-07-30T07:00:00,R0015,726,26.7,62.8,2.9,90.5,High
2026-07-30T07:00:00,R0016,1478,22.0,81.0,8.2,148.7,Severe
2026-07-30T07:00:00,R0017,1175,11.5,81.9,12.5,140.1,Severe
2026-07-30T07:00:00,R0018,3515,23.8,65.5,3.1,80.7,High
2026-07-30T07:00:00,R0019,1087,46.4,65.8,1.1,118.2,High
2026-07-30T07:00:00,R0020,1276,16.1,60.2,19.4,50.9,High
2026-07-30T07:00:00,R0021,1007,17.6,67.2,19.5,76.4,High
2026-07-30T07:00:00,R0022,984,41.2,78.1,3.7,101.5,High
2026-07-30T07:00:00,R0023,968,13.4,70.3,26.2,140.0,High
2026-07-30T07:00:00,R0024,1129,19.6,77.9,15.7,152.1,High
2026-07-30T07:00:00,R0025,1075,20.8,80.1,10.9,128.7,Severe
2026-07-30T07:00:00,R0026,1232,15.1,81.6,3.9,150.9,Severe
2026-07-30T07:00:00,R0027,1295,12.7,72.0,28.2,114.0,High
2026-07-30T07:00:00,R0028,1197,12.2,75.2,10.3,145.8,High
2026-07-30T07:00:00,R0029,2649,17.6,80.5,20.8,135.9,Severe
2026-07-30T07:00:00,R0030,1187,18.9,68.9,17.1,79.5,High
2026-07-30T07:00:00,R0031,1927,21.9,74.8,14.8,113.3,High
2026-07-30T07:00:00,R0032,3291,19.4,81.8,6.5,96.9,Severe
2026-07-30T07:00:00,R0033,907,15.8,64.4,3.2,118.9,High
2026-07-30T07:00:00,R0034,774,48.0,60.9,1.8,51.9,High
2026-07-30T07:00:00,R0035,1311,13.1,83.9,17.2,154.0,Severe
2026-07-30T07:00:00,R0036,1925,10.4,80.1,36.3,152.9,Severe
2026-07-30T07:00:00,R0037,2024,25.5,65.5,5.7,72.7,High
2026-07-30T07:00:00,R0038,929,16.6,76.0,3.9,95.9,High
2026-07-30T07:00:00,R0039,825,52.3,59.3,1.9,55.3,High
2026-07-30T07:00:00,R0040,3820,12.0,79.1,23.2,131.8,High
2026-07-30T07:00:00,R0041,1113,17.1,74.0,10.2,152.4,High
2026-07-30T07:00:00,R0042,1156,44.0,69.3,1.8,81.9,High
2026-07-30T07:00:00,R0043,2125,17.2,72.2,3.6,106.9,High
2026-07-30T07:00:00,R0044,1076,16.1,60.8,13.9,54.9,High
2026-07-30T07:00:00,R0045,831,14.8,63.5,19.2,63.1,High
2026-07-30T07:00:00,R0046,1600,33.3,73.4,4.9,111.8,High
2026-07-30T07:00:00,R0047,2205,16.5,72.2,8.3,79.4,High
2026-07-30T07:00:00,R0048,966,10.9,81.0,21.0,132.7,Severe
2026-07-30T07:00:00,R0049,2683,31.8,59.4,11.2,71.1,High
2026-07-30T07:00:00,R0050,1874,13.3,72.7,22.3,82.8,High
2026-07-30T08:00:00,R0001,1550,16.8,88.1,10.5,115.8,Severe
2026-07-30T08:00:00,R0002,1336,14.6,79.2,6.9,85.5,High
2026-07-30T08:00:00,R0003,3491,15.8,74.3,16.1,141.7,High
2026-07-30T08:00:00,R0004,1876,21.2,80.2,15.7,81.5,Severe
2026-07-30T08:00:00,R0005,1249,18.0,88.0,8.4,183.3,Severe
2026-07-30T08:00:00,R0006,1244,12.6,74.6,20.4,102.0,High
2026-07-30T08:00:00,R0007,1099,22.4,67.5,9.1,70.5,High
2026-07-30T08:00:00,R0008,800,24.4,77.1,10.3,103.6,High
2026-07-30T08:00:00,R0009,1724,29.2,65.4,2.4,97.0,High
2026-07-30T08:00:00,R0010,996,8.6,92.4,17.7,178.9,Severe
2026-07-30T08:00:00,R0011,3407,19.4,81.4,4.6,185.7,Severe
2026-07-30T08:00:00,R0012,1135,24.1,74.2,5.7,95.3,High
2026-07-30T08:00:00,R0013,910,23.7,79.3,9.9,137.9,High
2026-07-30T08:00:00,R0014,1723,19.6,67.0,18.9,119.3,High
2026-07-30T08:00:00,R0015,847,21.8,73.3,3.6,109.2,High
2026-07-30T08:00:00,R0016,1648,18.8,90.3,9.6,179.9,Severe
2026-07-30T08:00:00,R0017,1214,10.8,84.7,13.3,155.9,Severe
2026-07-30T08:00:00,R0018,3970,21.8,74.0,3.4,90.4,High
2026-07-30T08:00:00,R0019,1257,42.7,76.1,1.2,150.7,High
2026-07-30T08:00:00,R0020,1621,11.5,76.5,27.1,112.0,High
2026-07-30T08:00:00,R0021,1095,16.2,73.1,21.2,140.0,High
2026-07-30T08:00:00,R0022,909,43.1,72.1,3.6,101.4,High
2026-07-30T08:00:00,R0023,1280,8.2,93.0,42.9,118.7,Severe
2026-07-30T08:00:00,R0024,979,23.7,67.6,13.0,104.8,High
2026-07-30T08:00:00,R0025,1032,23.6,76.9,9.6,79.8,High
2026-07-30T08:00:00,R0026,1203,15.1,79.7,3.9,97.2,High
2026-07-30T08:00:00,R0027,1223,13.1,68.0,27.3,64.5,High
2026-07-30T08:00:00,R0028,1311,10.2,82.3,12.4,116.5,Severe
2026-07-30T08:00:00,R0029,2303,24.1,70.0,15.2,136.9,High
2026-07-30T08:00:00,R0030,1233,17.1,71.6,18.9,83.1,High
2026-07-30T08:00:00,R0031,2035,17.7,79.0,18.3,156.6,High
2026-07-30T08:00:00,R0032,3217,19.9,79.9,6.3,99.5,High
2026-07-30T08:00:00,R0033,1238,9.9,87.9,5.1,114.1,Severe
2026-07-30T08:00:00,R0034,970,38.2,76.4,2.3,100.6,High
2026-07-30T08:00:00,R0035,1133,17.4,72.5,13.0,105.1,High
2026-07-30T08:00:00,R0036,2210,8.1,92.0,46.6,255.9,Severe
2026-07-30T08:00:00,R0037,2211,22.8,71.6,6.4,95.3,High
2026-07-30T08:00:00,R0038,844,19.3,69.1,3.4,85.2,High
2026-07-30T08:00:00,R0039,1165,35.0,83.8,2.8,149.6,Severe
2026-07-30T08:00:00,R0040,3820,11.9,79.1,23.3,88.5,High
2026-07-30T08:00:00,R0041,1265,14.6,84.1,11.9,95.8,Severe
2026-07-30T08:00:00,R0042,1151,47.3,69.0,1.7,96.0,High
2026-07-30T08:00:00,R0043,2253,15.2,76.5,4.1,128.5,High
2026-07-30T08:00:00,R0044,1215,13.8,68.6,16.2,122.7,High
2026-07-30T08:00:00,R0045,947,12.9,72.3,22.0,160.7,High
2026-07-30T08:00:00,R0046,1844,28.7,84.5,5.7,144.4,Severe
2026-07-30T08:00:00,R0047,2654,12.0,86.9,11.4,111.1,Severe
2026-07-30T08:00:00,R0048,844,13.1,70.7,17.5,139.3,High
2026-07-30T08:00:00,R0049,3384,25.4,74.9,14.0,144.1,High
2026-07-30T08:00:00,R0050,2105,10.6,81.7,28.0,155.6,Severe
2026-07-30T09:00:00,R0001,1219,24.5,69.3,7.2,69.8,High
2026-07-30T09:00:00,R0002,1163,19.4,68.9,5.2,84.0,High
2026-07-30T09:00:00,R0003,4034,12.9,85.8,19.7,145.4,Severe
2026-07-30T09:00:00,R0004,1742,24.4,74.5,13.6,111.5,High
2026-07-30T09:00:00,R0005,1247,19.0,87.9,8.0,231.4,Severe
2026-07-30T09:00:00,R0006,1134,14.0,68.0,18.4,105.1,High
2026-07-30T09:00:00,R0007,1526,12.7,93.7,16.1,199.8,Severe
2026-07-30T09:00:00,R0008,952,16.5,91.8,15.2,239.8,Severe
2026-07-30T09:00:00,R0009,1778,29.2,67.4,2.4,131.5,High
2026-07-30T09:00:00,R0010,927,9.8,86.0,15.6,98.2,Severe
2026-07-30T09:00:00,R0011,3926,13.6,93.7,6.6,112.1,Severe
2026-07-30T09:00:00,R0012,1331,19.3,87.0,7.1,111.5,Severe
2026-07-30T09:00:00,R0013,838,23.9,73.1,9.8,123.2,High
2026-07-30T09:00:00,R0014,2187,13.5,85.0,27.4,200.3,Severe
2026-07-30T09:00:00,R0015,1063,14.5,92.0,5.4,106.0,Severe
2026-07-30T09:00:00,R0016,1590,19.1,87.1,9.5,174.1,Severe
2026-07-30T09:00:00,R0017,1230,9.7,85.8,14.8,217.6,Severe
2026-07-30T09:00:00,R0018,3798,22.8,70.8,3.2,62.0,High
2026-07-30T09:00:00,R0019,1551,25.5,93.9,2.0,123.1,Severe
2026-07-30T09:00:00,R0020,1622,11.8,76.6,26.4,96.7,High
2026-07-30T09:00:00,R0021,1257,13.7,83.9,25.1,92.3,Severe
2026-07-30T09:00:00,R0022,960,42.3,76.2,3.6,147.3,High
2026-07-30T09:00:00,R0023,1212,9.7,88.0,36.2,140.8,Severe
2026-07-30T09:00:00,R0024,1010,21.8,69.7,14.1,133.5,High
2026-07-30T09:00:00,R0025,1281,15.5,95.5,14.6,112.6,Severe
2026-07-30T09:00:00,R0026,1070,17.2,70.9,3.4,115.4,High
2026-07-30T09:00:00,R0027,1242,14.7,69.0,24.4,89.8,High
2026-07-30T09:00:00,R0028,1489,8.6,93.5,14.7,228.2,Severe
2026-07-30T09:00:00,R0029,2784,17.4,84.6,21.0,174.6,Severe
2026-07-30T09:00:00,R0030,1468,13.6,85.2,23.7,224.2,Severe
2026-07-30T09:00:00,R0031,2272,16.3,88.2,19.9,222.6,Severe
2026-07-30T09:00:00,R0032,2944,20.0,73.1,6.3,114.2,High
2026-07-30T09:00:00,R0033,1152,11.4,81.8,4.4,139.3,Severe
2026-07-30T09:00:00,R0034,1060,35.0,83.5,2.5,92.0,Severe
2026-07-30T09:00:00,R0035,1325,14.2,84.8,15.9,110.8,Severe
2026-07-30T09:00:00,R0036,2023,10.5,84.2,35.9,110.2,Severe
2026-07-30T09:00:00,R0037,2175,24.0,70.4,6.0,96.7,High
2026-07-30T09:00:00,R0038,898,16.1,73.5,4.1,134.1,High
2026-07-30T09:00:00,R0039,1177,34.8,84.6,2.8,101.0,Severe
2026-07-30T09:00:00,R0040,4487,8.2,93.0,33.9,155.8,Severe
2026-07-30T09:00:00,R0041,1209,14.7,80.3,11.8,185.0,Severe
2026-07-30T09:00:00,R0042,1568,26.2,94.0,3.0,248.0,Severe
2026-07-30T09:00:00,R0043,2641,12.9,89.7,4.8,136.0,Severe
2026-07-30T09:00:00,R0044,1482,10.1,83.7,22.1,195.4,Severe
2026-07-30T09:00:00,R0045,877,14.3,67.0,19.9,81.5,High
2026-07-30T09:00:00,R0046,1663,33.0,76.2,5.0,164.9,High
2026-07-30T09:00:00,R0047,2586,14.4,84.6,9.5,124.6,Severe
2026-07-30T09:00:00,R0048,978,10.7,82.0,21.4,85.5,Severe
2026-07-30T09:00:00,R0049,3756,21.6,83.1,16.5,162.7,Severe
2026-07-30T09:00:00,R0050,2276,9.5,88.4,31.2,106.5,Severe
2026-07-30T10:00:00,R0001,1383,18.6,78.6,9.5,86.4,High
2026-07-30T10:00:00,R0002,1249,16.9,74.0,6.0,101.5,High
2026-07-30T10:00:00,R0003,3851,14.7,82.0,17.3,125.9,Severe
2026-07-30T10:00:00,R0004,1939,21.7,82.9,15.3,167.8,Severe
2026-07-30T10:00:00,R0005,1098,21.9,77.4,6.9,152.9,High
2026-07-30T10:00:00,R0006,1209,13.8,72.5,18.7,144.8,High
2026-07-30T10:00:00,R0007,1275,18.6,78.3,11.0,100.0,High
2026-07-30T10:00:00,R0008,742,26.2,71.6,9.6,91.3,High
2026-07-30T10:00:00,R0009,2014,22.9,76.3,3.1,179.1,High
2026-07-30T10:00:00,R0010,703,15.5,65.2,9.8,119.5,High
2026-07-30T10:00:00,R0011,3210,20.7,76.6,4.3,121.1,High
2026-07-30T10:00:00,R0012,1216,22.2,79.5,6.2,114.7,High
2026-07-30T10:00:00,R0013,895,23.4,78.0,10.1,142.1,High
2026-07-30T10:00:00,R0014,1804,17.6,70.1,21.0,67.8,High
2026-07-30T10:00:00,R0015,737,23.9,63.8,3.3,52.9,High
2026-07-30T10:00:00,R0016,1189,30.6,65.2,5.9,53.3,High
2026-07-30T10:00:00,R0017,1151,10.8,80.3,13.3,186.0,Severe
2026-07-30T10:00:00,R0018,4055,19.8,75.5,3.7,126.1,High
2026-07-30T10:00:00,R0019,1201,43.4,72.7,1.1,76.6,High
2026-07-30T10:00:00,R0020,1895,9.0,89.5,34.7,150.7,Severe
2026-07-30T10:00:00,R0021,1223,14.2,81.6,24.2,187.2,Severe
2026-07-30T10:00:00,R0022,941,42.9,74.7,3.6,80.6,High
2026-07-30T10:00:00,R0023,1175,10.4,85.3,33.8,119.4,Severe
2026-07-30T10:00:00,R0024,960,23.2,66.3,13.3,129.6,High
2026-07-30T10:00:00,R0025,930,27.1,69.3,8.4,61.2,High
2026-07-30T10:00:00,R0026,1103,17.3,73.1,3.4,160.8,High
2026-07-30T10:00:00,R0027,1374,12.7,76.4,28.2,132.5,High
2026-07-30T10:00:00,R0028,1009,14.6,63.4,8.6,87.2,High
2026-07-30T10:00:00,R0029,2905,16.5,88.2,22.2,129.4,Severe
2026-07-30T10:00:00,R0030,1177,17.7,68.3,18.2,134.9,High
2026-07-30T10:00:00,R0031,2203,17.4,85.6,18.6,144.9,Severe
2026-07-30T10:00:00,R0032,3062,20.1,76.1,6.3,99.6,High
2026-07-30T10:00:00,R0033,1071,11.3,76.1,4.5,86.5,High
2026-07-30T10:00:00,R0034,1098,33.9,86.5,2.6,152.0,Severe
2026-07-30T10:00:00,R0035,1193,15.8,76.4,14.3,153.7,High
2026-07-30T10:00:00,R0036,2010,10.8,83.7,34.9,182.1,Severe
2026-07-30T10:00:00,R0037,2096,22.7,67.9,6.4,95.1,High
2026-07-30T10:00:00,R0038,871,18.3,71.3,3.6,93.5,High
2026-07-30T10:00:00,R0039,919,47.2,66.1,2.1,128.9,High
2026-07-30T10:00:00,R0040,3305,14.1,68.5,19.7,94.0,High
2026-07-30T10:00:00,R0041,967,19.7,64.3,8.8,99.8,High
2026-07-30T10:00:00,R0042,1273,42.6,76.3,1.8,104.1,High
2026-07-30T10:00:00,R0043,1904,20.9,64.7,3.0,77.4,High
2026-07-30T10:00:00,R0044,1382,12.2,78.0,18.3,113.0,High
2026-07-30T10:00:00,R0045,1071,10.2,81.8,27.9,120.1,Severe
2026-07-30T10:00:00,R0046,1445,40.1,66.3,4.1,70.2,High
2026-07-30T10:00:00,R0047,2501,15.4,81.9,8.8,150.1,Severe
2026-07-30T10:00:00,R0048,919,11.9,77.0,19.3,110.2,High
2026-07-30T10:00:00,R0049,3402,25.0,75.3,14.2,175.0,High
2026-07-30T10:00:00,R0050,2264,10.0,87.9,29.6,223.6,Severe
2026-07-30T11:00:00,R0001,1118,26.5,63.5,6.6,74.7,High
2026-07-30T11:00:00,R0002,1183,17.7,70.1,5.7,114.5,High
2026-07-30T11:00:00,R0003,3039,20.9,64.7,12.1,67.5,High
2026-07-30T11:00:00,R0004,1531,29.1,65.5,11.4,71.5,High
2026-07-30T11:00:00,R0005,938,29.0,66.1,5.2,104.0,High
2026-07-30T11:00:00,R0006,939,16.5,56.3,15.6,62.8,High
2026-07-30T11:00:00,R0007,945,25.7,58.0,7.9,87.9,High
2026-07-30T11:00:00,R0008,626,32.4,60.4,7.7,66.0,High
2026-07-30T11:00:00,R0009,1504,32.4,57.0,2.2,54.9,High
2026-07-30T11:00:00,R0010,658,15.6,61.0,9.8,73.3,High
2026-07-30T11:00:00,R0011,2188,29.2,52.2,3.1,30.6,Medium
2026-07-30T11:00:00,R0012,796,37.4,52.0,3.7,45.8,Medium
2026-07-30T11:00:00,R0013,729,29.4,63.6,8.0,111.6,High
2026-07-30T11:00:00,R0014,1624,20.9,63.1,17.7,71.7,High
2026-07-30T11:00:00,R0015,810,23.6,70.1,3.3,137.3,High
2026-07-30T11:00:00,R0016,968,33.4,53.0,5.4,37.1,Medium
2026-07-30T11:00:00,R0017,791,17.8,55.2,8.1,31.9,High
2026-07-30T11:00:00,R0018,2737,28.6,51.0,2.6,28.6,Medium
2026-07-30T11:00:00,R0019,898,59.3,54.4,0.8,53.1,Medium
2026-07-30T11:00:00,R0020,1048,17.9,49.5,17.4,30.6,Medium
2026-07-30T11:00:00,R0021,776,24.1,51.8,14.2,48.5,Medium
2026-07-30T11:00:00,R0022,818,50.5,64.9,3.1,49.8,High
2026-07-30T11:00:00,R0023,963,14.2,69.9,24.8,140.9,High
2026-07-30T11:00:00,R0024,720,32.1,49.7,9.6,43.0,Medium
2026-07-30T11:00:00,R0025,904,26.4,67.4,8.6,115.5,High
2026-07-30T11:00:00,R0026,1057,18.5,70.0,3.2,111.4,High
2026-07-30T11:00:00,R0027,1255,13.4,69.8,26.7,113.2,High
2026-07-30T11:00:00,R0028,949,16.9,59.6,7.5,43.7,High
2026-07-30T11:00:00,R0029,1981,26.9,60.2,13.6,88.4,High
2026-07-30T11:00:00,R0030,1067,21.7,61.9,14.9,105.7,High
2026-07-30T11:00:00,R0031,1306,29.3,50.7,11.1,22.2,Medium
2026-07-30T11:00:00,R0032,2272,27.8,56.4,4.5,77.6,High
2026-07-30T11:00:00,R0033,952,13.2,67.6,3.8,62.9,High
2026-07-30T11:00:00,R0034,788,51.3,62.0,1.7,61.6,High
2026-07-30T11:00:00,R0035,1074,19.6,68.8,11.5,92.4,High
2026-07-30T11:00:00,R0036,1647,13.6,68.6,27.8,120.4,High
2026-07-30T11:00:00,R0037,1841,24.9,59.6,5.8,93.8,High
2026-07-30T11:00:00,R0038,722,22.0,59.1,3.0,59.2,High
2026-07-30T11:00:00,R0039,692,56.5,49.7,1.7,33.8,Medium
2026-07-30T11:00:00,R0040,3101,14.4,64.2,19.3,98.9,High
2026-07-30T11:00:00,R0041,969,20.3,64.4,8.6,84.9,High
2026-07-30T11:00:00,R0042,1152,45.6,69.1,1.7,97.5,High
2026-07-30T11:00:00,R0043,1580,22.2,53.7,2.8,29.1,Medium
2026-07-30T11:00:00,R0044,1116,14.5,63.0,15.4,67.0,High
2026-07-30T11:00:00,R0045,863,14.0,65.9,20.3,70.6,High
2026-07-30T11:00:00,R0046,1156,48.2,53.0,3.4,31.1,Medium
2026-07-30T11:00:00,R0047,1807,21.3,59.1,6.4,77.6,High
2026-07-30T11:00:00,R0048,751,15.8,63.0,14.5,49.1,High
2026-07-30T11:00:00,R0049,2519,32.3,55.7,11.0,38.3,High
2026-07-30T11:00:00,R0050,1432,16.3,55.6,18.2,55.6,High
2026-07-30T12:00:00,R0001,683,30.1,38.8,5.8,5.0,Medium
2026-07-30T12:00:00,R0002,632,23.7,37.5,4.3,0.4,Medium
2026-07-30T12:00:00,R0003,1618,24.1,34.4,10.5,14.1,Medium
2026-07-30T12:00:00,R0004,1023,30.9,43.7,10.8,16.8,Medium
2026-07-30T12:00:00,R0005,623,33.5,43.9,4.5,17.4,Medium
2026-07-30T12:00:00,R0006,652,16.6,39.1,15.5,7.7,Medium
2026-07-30T12:00:00,R0007,671,28.5,41.2,7.2,4.4,Medium
2026-07-30T12:00:00,R0008,488,33.7,47.1,7.4,32.9,Medium
2026-07-30T12:00:00,R0009,1185,34.8,44.9,2.0,11.2,Medium
2026-07-30T12:00:00,R0010,400,17.8,37.1,8.6,12.7,Medium
2026-07-30T12:00:00,R0011,1701,29.6,40.6,3.0,1.5,Medium
2026-07-30T12:00:00,R0012,565,36.9,36.9,3.7,2.5,Medium
2026-07-30T12:00:00,R0013,440,33.8,38.4,7.0,5.2,Medium
2026-07-30T12:00:00,R0014,1121,21.6,43.6,17.1,13.2,Medium
2026-07-30T12:00:00,R0015,401,31.8,34.7,2.5,5.5,Medium
2026-07-30T12:00:00,R0016,779,34.6,42.7,5.2,7.1,Medium
2026-07-30T12:00:00,R0017,661,16.3,46.1,8.8,20.0,Medium
2026-07-30T12:00:00,R0018,1928,32.0,35.9,2.3,11.3,Medium
2026-07-30T12:00:00,R0019,599,58.2,36.3,0.9,12.1,Medium
2026-07-30T12:00:00,R0020,919,17.2,43.4,18.1,11.3,Medium
2026-07-30T12:00:00,R0021,654,21.6,43.7,15.9,9.7,Medium
2026-07-30T12:00:00,R0022,535,59.9,42.5,2.6,7.3,Medium
2026-07-30T12:00:00,R0023,550,17.7,39.9,19.9,8.1,Medium
2026-07-30T12:00:00,R0024,660,28.0,45.5,11.0,12.0,Medium
2026-07-30T12:00:00,R0025,641,32.7,47.8,6.9,35.8,Medium
2026-07-30T12:00:00,R0026,645,23.5,42.7,2.5,6.3,Medium
2026-07-30T12:00:00,R0027,689,18.6,38.3,19.3,3.0,Medium
2026-07-30T12:00:00,R0028,547,19.1,34.4,6.6,12.5,Medium
2026-07-30T12:00:00,R0029,1173,31.7,35.6,11.5,10.3,Medium
2026-07-30T12:00:00,R0030,703,23.9,40.8,13.5,2.6,Medium
2026-07-30T12:00:00,R0031,929,28.9,36.1,11.2,7.6,Medium
2026-07-30T12:00:00,R0032,1650,29.7,41.0,4.2,4.4,Medium
2026-07-30T12:00:00,R0033,587,17.6,41.7,2.9,4.4,Medium
2026-07-30T12:00:00,R0034,431,64.8,33.9,1.4,1.1,Medium
2026-07-30T12:00:00,R0035,575,24.5,36.8,9.2,6.1,Medium
2026-07-30T12:00:00,R0036,1105,15.6,46.0,24.2,12.2,Medium
2026-07-30T12:00:00,R0037,1162,29.8,37.6,4.9,5.6,Medium
2026-07-30T12:00:00,R0038,501,24.0,41.0,2.7,4.7,Medium
2026-07-30T12:00:00,R0039,516,58.9,37.1,1.7,8.2,Medium
2026-07-30T12:00:00,R0040,2273,17.1,47.1,16.2,19.2,Medium
2026-07-30T12:00:00,R0041,660,21.5,43.9,8.1,7.9,Medium
2026-07-30T12:00:00,R0042,557,61.2,33.4,1.3,7.3,Medium
2026-07-30T12:00:00,R0043,989,25.3,33.6,2.4,4.4,Medium
2026-07-30T12:00:00,R0044,733,16.4,41.4,13.6,3.5,Medium
2026-07-30T12:00:00,R0045,513,16.7,39.2,17.0,8.0,Medium
2026-07-30T12:00:00,R0046,788,48.0,36.1,3.4,2.4,Medium
2026-07-30T12:00:00,R0047,1314,23.1,43.0,5.9,7.0,Medium
2026-07-30T12:00:00,R0048,478,16.1,40.1,14.2,0.4,Medium
2026-07-30T12:00:00,R0049,1677,35.7,37.1,10.0,7.8,Medium
2026-07-30T12:00:00,R0050,1203,16.1,46.7,18.4,25.1,Medium
2026-07-30T13:00:00,R0001,698,35.3,39.7,5.0,4.3,Medium
2026-07-30T13:00:00,R0002,647,27.2,38.4,3.7,12.4,Medium
2026-07-30T13:00:00,R0003,1791,26.3,38.1,9.7,10.5,Medium
2026-07-30T13:00:00,R0004,739,42.9,31.6,7.7,4.4,Medium
2026-07-30T13:00:00,R0005,524,40.2,36.9,3.8,0.0,Medium
2026-07-30T13:00:00,R0006,613,19.9,36.8,12.9,1.6,Medium
2026-07-30T13:00:00,R0007,503,36.5,30.9,5.6,7.1,Medium
2026-07-30T13:00:00,R0008,296,49.0,28.5,5.1,10.7,Medium
2026-07-30T13:00:00,R0009,844,42.9,32.0,1.6,6.7,Medium
2026-07-30T13:00:00,R0010,384,20.1,35.6,7.6,2.8,Medium
2026-07-30T13:00:00,R0011,1615,33.0,38.6,2.7,5.7,Medium
2026-07-30T13:00:00,R0012,592,42.1,38.7,3.2,5.1,Medium
2026-07-30T13:00:00,R0013,417,39.0,36.4,6.0,11.0,Medium
2026-07-30T13:00:00,R0014,874,30.2,34.0,12.2,14.3,Medium
2026-07-30T13:00:00,R0015,455,36.1,39.4,2.2,7.7,Medium
2026-07-30T13:00:00,R0016,592,43.7,32.4,4.1,10.3,Medium
2026-07-30T13:00:00,R0017,557,19.6,38.8,7.3,13.8,Medium
2026-07-30T13:00:00,R0018,2041,37.0,38.0,2.0,13.2,Medium
2026-07-30T13:00:00,R0019,519,69.5,31.4,0.7,1.7,Medium
2026-07-30T13:00:00,R0020,669,22.5,31.6,13.9,12.1,Medium
2026-07-30T13:00:00,R0021,585,27.8,39.1,12.3,0.1,Medium
2026-07-30T13:00:00,R0022,382,70.2,30.3,2.2,5.4,Medium
2026-07-30T13:00:00,R0023,470,20.1,34.1,17.5,5.2,Medium
2026-07-30T13:00:00,R0024,438,38.3,30.2,8.1,7.0,Medium
2026-07-30T13:00:00,R0025,457,42.7,34.1,5.3,14.3,Medium
2026-07-30T13:00:00,R0026,462,29.9,30.6,2.0,11.0,Medium
2026-07-30T13:00:00,R0027,627,22.8,34.9,15.7,5.7,Medium
2026-07-30T13:00:00,R0028,536,20.3,33.7,6.2,9.1,Medium
2026-07-30T13:00:00,R0029,1039,35.0,31.6,10.5,8.2,Medium
2026-07-30T13:00:00,R0030,595,26.8,34.5,12.0,10.5,Medium
2026-07-30T13:00:00,R0031,918,33.7,35.7,9.6,7.0,Medium
2026-07-30T13:00:00,R0032,1483,35.1,36.8,3.6,5.9,Medium
2026-07-30T13:00:00,R0033,450,22.4,32.0,2.2,14.1,Medium
2026-07-30T13:00:00,R0034,460,65.7,36.2,1.4,6.9,Medium
2026-07-30T13:00:00,R0035,608,25.6,38.9,8.8,14.8,Medium
2026-07-30T13:00:00,R0036,952,19.0,39.6,19.9,14.0,Medium
2026-07-30T13:00:00,R0037,1003,38.5,32.5,3.8,6.3,Medium
2026-07-30T13:00:00,R0038,408,29.6,33.4,2.2,11.6,Medium
2026-07-30T13:00:00,R0039,395,77.3,28.4,1.3,2.8,Medium
2026-07-30T13:00:00,R0040,1557,21.5,32.3,12.9,7.0,Medium
2026-07-30T13:00:00,R0041,483,27.6,32.1,6.3,2.2,Medium
2026-07-30T13:00:00,R0042,474,75.9,28.4,1.0,14.3,Medium
2026-07-30T13:00:00,R0043,867,32.3,29.4,1.9,11.0,Medium
2026-07-30T13:00:00,R0044,634,21.7,35.8,10.3,12.4,Medium
2026-07-30T13:00:00,R0045,384,22.7,29.3,12.5,10.5,Medium
2026-07-30T13:00:00,R0046,768,59.8,35.2,2.7,1.1,Medium
2026-07-30T13:00:00,R0047,1115,28.2,36.5,4.8,5.7,Medium
2026-07-30T13:00:00,R0048,384,22.4,32.2,10.2,13.4,Medium
2026-07-30T13:00:00,R0049,1541,45.3,34.1,7.9,6.0,Medium
2026-07-30T13:00:00,R0050,754,21.1,29.3,14.0,0.8,Medium
2026-07-30T14:00:00,R0001,557,38.1,31.6,4.6,11.1,Medium
2026-07-30T14:00:00,R0002,476,29.2,28.2,3.5,4.1,Medium
2026-07-30T14:00:00,R0003,1607,27.2,34.2,9.3,2.0,Medium
2026-07-30T14:00:00,R0004,912,42.9,39.0,7.7,2.7,Medium
2026-07-30T14:00:00,R0005,461,42.9,32.5,3.5,11.9,Medium
2026-07-30T14:00:00,R0006,562,20.4,33.7,12.6,11.1,Medium
2026-07-30T14:00:00,R0007,527,35.3,32.4,5.8,5.6,Medium
2026-07-30T14:00:00,R0008,348,42.3,33.6,5.9,3.6,Medium
2026-07-30T14:00:00,R0009,855,40.7,32.4,1.7,11.6,Medium
2026-07-30T14:00:00,R0010,319,21.0,29.6,7.3,9.8,Medium
2026-07-30T14:00:00,R0011,1547,36.6,36.9,2.5,7.4,Medium
2026-07-30T14:00:00,R0012,460,46.6,30.1,2.9,10.5,Medium
2026-07-30T14:00:00,R0013,350,47.6,30.5,4.9,1.6,Medium
2026-07-30T14:00:00,R0014,1015,28.7,39.4,12.9,10.3,Medium
2026-07-30T14:00:00,R0015,450,35.3,38.9,2.2,2.9,Medium
2026-07-30T14:00:00,R0016,601,40.8,32.9,4.4,5.8,Medium
2026-07-30T14:00:00,R0017,524,20.7,36.5,7.0,5.0,Medium
2026-07-30T14:00:00,R0018,1867,37.7,34.8,1.9,0.7,Medium
2026-07-30T14:00:00,R0019,532,69.5,32.2,0.7,10.4,Medium
2026-07-30T14:00:00,R0020,611,23.3,28.8,13.4,4.3,Medium
2026-07-30T14:00:00,R0021,449,32.0,30.0,10.7,0.3,Medium
2026-07-30T14:00:00,R0022,414,67.5,32.9,2.3,7.3,Medium
2026-07-30T14:00:00,R0023,463,21.1,33.6,16.7,2.0,Medium
2026-07-30T14:00:00,R0024,465,37.7,32.1,8.2,11.7,Medium
2026-07-30T14:00:00,R0025,456,43.8,34.0,5.2,3.0,Medium
2026-07-30T14:00:00,R0026,468,28.2,31.0,2.1,3.7,Medium
2026-07-30T14:00:00,R0027,545,22.5,30.3,15.9,8.4,Medium
2026-07-30T14:00:00,R0028,621,19.5,39.0,6.5,9.6,Medium
2026-07-30T14:00:00,R0029,1233,35.0,37.5,10.5,3.8,Medium
2026-07-30T14:00:00,R0030,530,27.7,30.8,11.7,4.6,Medium
2026-07-30T14:00:00,R0031,942,32.6,36.6,9.9,3.3,Medium
2026-07-30T14:00:00,R0032,1454,36.7,36.1,3.4,6.8,Medium
2026-07-30T14:00:00,R0033,507,20.8,36.0,2.4,2.4,Medium
2026-07-30T14:00:00,R0034,411,74.1,32.4,1.2,14.2,Medium
2026-07-30T14:00:00,R0035,444,30.5,28.4,7.4,4.9,Medium
2026-07-30T14:00:00,R0036,810,20.1,33.7,18.8,4.7,Medium
2026-07-30T14:00:00,R0037,1158,35.0,37.5,4.1,6.8,Medium
2026-07-30T14:00:00,R0038,379,28.8,31.0,2.3,5.7,Medium
2026-07-30T14:00:00,R0039,524,74.2,37.7,1.3,6.6,Medium
2026-07-30T14:00:00,R0040,1561,23.2,32.3,12.0,6.4,Medium
2026-07-30T14:00:00,R0041,515,27.6,34.2,6.3,11.2,Medium
2026-07-30T14:00:00,R0042,567,75.4,34.0,1.0,11.7,Medium
2026-07-30T14:00:00,R0043,889,30.9,30.2,2.0,12.0,Medium
2026-07-30T14:00:00,R0044,562,21.0,31.7,10.6,0.0,Medium
2026-07-30T14:00:00,R0045,432,21.3,33.0,13.4,8.3,Medium
2026-07-30T14:00:00,R0046,651,63.4,29.8,2.6,3.9,Medium
2026-07-30T14:00:00,R0047,926,29.8,30.3,4.6,7.5,Medium
2026-07-30T14:00:00,R0048,360,21.7,30.2,10.6,2.5,Medium
2026-07-30T14:00:00,R0049,1639,43.9,36.3,8.1,6.9,Medium
2026-07-30T14:00:00,R0050,933,21.9,36.2,13.5,2.1,Medium
2026-07-30T15:00:00,R0001,940,23.3,53.4,7.5,34.3,Medium
2026-07-30T15:00:00,R0002,699,21.3,41.4,4.8,5.9,Medium
2026-07-30T15:00:00,R0003,2227,22.0,47.4,11.5,31.4,Medium
2026-07-30T15:00:00,R0004,1163,31.6,49.7,10.5,19.9,Medium
2026-07-30T15:00:00,R0005,634,33.3,44.7,4.6,9.5,Medium
2026-07-30T15:00:00,R0006,664,18.2,39.8,14.1,10.3,Medium
2026-07-30T15:00:00,R0007,714,28.2,43.9,7.2,17.1,Medium
2026-07-30T15:00:00,R0008,462,30.3,44.6,8.3,22.1,Medium
2026-07-30T15:00:00,R0009,1194,30.4,45.3,2.3,18.4,Medium
2026-07-30T15:00:00,R0010,566,14.2,52.5,10.7,35.1,Medium
2026-07-30T15:00:00,R0011,1821,29.7,43.5,3.0,9.1,Medium
2026-07-30T15:00:00,R0012,753,32.9,49.2,4.2,22.5,Medium
2026-07-30T15:00:00,R0013,642,30.3,56.0,7.8,74.5,High
2026-07-30T15:00:00,R0014,1106,22.6,43.0,16.4,12.8,Medium
2026-07-30T15:00:00,R0015,650,22.4,56.2,3.5,69.6,High
2026-07-30T15:00:00,R0016,824,30.8,45.2,5.9,17.0,Medium
2026-07-30T15:00:00,R0017,759,14.7,52.9,9.8,46.6,Medium
2026-07-30T15:00:00,R0018,3029,23.1,56.4,3.2,63.1,High
2026-07-30T15:00:00,R0019,753,52.9,45.6,0.9,22.9,Medium
2026-07-30T15:00:00,R0020,1174,14.4,55.4,21.7,66.3,High
2026-07-30T15:00:00,R0021,612,21.7,40.9,15.8,3.2,Medium
2026-07-30T15:00:00,R0022,499,55.4,39.6,2.8,7.8,Medium
2026-07-30T15:00:00,R0023,545,16.7,39.6,21.1,7.7,Medium
2026-07-30T15:00:00,R0024,712,27.5,49.1,11.2,35.8,Medium
2026-07-30T15:00:00,R0025,623,34.1,46.4,6.7,27.9,Medium
2026-07-30T15:00:00,R0026,645,21.0,42.7,2.8,10.9,Medium
2026-07-30T15:00:00,R0027,880,16.2,48.9,22.1,37.5,Medium
2026-07-30T15:00:00,R0028,797,16.4,50.1,7.7,36.4,Medium
2026-07-30T15:00:00,R0029,1358,29.7,41.3,12.3,3.6,Medium
2026-07-30T15:00:00,R0030,907,21.1,52.6,15.3,51.5,Medium
2026-07-30T15:00:00,R0031,1276,25.5,49.6,12.7,29.7,Medium
2026-07-30T15:00:00,R0032,1827,27.5,45.4,4.6,23.0,Medium
2026-07-30T15:00:00,R0033,718,14.4,51.0,3.5,38.3,Medium
2026-07-30T15:00:00,R0034,672,49.0,52.9,1.8,46.6,Medium
2026-07-30T15:00:00,R0035,821,20.2,52.6,11.2,40.7,Medium
2026-07-30T15:00:00,R0036,1314,13.7,54.7,27.5,73.3,Medium
2026-07-30T15:00:00,R0037,1277,26.1,41.4,5.6,6.5,Medium
2026-07-30T15:00:00,R0038,532,22.8,43.5,2.9,15.5,Medium
2026-07-30T15:00:00,R0039,752,52.0,54.1,1.9,40.6,Medium
2026-07-30T15:00:00,R0040,2487,14.1,51.5,19.7,37.0,Medium
2026-07-30T15:00:00,R0041,811,19.0,53.9,9.2,52.4,Medium
2026-07-30T15:00:00,R0042,800,53.4,48.0,1.5,39.3,Medium
2026-07-30T15:00:00,R0043,1186,23.1,40.3,2.7,1.4,Medium
2026-07-30T15:00:00,R0044,843,14.7,47.6,15.2,28.0,Medium
2026-07-30T15:00:00,R0045,589,15.4,45.0,18.5,22.7,Medium
2026-07-30T15:00:00,R0046,1053,44.4,48.3,3.7,36.7,Medium
2026-07-30T15:00:00,R0047,1565,18.6,51.2,7.3,36.8,Medium
2026-07-30T15:00:00,R0048,509,17.8,42.7,12.9,6.8,Medium
2026-07-30T15:00:00,R0049,1999,32.9,44.2,10.8,11.7,Medium
2026-07-30T15:00:00,R0050,1105,16.9,42.9,17.5,6.6,Medium
2026-07-30T16:00:00,R0001,433,40.9,24.6,4.3,8.3,Low
2026-07-30T16:00:00,R0002,423,31.8,25.1,3.2,5.5,Medium
2026-07-30T16:00:00,R0003,1401,28.0,29.8,9.1,10.1,Medium
2026-07-30T16:00:00,R0004,688,47.4,29.4,7.0,2.8,Medium
2026-07-30T16:00:00,R0005,339,49.3,23.9,3.1,1.3,Low
2026-07-30T16:00:00,R0006,478,23.6,28.7,10.9,10.9,Medium
2026-07-30T16:00:00,R0007,359,41.8,22.1,4.9,10.2,Low
2026-07-30T16:00:00,R0008,299,42.3,28.8,5.9,0.3,Medium
2026-07-30T16:00:00,R0009,649,44.9,24.6,1.6,8.4,Low
2026-07-30T16:00:00,R0010,319,22.2,29.6,6.9,12.7,Medium
2026-07-30T16:00:00,R0011,886,38.7,21.2,2.3,0.5,Low
2026-07-30T16:00:00,R0012,370,50.6,24.2,2.7,1.5,Low
2026-07-30T16:00:00,R0013,307,46.1,26.8,5.1,14.1,Medium
2026-07-30T16:00:00,R0014,573,30.9,22.3,12.0,0.4,Low
2026-07-30T16:00:00,R0015,291,38.0,25.2,2.1,13.0,Medium
2026-07-30T16:00:00,R0016,488,47.3,26.7,3.8,8.0,Medium
2026-07-30T16:00:00,R0017,315,24.1,22.0,6.0,15.0,Low
2026-07-30T16:00:00,R0018,1551,40.2,28.9,1.8,12.3,Medium
2026-07-30T16:00:00,R0019,365,77.5,22.1,0.6,0.0,Low
2026-07-30T16:00:00,R0020,507,22.4,23.9,13.9,7.1,Low
2026-07-30T16:00:00,R0021,410,32.6,27.4,10.5,11.2,Medium
2026-07-30T16:00:00,R0022,376,70.0,29.8,2.2,0.2,Medium
2026-07-30T16:00:00,R0023,375,22.4,27.2,15.7,3.8,Medium
2026-07-30T16:00:00,R0024,351,38.3,24.2,8.1,7.7,Low
2026-07-30T16:00:00,R0025,338,47.3,25.2,4.8,10.1,Medium
2026-07-30T16:00:00,R0026,373,30.4,24.7,1.9,2.5,Low
2026-07-30T16:00:00,R0027,438,24.7,24.3,14.5,11.4,Low
2026-07-30T16:00:00,R0028,435,22.2,27.3,5.7,8.8,Medium
2026-07-30T16:00:00,R0029,870,38.8,26.4,9.4,8.2,Medium
2026-07-30T16:00:00,R0030,443,31.6,25.7,10.2,10.7,Medium
2026-07-30T16:00:00,R0031,571,42.0,22.2,7.7,2.0,Low
2026-07-30T16:00:00,R0032,876,43.5,21.8,2.9,14.4,Low
2026-07-30T16:00:00,R0033,305,24.2,21.7,2.1,2.8,Low
2026-07-30T16:00:00,R0034,325,82.3,25.6,1.1,14.3,Medium
2026-07-30T16:00:00,R0035,422,30.2,27.0,7.5,9.0,Medium
2026-07-30T16:00:00,R0036,577,25.4,24.0,14.9,13.1,Low
2026-07-30T16:00:00,R0037,813,37.8,26.3,3.8,4.4,Medium
2026-07-30T16:00:00,R0038,262,34.2,21.4,1.9,6.8,Low
2026-07-30T16:00:00,R0039,336,79.0,24.2,1.2,12.3,Low
2026-07-30T16:00:00,R0040,1077,25.6,22.3,10.9,13.5,Low
2026-07-30T16:00:00,R0041,450,29.6,29.9,5.9,3.3,Medium
2026-07-30T16:00:00,R0042,410,77.0,24.6,1.0,2.6,Low
2026-07-30T16:00:00,R0043,788,30.8,26.8,2.0,13.0,Medium
2026-07-30T16:00:00,R0044,380,25.0,21.5,8.9,11.4,Low
2026-07-30T16:00:00,R0045,369,24.3,28.2,11.7,10.9,Medium
2026-07-30T16:00:00,R0046,648,58.6,29.7,2.8,7.5,Medium
2026-07-30T16:00:00,R0047,650,30.1,21.3,4.5,3.6,Low
2026-07-30T16:00:00,R0048,263,23.4,22.0,9.8,2.7,Low
2026-07-30T16:00:00,R0049,968,51.9,21.4,6.9,0.1,Low
2026-07-30T16:00:00,R0050,720,21.7,28.0,13.7,13.7,Medium
2026-07-30T17:00:00,R0001,1309,21.4,74.4,8.2,69.4,High
2026-07-30T17:00:00,R0002,1396,15.0,82.8,6.8,200.5,Severe
2026-07-30T17:00:00,R0003,3502,16.3,74.5,15.6,161.5,High
2026-07-30T17:00:00,R0004,1525,29.4,65.2,11.3,57.9,High
2026-07-30T17:00:00,R0005,1152,20.7,81.2,7.3,110.2,Severe
2026-07-30T17:00:00,R0006,1199,13.6,71.9,18.9,123.1,High
2026-07-30T17:00:00,R0007,1037,23.0,63.7,8.9,101.2,High
2026-07-30T17:00:00,R0008,858,22.3,82.7,11.2,144.4,Severe
2026-07-30T17:00:00,R0009,2129,21.9,80.7,3.2,145.5,Severe
2026-07-30T17:00:00,R0010,753,13.4,69.9,11.4,129.3,High
2026-07-30T17:00:00,R0011,2981,21.4,71.2,4.2,86.6,High
2026-07-30T17:00:00,R0012,899,32.5,58.8,4.2,50.6,High
2026-07-30T17:00:00,R0013,706,31.5,61.6,7.5,87.3,High
2026-07-30T17:00:00,R0014,1978,15.9,76.9,23.2,172.8,High
2026-07-30T17:00:00,R0015,942,19.0,81.5,4.1,162.1,Severe
2026-07-30T17:00:00,R0016,1196,31.2,65.5,5.8,72.0,High
2026-07-30T17:00:00,R0017,903,14.9,63.0,9.7,49.9,High
2026-07-30T17:00:00,R0018,4435,18.0,82.6,4.1,156.4,Severe
2026-07-30T17:00:00,R0019,1230,41.6,74.5,1.2,72.3,High
2026-07-30T17:00:00,R0020,1553,13.2,73.3,23.6,108.2,High
2026-07-30T17:00:00,R0021,1153,15.2,77.0,22.6,98.6,High
2026-07-30T17:00:00,R0022,780,50.1,61.9,3.1,99.4,High
2026-07-30T17:00:00,R0023,1085,11.3,78.8,31.1,146.2,High
2026-07-30T17:00:00,R0024,1102,19.4,76.1,15.9,90.4,High
2026-07-30T17:00:00,R0025,1106,21.8,82.4,10.4,209.6,Severe
2026-07-30T17:00:00,R0026,1002,19.7,66.4,3.0,70.4,High
2026-07-30T17:00:00,R0027,1159,14.8,64.4,24.2,72.2,High
2026-07-30T17:00:00,R0028,988,14.7,62.1,8.6,46.6,High
2026-07-30T17:00:00,R0029,2491,20.3,75.7,18.0,81.5,High
2026-07-30T17:00:00,R0030,1071,19.1,62.2,16.9,85.2,High
2026-07-30T17:00:00,R0031,1551,27.2,60.2,11.9,41.6,High
2026-07-30T17:00:00,R0032,2582,26.2,64.1,4.8,100.1,High
2026-07-30T17:00:00,R0033,840,16.6,59.7,3.0,68.5,High
2026-07-30T17:00:00,R0034,1006,38.7,79.2,2.3,158.6,High
2026-07-30T17:00:00,R0035,1296,13.5,83.0,16.7,166.5,Severe
2026-07-30T17:00:00,R0036,1669,12.6,69.5,30.0,60.3,High
2026-07-30T17:00:00,R0037,1879,26.5,60.8,5.5,77.0,High
2026-07-30T17:00:00,R0038,878,16.2,71.8,4.0,108.4,High
2026-07-30T17:00:00,R0039,1130,36.0,81.2,2.7,159.6,Severe
2026-07-30T17:00:00,R0040,3745,12.3,77.6,22.6,133.8,High
2026-07-30T17:00:00,R0041,1197,14.9,79.5,11.7,184.3,High
2026-07-30T17:00:00,R0042,1066,47.9,63.9,1.6,51.6,High
2026-07-30T17:00:00,R0043,2296,15.4,78.0,4.0,102.1,High
2026-07-30T17:00:00,R0044,1128,15.8,63.7,14.1,106.7,High
2026-07-30T17:00:00,R0045,940,13.3,71.8,21.4,108.9,High
2026-07-30T17:00:00,R0046,1478,39.7,67.8,4.1,66.1,High
2026-07-30T17:00:00,R0047,2091,18.0,68.4,7.6,99.2,High
2026-07-30T17:00:00,R0048,828,13.7,69.4,16.7,71.1,High
2026-07-30T17:00:00,R0049,3201,25.6,70.8,13.9,78.6,High
2026-07-30T17:00:00,R0050,1532,16.5,59.5,18.0,64.0,High
2026-07-30T18:00:00,R0001,1682,13.3,95.6,13.2,189.7,Severe
2026-07-30T18:00:00,R0002,1431,13.3,84.8,7.6,175.6,Severe
2026-07-30T18:00:00,R0003,4146,13.2,88.2,19.2,222.9,Severe
2026-07-30T18:00:00,R0004,1823,22.1,77.9,15.0,147.5,High
2026-07-30T18:00:00,R0005,1164,20.0,82.0,7.6,196.0,Severe
2026-07-30T18:00:00,R0006,1329,12.1,79.7,21.3,164.8,High
2026-07-30T18:00:00,R0007,1574,11.9,96.7,17.1,153.2,Severe
2026-07-30T18:00:00,R0008,923,17.5,89.0,14.3,142.9,Severe
2026-07-30T18:00:00,R0009,2182,20.2,82.7,3.5,111.7,Severe
2026-07-30T18:00:00,R0010,1051,6.9,97.5,22.1,119.9,Severe
2026-07-30T18:00:00,R0011,3874,15.1,92.5,6.0,157.2,Severe
2026-07-30T18:00:00,R0012,1167,24.4,76.3,5.6,171.3,High
2026-07-30T18:00:00,R0013,1117,14.9,97.4,15.8,169.1,Severe
2026-07-30T18:00:00,R0014,2308,11.3,89.7,32.7,200.6,Severe
2026-07-30T18:00:00,R0015,1104,13.9,95.5,5.6,154.4,Severe
2026-07-30T18:00:00,R0016,1334,25.8,73.1,7.0,136.4,High
2026-07-30T18:00:00,R0017,1399,6.9,97.6,20.9,160.4,Severe
2026-07-30T18:00:00,R0018,4766,15.0,88.8,4.9,223.6,Severe
2026-07-30T18:00:00,R0019,1446,33.3,87.5,1.5,177.7,Severe
2026-07-30T18:00:00,R0020,2055,7.2,97.0,43.3,256.2,Severe
2026-07-30T18:00:00,R0021,1217,14.7,81.2,23.3,108.9,Severe
2026-07-30T18:00:00,R0022,1104,30.9,87.6,5.0,133.3,Severe
2026-07-30T18:00:00,R0023,1421,6.4,100.0,54.9,261.7,Severe
2026-07-30T18:00:00,R0024,1503,10.4,100.0,29.7,245.8,Severe
2026-07-30T18:00:00,R0025,1081,20.7,80.6,11.0,130.3,Severe
2026-07-30T18:00:00,R0026,1542,8.3,100.0,7.1,225.8,Severe
2026-07-30T18:00:00,R0027,1591,9.9,88.4,36.2,109.0,Severe
2026-07-30T18:00:00,R0028,1499,8.3,94.2,15.2,217.2,Severe
2026-07-30T18:00:00,R0029,3372,11.8,100.0,31.0,127.6,Severe
2026-07-30T18:00:00,R0030,1507,12.5,87.5,25.8,139.2,Severe
2026-07-30T18:00:00,R0031,2236,15.9,86.8,20.4,154.3,Severe
2026-07-30T18:00:00,R0032,4170,10.5,100.0,12.0,286.0,Severe
2026-07-30T18:00:00,R0033,1235,9.7,87.7,5.2,214.2,Severe
2026-07-30T18:00:00,R0034,1066,34.2,83.9,2.6,141.7,Severe
2026-07-30T18:00:00,R0035,1318,14.6,84.4,15.5,199.2,Severe
2026-07-30T18:00:00,R0036,1825,11.4,76.0,33.1,118.2,High
2026-07-30T18:00:00,R0037,2336,20.8,75.6,7.0,86.5,High
2026-07-30T18:00:00,R0038,1088,11.4,89.0,5.7,144.5,Severe
2026-07-30T18:00:00,R0039,1307,26.9,94.0,3.6,266.5,Severe
2026-07-30T18:00:00,R0040,4840,6.6,100.0,42.1,128.2,Severe
2026-07-30T18:00:00,R0041,1495,9.8,99.3,17.8,264.6,Severe
2026-07-30T18:00:00,R0042,1277,43.1,76.6,1.8,101.6,High
2026-07-30T18:00:00,R0043,2812,11.0,95.5,5.6,150.2,Severe
2026-07-30T18:00:00,R0044,1794,6.6,100.0,33.8,295.8,Severe
2026-07-30T18:00:00,R0045,1066,11.7,81.4,24.3,89.5,Severe
2026-07-30T18:00:00,R0046,2072,21.1,95.0,7.8,188.8,Severe
2026-07-30T18:00:00,R0047,2432,15.6,79.6,8.7,101.9,High
2026-07-30T18:00:00,R0048,1074,8.7,90.0,26.3,243.3,Severe
2026-07-30T18:00:00,R0049,3318,24.3,73.4,14.6,91.1,High
2026-07-30T18:00:00,R0050,2206,9.6,85.6,30.9,158.4,Severe
2026-07-30T19:00:00,R0001,1787,11.4,100.0,15.4,136.0,Severe
2026-07-30T19:00:00,R0002,1703,8.5,100.0,11.9,261.5,Severe
2026-07-30T19:00:00,R0003,4037,13.1,85.9,19.4,140.1,Severe
2026-07-30T19:00:00,R0004,2492,12.7,100.0,26.2,221.8,Severe
2026-07-30T19:00:00,R0005,1167,22.2,82.2,6.8,199.0,Severe
2026-07-30T19:00:00,R0006,1536,8.5,92.1,30.3,249.2,Severe
2026-07-30T19:00:00,R0007,1548,13.1,95.1,15.6,205.8,Severe
2026-07-30T19:00:00,R0008,1045,12.7,100.0,19.7,267.8,Severe
2026-07-30T19:00:00,R0009,2432,15.9,92.2,4.4,227.5,Severe
2026-07-30T19:00:00,R0010,972,8.4,90.2,18.1,195.8,Severe
2026-07-30T19:00:00,R0011,4492,11.9,100.0,7.6,292.4,Severe
2026-07-30T19:00:00,R0012,1634,12.5,100.0,10.9,188.4,Severe
2026-07-30T19:00:00,R0013,1206,13.2,100.0,17.8,228.3,Severe
2026-07-30T19:00:00,R0014,2521,9.4,98.0,39.3,273.4,Severe
2026-07-30T19:00:00,R0015,1092,13.2,94.5,5.9,272.1,Severe
2026-07-30T19:00:00,R0016,1718,15.4,94.1,11.8,191.5,Severe
2026-07-30T19:00:00,R0017,1506,7.0,100.0,20.6,261.9,Severe
2026-07-30T19:00:00,R0018,5445,10.8,100.0,6.8,275.2,Severe
2026-07-30T19:00:00,R0019,1779,21.4,100.0,2.3,143.5,Severe
2026-07-30T19:00:00,R0020,2340,7.1,100.0,43.9,280.8,Severe
2026-07-30T19:00:00,R0021,1610,9.1,100.0,37.7,236.4,Severe
2026-07-30T19:00:00,R0022,1208,23.8,95.9,6.5,236.8,Severe
2026-07-30T19:00:00,R0023,1302,8.1,94.6,43.4,191.5,Severe
2026-07-30T19:00:00,R0024,1363,12.8,94.1,24.1,153.4,Severe
2026-07-30T19:00:00,R0025,1111,20.2,82.8,11.2,210.5,Severe
2026-07-30T19:00:00,R0026,1246,13.7,82.6,4.3,160.7,Severe
2026-07-30T19:00:00,R0027,1765,6.8,98.1,52.7,254.5,Severe
2026-07-30T19:00:00,R0028,1656,6.5,100.0,19.4,172.0,Severe
2026-07-30T19:00:00,R0029,3595,11.8,100.0,31.0,245.6,Severe
2026-07-30T19:00:00,R0030,1382,14.8,80.2,21.8,147.9,Severe
2026-07-30T19:00:00,R0031,2157,17.2,83.8,18.8,166.6,Severe
2026-07-30T19:00:00,R0032,3563,16.2,88.5,7.8,219.3,Severe
2026-07-30T19:00:00,R0033,1244,9.8,88.4,5.1,111.8,Severe
2026-07-30T19:00:00,R0034,1344,21.3,100.0,4.2,134.9,Severe
2026-07-30T19:00:00,R0035,1549,9.2,99.2,24.5,279.6,Severe
2026-07-30T19:00:00,R0036,2155,8.8,89.7,42.9,174.1,Severe
2026-07-30T19:00:00,R0037,2868,13.6,92.9,10.7,215.9,Severe
2026-07-30T19:00:00,R0038,1260,9.5,100.0,6.9,295.1,Severe
2026-07-30T19:00:00,R0039,1203,33.7,86.5,2.9,148.0,Severe
2026-07-30T19:00:00,R0040,4845,6.7,100.0,41.5,298.9,Severe
2026-07-30T19:00:00,R0041,1537,9.6,100.0,18.1,270.3,Severe
2026-07-30T19:00:00,R0042,1802,23.6,100.0,3.3,202.6,Severe
2026-07-30T19:00:00,R0043,2532,12.9,86.0,4.8,94.8,Severe
2026-07-30T19:00:00,R0044,1686,7.8,95.2,28.6,197.4,Severe
2026-07-30T19:00:00,R0045,1445,7.2,100.0,39.5,149.1,Severe
2026-07-30T19:00:00,R0046,1961,23.8,89.9,6.9,153.8,Severe
2026-07-30T19:00:00,R0047,3192,9.0,100.0,15.1,223.0,Severe
2026-07-30T19:00:00,R0048,1268,7.1,100.0,32.3,143.8,Severe
2026-07-30T19:00:00,R0049,4593,13.4,100.0,26.6,173.0,Severe
2026-07-30T19:00:00,R0050,2038,11.4,79.1,26.0,119.9,High
2026-07-30T20:00:00,R0001,1492,17.7,84.8,9.9,122.5,Severe
2026-07-30T20:00:00,R0002,1120,20.1,66.4,5.0,53.6,High
2026-07-30T20:00:00,R0003,4308,11.7,91.7,21.7,153.3,Severe
2026-07-30T20:00:00,R0004,1685,24.1,72.0,13.8,86.6,High
2026-07-30T20:00:00,R0005,978,28.0,68.9,5.4,72.2,High
2026-07-30T20:00:00,R0006,1334,11.4,80.0,22.6,115.8,Severe
2026-07-30T20:00:00,R0007,1074,22.3,66.0,9.1,54.1,High
2026-07-30T20:00:00,R0008,892,19.2,86.0,13.1,201.9,Severe
2026-07-30T20:00:00,R0009,2039,23.5,77.3,3.0,132.0,High
2026-07-30T20:00:00,R0010,919,9.7,85.3,15.7,107.1,Severe
2026-07-30T20:00:00,R0011,3386,17.9,80.9,5.0,136.1,Severe
2026-07-30T20:00:00,R0012,1276,21.0,83.4,6.5,167.6,Severe
2026-07-30T20:00:00,R0013,923,23.1,80.5,10.2,166.8,Severe
2026-07-30T20:00:00,R0014,2064,15.4,80.2,24.0,185.8,Severe
2026-07-30T20:00:00,R0015,893,19.5,77.2,4.0,159.7,High
2026-07-30T20:00:00,R0016,1489,20.3,81.6,8.9,194.5,Severe
2026-07-30T20:00:00,R0017,945,15.0,65.9,9.6,110.8,High
2026-07-30T20:00:00,R0018,4946,13.2,92.1,5.5,197.5,Severe
2026-07-30T20:00:00,R0019,1275,38.6,77.2,1.3,84.5,High
2026-07-30T20:00:00,R0020,1716,11.0,81.0,28.4,94.9,Severe
2026-07-30T20:00:00,R0021,1235,14.8,82.4,23.2,182.4,Severe
2026-07-30T20:00:00,R0022,1143,29.1,90.7,5.3,246.4,Severe
2026-07-30T20:00:00,R0023,1234,8.8,89.6,40.0,122.9,Severe
2026-07-30T20:00:00,R0024,1121,19.4,77.4,15.9,139.4,High
2026-07-30T20:00:00,R0025,1095,22.6,81.6,10.0,146.8,Severe
2026-07-30T20:00:00,R0026,1026,19.6,68.0,3.0,82.0,High
2026-07-30T20:00:00,R0027,1667,7.9,92.7,45.3,256.9,Severe
2026-07-30T20:00:00,R0028,1076,13.5,67.6,9.3,59.1,High
2026-07-30T20:00:00,R0029,2801,17.7,85.1,20.7,148.9,Severe
2026-07-30T20:00:00,R0030,1575,11.7,91.4,27.6,199.9,Severe
2026-07-30T20:00:00,R0031,2293,14.9,89.0,21.7,150.1,Severe
2026-07-30T20:00:00,R0032,3654,15.6,90.8,8.1,250.4,Severe
2026-07-30T20:00:00,R0033,1276,8.4,90.6,6.0,226.2,Severe
2026-07-30T20:00:00,R0034,973,43.1,76.6,2.1,125.1,High
2026-07-30T20:00:00,R0035,1261,14.9,80.7,15.1,120.7,Severe
2026-07-30T20:00:00,R0036,1613,15.0,67.2,25.2,119.9,High
2026-07-30T20:00:00,R0037,2130,23.8,69.0,6.1,112.4,High
2026-07-30T20:00:00,R0038,936,15.4,76.6,4.2,167.6,High
2026-07-30T20:00:00,R0039,1181,34.1,84.9,2.9,171.9,Severe
2026-07-30T20:00:00,R0040,3264,14.0,67.6,19.8,71.2,High
2026-07-30T20:00:00,R0041,1067,18.2,70.9,9.6,146.3,High
2026-07-30T20:00:00,R0042,1276,38.3,76.5,2.1,144.0,High
2026-07-30T20:00:00,R0043,2645,12.5,89.8,4.9,229.4,Severe
2026-07-30T20:00:00,R0044,1422,11.6,80.3,19.2,97.5,Severe
2026-07-30T20:00:00,R0045,980,12.2,74.9,23.3,123.3,High
2026-07-30T20:00:00,R0046,1994,24.5,91.4,6.7,123.5,Severe
2026-07-30T20:00:00,R0047,2136,17.6,69.9,7.7,85.9,High
2026-07-30T20:00:00,R0048,984,11.3,82.5,20.3,207.7,Severe
2026-07-30T20:00:00,R0049,3779,22.0,83.6,16.2,155.9,Severe
2026-07-30T20:00:00,R0050,1827,13.3,70.9,22.3,113.3,High
2026-07-30T21:00:00,R0001,1058,25.7,60.1,6.8,62.2,High
2026-07-30T21:00:00,R0002,1313,15.5,77.8,6.5,161.2,High
2026-07-30T21:00:00,R0003,3423,16.5,72.8,15.4,121.9,High
2026-07-30T21:00:00,R0004,1784,24.1,76.3,13.8,175.5,High
2026-07-30T21:00:00,R0005,851,29.4,60.0,5.2,93.5,High
2026-07-30T21:00:00,R0006,1253,13.3,75.2,19.4,142.1,High
2026-07-30T21:00:00,R0007,1258,20.8,77.3,9.8,169.1,High
2026-07-30T21:00:00,R0008,710,27.2,68.5,9.2,136.9,High
2026-07-30T21:00:00,R0009,1720,29.3,65.2,2.4,84.1,High
2026-07-30T21:00:00,R0010,737,13.8,68.4,11.0,60.9,High
2026-07-30T21:00:00,R0011,3183,20.1,76.0,4.5,135.6,High
2026-07-30T21:00:00,R0012,890,29.8,58.2,4.6,49.8,High
2026-07-30T21:00:00,R0013,823,24.6,71.8,9.6,150.3,High
2026-07-30T21:00:00,R0014,1544,20.0,60.0,18.5,50.9,High
2026-07-30T21:00:00,R0015,637,29.3,55.1,2.7,69.8,High
2026-07-30T21:00:00,R0016,1269,25.9,69.5,7.0,84.2,High
2026-07-30T21:00:00,R0017,950,15.4,66.2,9.4,71.8,High
2026-07-30T21:00:00,R0018,3886,21.4,72.4,3.4,93.8,High
2026-07-30T21:00:00,R0019,1086,45.0,65.7,1.1,113.0,High
2026-07-30T21:00:00,R0020,1285,16.1,60.7,19.4,45.6,High
2026-07-30T21:00:00,R0021,1164,14.9,77.7,23.0,175.2,High
2026-07-30T21:00:00,R0022,935,44.9,74.2,3.4,117.4,High
2026-07-30T21:00:00,R0023,995,12.7,72.3,27.7,82.5,High
2026-07-30T21:00:00,R0024,948,23.0,65.4,13.4,125.6,High
2026-07-30T21:00:00,R0025,767,33.2,57.2,6.8,66.7,High
2026-07-30T21:00:00,R0026,1022,19.2,67.7,3.1,65.1,High
2026-07-30T21:00:00,R0027,1226,13.5,68.1,26.5,135.5,High
2026-07-30T21:00:00,R0028,1164,13.7,73.1,9.2,69.9,High
2026-07-30T21:00:00,R0029,2030,24.4,61.7,15.0,44.1,High
2026-07-30T21:00:00,R0030,1045,21.4,60.7,15.1,55.8,High
2026-07-30T21:00:00,R0031,1726,25.0,67.0,13.0,110.2,High
2026-07-30T21:00:00,R0032,2588,24.2,64.3,5.2,81.8,High
2026-07-30T21:00:00,R0033,832,16.3,59.1,3.1,59.1,High
2026-07-30T21:00:00,R0034,956,42.6,75.3,2.1,135.3,High
2026-07-30T21:00:00,R0035,993,19.0,63.6,11.9,102.2,High
2026-07-30T21:00:00,R0036,1597,13.7,66.5,27.5,68.5,High
2026-07-30T21:00:00,R0037,1816,27.8,58.8,5.2,50.5,High
2026-07-30T21:00:00,R0038,824,18.6,67.4,3.5,102.4,High
2026-07-30T21:00:00,R0039,1055,42.9,75.8,2.3,120.0,High
2026-07-30T21:00:00,R0040,2665,16.6,55.2,16.7,58.0,High
2026-07-30T21:00:00,R0041,1026,19.0,68.2,9.2,69.4,High
2026-07-30T21:00:00,R0042,1173,42.6,70.3,1.8,128.8,High
2026-07-30T21:00:00,R0043,1854,20.7,63.0,3.0,49.3,High
2026-07-30T21:00:00,R0044,1144,15.2,64.6,14.7,65.9,High
2026-07-30T21:00:00,R0045,967,12.9,73.9,22.0,127.6,High
2026-07-30T21:00:00,R0046,1381,39.9,63.3,4.1,88.4,High
2026-07-30T21:00:00,R0047,2022,19.7,66.2,6.9,86.5,High
2026-07-30T21:00:00,R0048,712,15.1,59.7,15.2,39.7,High
2026-07-30T21:00:00,R0049,2804,31.8,62.0,11.2,96.4,High
2026-07-30T21:00:00,R0050,1538,16.9,59.7,17.5,69.1,High
2026-07-30T22:00:00,R0001,883,30.9,50.2,5.7,23.0,Medium
2026-07-30T22:00:00,R0002,709,24.4,42.0,4.2,8.3,Medium
2026-07-30T22:00:00,R0003,2073,26.9,44.1,9.4,12.4,Medium
2026-07-30T22:00:00,R0004,1218,33.1,52.1,10.0,30.5,Medium
2026-07-30T22:00:00,R0005,625,38.2,44.0,4.0,12.2,Medium
2026-07-30T22:00:00,R0006,852,16.7,51.1,15.4,33.9,Medium
2026-07-30T22:00:00,R0007,852,27.2,52.3,7.5,59.4,Medium
2026-07-30T22:00:00,R0008,569,31.7,54.9,7.9,42.8,Medium
2026-07-30T22:00:00,R0009,1176,40.1,44.6,1.8,17.4,Medium
2026-07-30T22:00:00,R0010,529,18.9,49.1,8.1,21.4,Medium
2026-07-30T22:00:00,R0011,2190,30.1,52.3,3.0,45.9,Medium
2026-07-30T22:00:00,R0012,814,35.6,53.2,3.8,34.4,Medium
2026-07-30T22:00:00,R0013,522,38.0,45.5,6.2,11.9,Medium
2026-07-30T22:00:00,R0014,1398,21.4,54.3,17.3,58.5,Medium
2026-07-30T22:00:00,R0015,541,28.9,46.8,2.7,32.5,Medium
2026-07-30T22:00:00,R0016,960,35.0,52.6,5.2,33.9,Medium
2026-07-30T22:00:00,R0017,579,19.7,40.4,7.3,1.1,Medium
2026-07-30T22:00:00,R0018,2514,33.4,46.8,2.2,25.3,Medium
2026-07-30T22:00:00,R0019,879,58.9,53.2,0.8,45.2,Medium
2026-07-30T22:00:00,R0020,1115,17.3,52.6,18.0,58.0,Medium
2026-07-30T22:00:00,R0021,647,24.6,43.2,14.0,14.6,Medium
2026-07-30T22:00:00,R0022,607,65.0,48.2,2.4,39.5,Medium
2026-07-30T22:00:00,R0023,540,20.4,39.2,17.2,5.6,Medium
2026-07-30T22:00:00,R0024,707,31.8,48.8,9.7,25.0,Medium
2026-07-30T22:00:00,R0025,639,38.3,47.6,5.9,18.3,Medium
2026-07-30T22:00:00,R0026,784,23.8,52.0,2.5,58.2,Medium
2026-07-30T22:00:00,R0027,792,18.2,44.0,19.7,14.1,Medium
2026-07-30T22:00:00,R0028,633,21.8,39.8,5.8,0.6,Medium
2026-07-30T22:00:00,R0029,1678,29.7,51.0,12.3,34.2,Medium
2026-07-30T22:00:00,R0030,679,27.7,39.4,11.7,8.8,Medium
2026-07-30T22:00:00,R0031,1108,34.7,43.0,9.3,8.7,Medium
2026-07-30T22:00:00,R0032,1846,31.7,45.9,4.0,13.6,Medium
2026-07-30T22:00:00,R0033,759,16.8,53.9,3.0,31.2,Medium
2026-07-30T22:00:00,R0034,569,64.9,44.8,1.4,17.0,Medium
2026-07-30T22:00:00,R0035,780,22.4,49.9,10.1,28.3,Medium
2026-07-30T22:00:00,R0036,1250,16.4,52.0,23.0,54.8,Medium
2026-07-30T22:00:00,R0037,1231,35.5,39.9,4.1,5.4,Medium
2026-07-30T22:00:00,R0038,593,23.1,48.5,2.8,18.7,Medium
2026-07-30T22:00:00,R0039,583,62.3,41.9,1.6,5.6,Medium
2026-07-30T22:00:00,R0040,2267,18.9,47.0,14.7,30.6,Medium
2026-07-30T22:00:00,R0041,742,24.6,49.3,7.1,30.1,Medium
2026-07-30T22:00:00,R0042,772,61.9,46.3,1.3,28.5,Medium
2026-07-30T22:00:00,R0043,1242,24.3,42.2,2.5,8.7,Medium
2026-07-30T22:00:00,R0044,739,21.1,41.7,10.6,7.8,Medium
2026-07-30T22:00:00,R0045,518,19.1,39.6,14.9,7.4,Medium
2026-07-30T22:00:00,R0046,1059,47.1,48.6,3.5,35.7,Medium
2026-07-30T22:00:00,R0047,1476,23.8,48.3,5.7,17.2,Medium
2026-07-30T22:00:00,R0048,607,17.0,50.9,13.5,49.1,Medium
2026-07-30T22:00:00,R0049,2051,38.5,45.4,9.2,24.9,Medium
2026-07-30T22:00:00,R0050,1360,17.0,52.8,17.4,33.6,Medium
2026-07-30T23:00:00,R0001,743,31.4,42.2,5.6,10.4,Medium
2026-07-30T23:00:00,R0002,650,25.4,38.5,4.0,0.3,Medium
2026-07-30T23:00:00,R0003,2122,26.1,45.2,9.7,15.3,Medium
2026-07-30T23:00:00,R0004,946,39.3,40.4,8.5,1.6,Medium
2026-07-30T23:00:00,R0005,516,44.9,36.4,3.4,3.3,Medium
2026-07-30T23:00:00,R0006,850,16.9,51.0,15.2,47.5,Medium
2026-07-30T23:00:00,R0007,634,32.0,38.9,6.4,13.1,Medium
2026-07-30T23:00:00,R0008,506,36.0,48.8,7.0,36.1,Medium
2026-07-30T23:00:00,R0009,1164,40.8,44.1,1.7,12.1,Medium
2026-07-30T23:00:00,R0010,470,19.4,43.6,7.9,11.0,Medium
2026-07-30T23:00:00,R0011,2066,28.7,49.3,3.1,22.8,Medium
2026-07-30T23:00:00,R0012,680,39.5,44.4,3.5,11.4,Medium
2026-07-30T23:00:00,R0013,476,42.6,41.5,5.5,4.1,Medium
2026-07-30T23:00:00,R0014,1180,26.2,45.9,14.1,19.7,Medium
2026-07-30T23:00:00,R0015,578,31.1,50.0,2.5,33.7,Medium
2026-07-30T23:00:00,R0016,809,39.7,44.3,4.6,16.2,Medium
2026-07-30T23:00:00,R0017,704,17.8,49.1,8.1,26.4,Medium
2026-07-30T23:00:00,R0018,2084,31.8,38.8,2.3,0.6,Medium
2026-07-30T23:00:00,R0019,809,62.4,49.0,0.8,35.8,Medium
2026-07-30T23:00:00,R0020,954,20.2,45.0,15.4,17.2,Medium
2026-07-30T23:00:00,R0021,734,23.8,49.0,14.4,43.0,Medium
2026-07-30T23:00:00,R0022,584,60.4,46.3,2.6,23.3,Medium
2026-07-30T23:00:00,R0023,602,18.3,43.7,19.2,14.0,Medium
2026-07-30T23:00:00,R0024,585,31.3,40.4,9.9,1.9,Medium
2026-07-30T23:00:00,R0025,610,40.2,45.5,5.6,22.2,Medium
2026-07-30T23:00:00,R0026,619,26.8,41.0,2.2,4.0,Medium
2026-07-30T23:00:00,R0027,907,17.2,50.4,20.8,48.1,Medium
2026-07-30T23:00:00,R0028,793,18.5,49.8,6.8,47.0,Medium
2026-07-30T23:00:00,R0029,1372,35.4,41.7,10.3,7.0,Medium
2026-07-30T23:00:00,R0030,622,29.9,36.1,10.8,7.3,Medium
2026-07-30T23:00:00,R0031,1098,33.1,42.6,9.8,6.4,Medium
2026-07-30T23:00:00,R0032,1722,34.4,42.8,3.7,5.7,Medium
2026-07-30T23:00:00,R0033,559,18.8,39.7,2.7,6.2,Medium
2026-07-30T23:00:00,R0034,594,65.3,46.8,1.4,32.9,Medium
2026-07-30T23:00:00,R0035,702,24.6,44.9,9.2,23.4,Medium
2026-07-30T23:00:00,R0036,1142,18.8,47.5,20.1,30.7,Medium
2026-07-30T23:00:00,R0037,1539,31.1,49.8,4.7,30.4,Medium
2026-07-30T23:00:00,R0038,569,23.3,46.6,2.8,20.9,Medium
2026-07-30T23:00:00,R0039,581,62.8,41.8,1.6,3.7,Medium
2026-07-30T23:00:00,R0040,1813,21.3,37.6,13.0,12.0,Medium
2026-07-30T23:00:00,R0041,765,23.2,50.8,7.5,41.0,Medium
2026-07-30T23:00:00,R0042,834,56.9,50.0,1.4,41.5,Medium
2026-07-30T23:00:00,R0043,1390,23.3,47.2,2.7,33.0,Medium
2026-07-30T23:00:00,R0044,852,17.1,48.1,13.1,18.4,Medium
2026-07-30T23:00:00,R0045,474,20.6,36.2,13.8,7.6,Medium
2026-07-30T23:00:00,R0046,954,49.9,43.7,3.3,17.5,Medium
2026-07-30T23:00:00,R0047,1259,24.8,41.2,5.5,3.5,Medium
2026-07-30T23:00:00,R0048,521,19.1,43.7,12.0,10.4,Medium
2026-07-30T23:00:00,R0049,1696,43.7,37.5,8.1,14.9,Medium
2026-07-30T23:00:00,R0050,1046,19.7,40.6,15.0,2.3,Medium
2026-07-31T00:00:00,R0001,191,40.3,10.9,4.4,8.4,Low
2026-07-31T00:00:00,R0002,187,31.0,11.1,3.3,14.3,Low
2026-07-31T00:00:00,R0003,588,27.8,12.5,9.1,5.0,Low
2026-07-31T00:00:00,R0004,262,44.1,11.2,7.5,10.5,Low
2026-07-31T00:00:00,R0005,179,46.5,12.6,3.3,14.8,Low
2026-07-31T00:00:00,R0006,173,24.2,10.4,10.6,11.5,Low
2026-07-31T00:00:00,R0007,175,39.4,10.7,5.2,1.6,Low
2026-07-31T00:00:00,R0008,129,45.2,12.4,5.5,4.4,Low
2026-07-31T00:00:00,R0009,315,46.2,11.9,1.5,3.1,Low
2026-07-31T00:00:00,R0010,101,22.8,9.4,6.7,8.5,Low
2026-07-31T00:00:00,R0011,538,39.8,12.8,2.3,7.9,Low
2026-07-31T00:00:00,R0012,189,44.6,12.4,3.1,11.2,Low
2026-07-31T00:00:00,R0013,116,45.0,10.1,5.2,9.5,Low
2026-07-31T00:00:00,R0014,241,31.8,9.4,11.6,12.5,Low
2026-07-31T00:00:00,R0015,126,37.7,10.9,2.1,12.8,Low
2026-07-31T00:00:00,R0016,227,43.5,12.4,4.2,4.9,Low
2026-07-31T00:00:00,R0017,172,22.8,12.0,6.3,2.4,Low
2026-07-31T00:00:00,R0018,566,40.4,10.5,1.8,10.3,Low
2026-07-31T00:00:00,R0019,219,77.5,13.3,0.6,14.1,Low
2026-07-31T00:00:00,R0020,215,23.9,10.2,13.1,0.3,Low
2026-07-31T00:00:00,R0021,180,29.9,12.0,11.5,5.2,Low
2026-07-31T00:00:00,R0022,161,78.8,12.8,2.0,0.3,Low
2026-07-31T00:00:00,R0023,162,22.1,11.8,15.9,6.2,Low
2026-07-31T00:00:00,R0024,183,36.3,12.6,8.5,14.1,Low
2026-07-31T00:00:00,R0025,134,47.0,10.0,4.8,10.1,Low
2026-07-31T00:00:00,R0026,155,29.7,10.3,2.0,12.5,Low
2026-07-31T00:00:00,R0027,222,21.9,12.3,16.4,8.0,Low
2026-07-31T00:00:00,R0028,152,22.0,9.5,5.7,7.3,Low
2026-07-31T00:00:00,R0029,317,40.4,9.6,9.1,10.8,Low
2026-07-31T00:00:00,R0030,226,30.7,13.1,10.5,14.1,Low
2026-07-31T00:00:00,R0031,297,38.4,11.5,8.4,14.7,Low
2026-07-31T00:00:00,R0032,479,34.9,11.9,3.6,10.9,Low
2026-07-31T00:00:00,R0033,182,23.4,12.9,2.2,8.8,Low
2026-07-31T00:00:00,R0034,152,80.9,12.0,1.1,1.4,Low
2026-07-31T00:00:00,R0035,187,29.1,12.0,7.8,9.6,Low
2026-07-31T00:00:00,R0036,282,21.4,11.7,17.6,3.1,Low
2026-07-31T00:00:00,R0037,365,35.5,11.8,4.1,4.0,Low
2026-07-31T00:00:00,R0038,155,29.1,12.7,2.2,7.3,Low
2026-07-31T00:00:00,R0039,182,71.4,13.1,1.4,5.8,Low
2026-07-31T00:00:00,R0040,567,23.5,11.7,11.8,13.5,Low
2026-07-31T00:00:00,R0041,195,31.1,13.0,5.6,3.4,Low
2026-07-31T00:00:00,R0042,156,75.5,9.4,1.0,2.1,Low
2026-07-31T00:00:00,R0043,358,30.8,12.2,2.0,0.7,Low
2026-07-31T00:00:00,R0044,224,21.6,12.6,10.3,6.5,Low
2026-07-31T00:00:00,R0045,157,22.3,12.0,12.8,6.6,Low
2026-07-31T00:00:00,R0046,208,60.5,9.5,2.7,11.5,Low
2026-07-31T00:00:00,R0047,397,29.4,13.0,4.6,6.4,Low
2026-07-31T00:00:00,R0048,145,24.1,12.2,9.5,4.0,Low
2026-07-31T00:00:00,R0049,501,47.6,11.1,7.5,9.1,Low
2026-07-31T00:00:00,R0050,251,23.5,9.7,12.6,2.8,Low
2026-07-31T01:00:00,R0001,158,48.0,9.0,3.7,6.9,Low
2026-07-31T01:00:00,R0002,138,35.0,8.2,2.9,13.1,Low
2026-07-31T01:00:00,R0003,368,36.2,7.8,7.0,2.8,Low
2026-07-31T01:00:00,R0004,228,53.9,9.7,6.2,5.3,Low
2026-07-31T01:00:00,R0005,119,57.7,8.4,2.6,8.3,Low
2026-07-31T01:00:00,R0006,159,28.8,9.5,8.9,13.5,Low
2026-07-31T01:00:00,R0007,135,48.8,8.3,4.2,0.4,Low
2026-07-31T01:00:00,R0008,88,58.0,8.5,4.3,4.1,Low
2026-07-31T01:00:00,R0009,215,53.1,8.2,1.3,9.2,Low
2026-07-31T01:00:00,R0010,93,28.3,8.6,5.4,13.4,Low
2026-07-31T01:00:00,R0011,395,43.2,9.4,2.1,14.0,Low
2026-07-31T01:00:00,R0012,124,51.9,8.1,2.6,1.3,Low
2026-07-31T01:00:00,R0013,104,51.2,9.1,4.6,2.1,Low
2026-07-31T01:00:00,R0014,212,35.3,8.2,10.5,9.1,Low
2026-07-31T01:00:00,R0015,114,46.8,9.9,1.7,3.9,Low
2026-07-31T01:00:00,R0016,147,58.8,8.1,3.1,0.1,Low
2026-07-31T01:00:00,R0017,144,25.8,10.0,5.6,14.2,Low
2026-07-31T01:00:00,R0018,450,45.2,8.4,1.6,10.6,Low
2026-07-31T01:00:00,R0019,151,88.1,9.1,0.6,8.3,Low
2026-07-31T01:00:00,R0020,203,25.2,9.6,12.4,0.2,Low
2026-07-31T01:00:00,R0021,131,34.3,8.7,10.0,10.0,Low
2026-07-31T01:00:00,R0022,100,90.6,7.9,1.7,3.0,Low
2026-07-31T01:00:00,R0023,124,25.6,9.0,13.7,0.3,Low
2026-07-31T01:00:00,R0024,108,49.1,7.5,6.3,2.1,Low
2026-07-31T01:00:00,R0025,128,50.6,9.5,4.5,1.6,Low
2026-07-31T01:00:00,R0026,134,36.1,8.9,1.6,14.3,Low
2026-07-31T01:00:00,R0027,185,28.1,10.3,12.7,9.0,Low
2026-07-31T01:00:00,R0028,139,26.7,8.7,4.7,14.2,Low
2026-07-31T01:00:00,R0029,303,45.9,9.2,8.0,3.5,Low
2026-07-31T01:00:00,R0030,128,39.3,7.4,8.2,4.7,Low
2026-07-31T01:00:00,R0031,224,42.8,8.7,7.6,12.6,Low
2026-07-31T01:00:00,R0032,297,48.3,7.4,2.6,2.1,Low
2026-07-31T01:00:00,R0033,142,27.9,10.1,1.8,2.5,Low
2026-07-31T01:00:00,R0034,115,88.1,9.1,1.0,2.7,Low
2026-07-31T01:00:00,R0035,156,35.5,10.0,6.4,6.0,Low
2026-07-31T01:00:00,R0036,188,27.0,7.8,14.0,13.1,Low
2026-07-31T01:00:00,R0037,261,48.7,8.5,3.0,14.2,Low
2026-07-31T01:00:00,R0038,94,34.9,7.7,1.9,12.9,Low
2026-07-31T01:00:00,R0039,118,84.2,8.5,1.2,4.1,Low
2026-07-31T01:00:00,R0040,444,28.4,9.2,9.8,2.0,Low
2026-07-31T01:00:00,R0041,115,39.1,7.6,4.5,11.3,Low
2026-07-31T01:00:00,R0042,153,94.4,9.2,0.8,6.4,Low
2026-07-31T01:00:00,R0043,286,35.4,9.7,1.7,3.7,Low
2026-07-31T01:00:00,R0044,170,26.8,9.6,8.3,14.7,Low
2026-07-31T01:00:00,R0045,110,29.1,8.4,9.8,14.0,Low
2026-07-31T01:00:00,R0046,176,76.5,8.1,2.1,6.5,Low
2026-07-31T01:00:00,R0047,312,35.7,10.2,3.8,11.2,Low
2026-07-31T01:00:00,R0048,104,26.1,8.7,8.8,3.0,Low
2026-07-31T01:00:00,R0049,391,56.7,8.7,6.3,9.1,Low
2026-07-31T01:00:00,R0050,244,26.2,9.5,11.3,7.2,Low
2026-07-31T02:00:00,R0001,67,50.9,3.8,3.5,6.1,Low
2026-07-31T02:00:00,R0002,47,36.2,2.8,2.8,9.8,Low
2026-07-31T02:00:00,R0003,168,39.6,3.6,6.4,3.8,Low
2026-07-31T02:00:00,R0004,88,58.4,3.8,5.7,4.8,Low
2026-07-31T02:00:00,R0005,49,53.8,3.5,2.8,6.8,Low
2026-07-31T02:00:00,R0006,65,28.0,3.9,9.2,12.6,Low
2026-07-31T02:00:00,R0007,57,45.2,3.5,4.5,8.7,Low
2026-07-31T02:00:00,R0008,35,56.1,3.4,4.5,1.8,Low
2026-07-31T02:00:00,R0009,88,53.3,3.3,1.3,1.5,Low
2026-07-31T02:00:00,R0010,36,27.7,3.3,5.5,13.9,Low
2026-07-31T02:00:00,R0011,137,49.4,3.3,1.8,8.0,Low
2026-07-31T02:00:00,R0012,56,54.7,3.7,2.5,14.1,Low
2026-07-31T02:00:00,R0013,39,59.9,3.4,3.9,5.5,Low
2026-07-31T02:00:00,R0014,75,39.1,2.9,9.5,0.1,Low
2026-07-31T02:00:00,R0015,39,45.2,3.4,1.7,9.4,Low
2026-07-31T02:00:00,R0016,73,56.4,4.0,3.2,12.3,Low
2026-07-31T02:00:00,R0017,49,28.5,3.4,5.1,14.0,Low
2026-07-31T02:00:00,R0018,210,49.4,3.9,1.5,4.4,Low
2026-07-31T02:00:00,R0019,57,90.8,3.5,0.5,6.7,Low
2026-07-31T02:00:00,R0020,72,29.9,3.4,10.4,13.4,Low
2026-07-31T02:00:00,R0021,50,35.2,3.3,9.7,12.9,Low
2026-07-31T02:00:00,R0022,38,97.0,3.0,1.6,0.4,Low
2026-07-31T02:00:00,R0023,45,30.6,3.3,11.5,1.5,Low
2026-07-31T02:00:00,R0024,48,46.1,3.3,6.7,13.6,Low
2026-07-31T02:00:00,R0025,52,54.5,3.9,4.2,1.2,Low
2026-07-31T02:00:00,R0026,54,37.0,3.6,1.6,10.1,Low
2026-07-31T02:00:00,R0027,51,27.0,2.8,13.3,10.3,Low
2026-07-31T02:00:00,R0028,49,30.1,3.1,4.2,0.9,Low
2026-07-31T02:00:00,R0029,101,51.2,3.1,7.1,6.5,Low
2026-07-31T02:00:00,R0030,63,36.0,3.7,9.0,9.1,Low
2026-07-31T02:00:00,R0031,95,46.0,3.7,7.0,12.4,Low
2026-07-31T02:00:00,R0032,143,46.6,3.6,2.7,8.4,Low
2026-07-31T02:00:00,R0033,49,27.0,3.5,1.9,6.0,Low
2026-07-31T02:00:00,R0034,41,93.7,3.2,0.9,11.4,Low
2026-07-31T02:00:00,R0035,53,40.6,3.4,5.6,4.4,Low
2026-07-31T02:00:00,R0036,80,29.8,3.3,12.7,8.2,Low
2026-07-31T02:00:00,R0037,108,44.2,3.5,3.3,6.0,Low
2026-07-31T02:00:00,R0038,38,41.0,3.1,1.6,4.6,Low
2026-07-31T02:00:00,R0039,54,97.1,3.9,1.0,5.1,Low
2026-07-31T02:00:00,R0040,168,30.0,3.5,9.3,13.3,Low
2026-07-31T02:00:00,R0041,45,37.2,3.0,4.7,5.0,Low
2026-07-31T02:00:00,R0042,48,96.8,2.9,0.8,12.8,Low
2026-07-31T02:00:00,R0043,97,39.4,3.3,1.6,9.4,Low
2026-07-31T02:00:00,R0044,58,26.9,3.3,8.3,10.6,Low
2026-07-31T02:00:00,R0045,50,29.2,3.8,9.7,0.3,Low
2026-07-31T02:00:00,R0046,67,71.1,3.1,2.3,8.6,Low
2026-07-31T02:00:00,R0047,114,35.6,3.7,3.8,12.6,Low
2026-07-31T02:00:00,R0048,41,29.3,3.4,7.8,14.6,Low
2026-07-31T02:00:00,R0049,132,60.7,2.9,5.9,1.9,Low
2026-07-31T02:00:00,R0050,85,30.0,3.3,9.9,13.6,Low
2026-07-31T03:00:00,R0001,161,46.8,9.1,3.8,12.5,Low
2026-07-31T03:00:00,R0002,129,38.5,7.6,2.6,7.2,Low
2026-07-31T03:00:00,R0003,408,36.0,8.7,7.0,7.6,Low
2026-07-31T03:00:00,R0004,240,54.3,10.3,6.1,14.3,Low
2026-07-31T03:00:00,R0005,111,56.9,7.8,2.7,12.2,Low
2026-07-31T03:00:00,R0006,157,27.6,9.4,9.3,8.5,Low
2026-07-31T03:00:00,R0007,162,47.2,10.0,4.3,1.8,Low
2026-07-31T03:00:00,R0008,103,53.3,9.9,4.7,3.8,Low
2026-07-31T03:00:00,R0009,264,53.4,10.0,1.3,12.1,Low
2026-07-31T03:00:00,R0010,87,25.3,8.1,6.0,7.4,Low
2026-07-31T03:00:00,R0011,317,47.7,7.6,1.9,4.1,Low
2026-07-31T03:00:00,R0012,132,51.2,8.6,2.7,4.3,Low
2026-07-31T03:00:00,R0013,111,51.2,9.7,4.6,9.7,Low
2026-07-31T03:00:00,R0014,261,37.0,10.1,10.0,12.2,Low
2026-07-31T03:00:00,R0015,87,44.2,7.5,1.8,13.4,Low
2026-07-31T03:00:00,R0016,173,55.4,9.5,3.3,10.0,Low
2026-07-31T03:00:00,R0017,122,25.4,8.5,5.7,11.8,Low
2026-07-31T03:00:00,R0018,505,45.0,9.4,1.6,13.5,Low
2026-07-31T03:00:00,R0019,137,88.4,8.3,0.6,13.1,Low
2026-07-31T03:00:00,R0020,207,27.1,9.8,11.5,2.0,Low
2026-07-31T03:00:00,R0021,119,37.5,7.9,9.2,5.8,Low
2026-07-31T03:00:00,R0022,124,96.4,9.8,1.6,12.1,Low
2026-07-31T03:00:00,R0023,116,28.6,8.4,12.3,5.3,Low
2026-07-31T03:00:00,R0024,112,42.6,7.7,7.2,5.8,Low
2026-07-31T03:00:00,R0025,135,51.8,10.1,4.4,3.1,Low
2026-07-31T03:00:00,R0026,156,33.3,10.3,1.8,11.8,Low
2026-07-31T03:00:00,R0027,148,25.5,8.2,14.0,13.8,Low
2026-07-31T03:00:00,R0028,122,27.7,7.7,4.5,4.1,Low
2026-07-31T03:00:00,R0029,245,42.8,7.4,8.6,1.7,Low
2026-07-31T03:00:00,R0030,129,38.2,7.5,8.5,7.3,Low
2026-07-31T03:00:00,R0031,215,45.1,8.3,7.2,13.9,Low
2026-07-31T03:00:00,R0032,408,46.5,10.1,2.7,13.3,Low
2026-07-31T03:00:00,R0033,116,26.9,8.2,1.9,9.2,Low
2026-07-31T03:00:00,R0034,117,90.3,9.2,1.0,6.0,Low
2026-07-31T03:00:00,R0035,162,37.7,10.4,6.0,6.5,Low
2026-07-31T03:00:00,R0036,229,26.2,9.5,14.4,1.5,Low
2026-07-31T03:00:00,R0037,258,44.9,8.4,3.2,0.2,Low
2026-07-31T03:00:00,R0038,120,35.3,9.8,1.9,8.7,Low
2026-07-31T03:00:00,R0039,104,87.3,7.5,1.1,13.3,Low
2026-07-31T03:00:00,R0040,443,29.1,9.2,9.5,15.0,Low
2026-07-31T03:00:00,R0041,127,35.4,8.4,4.9,12.9,Low
2026-07-31T03:00:00,R0042,174,91.5,10.4,0.9,11.9,Low
2026-07-31T03:00:00,R0043,286,35.3,9.7,1.8,8.6,Low
2026-07-31T03:00:00,R0044,175,27.8,9.9,8.0,0.3,Low
2026-07-31T03:00:00,R0045,109,25.9,8.3,11.0,3.5,Low
2026-07-31T03:00:00,R0046,221,66.8,10.1,2.5,3.3,Low
2026-07-31T03:00:00,R0047,251,37.2,8.2,3.7,8.0,Low
2026-07-31T03:00:00,R0048,94,26.1,7.9,8.8,3.6,Low
2026-07-31T03:00:00,R0049,400,52.6,8.9,6.8,14.2,Low
2026-07-31T03:00:00,R0050,225,25.4,8.7,11.7,10.9,Low
2026-07-31T04:00:00,R0001,125,37.8,7.1,4.7,8.6,Low
2026-07-31T04:00:00,R0002,125,33.3,7.4,3.0,3.9,Low
2026-07-31T04:00:00,R0003,299,31.3,6.4,8.1,13.9,Low
2026-07-31T04:00:00,R0004,181,43.8,7.7,7.6,2.0,Low
2026-07-31T04:00:00,R0005,95,44.3,6.7,3.4,5.2,Low
2026-07-31T04:00:00,R0006,98,24.2,5.9,10.6,14.2,Low
2026-07-31T04:00:00,R0007,129,38.2,7.9,5.3,9.0,Low
2026-07-31T04:00:00,R0008,79,44.1,7.6,5.7,10.3,Low
2026-07-31T04:00:00,R0009,172,45.1,6.5,1.6,6.0,Low
2026-07-31T04:00:00,R0010,61,24.5,5.7,6.2,3.8,Low
2026-07-31T04:00:00,R0011,264,37.1,6.3,2.4,13.0,Low
2026-07-31T04:00:00,R0012,103,47.7,6.7,2.9,8.5,Low
2026-07-31T04:00:00,R0013,75,45.0,6.5,5.2,11.2,Low
2026-07-31T04:00:00,R0014,150,29.7,5.8,12.4,10.7,Low
2026-07-31T04:00:00,R0015,70,38.3,6.1,2.0,7.1,Low
2026-07-31T04:00:00,R0016,121,48.7,6.6,3.7,9.4,Low
2026-07-31T04:00:00,R0017,102,24.3,7.1,5.9,4.4,Low
2026-07-31T04:00:00,R0018,340,39.1,6.3,1.9,4.6,Low
2026-07-31T04:00:00,R0019,131,81.6,7.9,0.6,2.5,Low
2026-07-31T04:00:00,R0020,117,22.1,5.5,14.1,3.7,Low
2026-07-31T04:00:00,R0021,87,31.8,5.8,10.8,12.9,Low
2026-07-31T04:00:00,R0022,92,74.8,7.3,2.1,6.0,Low
2026-07-31T04:00:00,R0023,93,24.7,6.8,14.2,12.6,Low
2026-07-31T04:00:00,R0024,112,39.0,7.7,7.9,10.4,Low
2026-07-31T04:00:00,R0025,78,48.0,5.8,4.7,3.7,Low
2026-07-31T04:00:00,R0026,99,32.1,6.6,1.8,3.9,Low
2026-07-31T04:00:00,R0027,102,22.0,5.7,16.3,0.3,Low
2026-07-31T04:00:00,R0028,88,22.4,5.5,5.6,3.6,Low
2026-07-31T04:00:00,R0029,200,42.5,6.1,8.6,4.6,Low
2026-07-31T04:00:00,R0030,101,31.9,5.9,10.1,12.9,Low
2026-07-31T04:00:00,R0031,185,37.9,7.2,8.5,8.4,Low
2026-07-31T04:00:00,R0032,293,40.5,7.3,3.1,10.0,Low
2026-07-31T04:00:00,R0033,108,24.7,7.7,2.0,8.7,Low
2026-07-31T04:00:00,R0034,83,80.4,6.5,1.1,12.3,Low
2026-07-31T04:00:00,R0035,87,34.1,5.6,6.6,2.7,Low
2026-07-31T04:00:00,R0036,160,24.9,6.7,15.2,3.4,Low
2026-07-31T04:00:00,R0037,207,37.1,6.7,3.9,5.9,Low
2026-07-31T04:00:00,R0038,73,31.0,6.0,2.1,5.6,Low
2026-07-31T04:00:00,R0039,110,83.8,7.9,1.2,1.7,Low
2026-07-31T04:00:00,R0040,353,21.8,7.3,12.7,0.5,Low
2026-07-31T04:00:00,R0041,87,33.9,5.8,5.1,14.1,Low
2026-07-31T04:00:00,R0042,100,74.9,6.0,1.0,3.6,Low
2026-07-31T04:00:00,R0043,200,31.8,6.8,1.9,3.3,Low
2026-07-31T04:00:00,R0044,130,22.8,7.3,9.8,13.8,Low
2026-07-31T04:00:00,R0045,93,23.3,7.1,12.2,11.8,Low
2026-07-31T04:00:00,R0046,164,60.5,7.5,2.7,5.1,Low
2026-07-31T04:00:00,R0047,239,29.6,7.8,4.6,0.6,Low
2026-07-31T04:00:00,R0048,79,24.7,6.6,9.3,11.6,Low
2026-07-31T04:00:00,R0049,352,47.0,7.8,7.6,1.5,Low
2026-07-31T04:00:00,R0050,180,24.5,7.0,12.1,1.4,Low
2026-07-31T05:00:00,R0001,71,47.9,4.0,3.7,13.3,Low
2026-07-31T05:00:00,R0002,88,40.2,5.2,2.5,0.9,Low
2026-07-31T05:00:00,R0003,265,39.1,5.6,6.5,4.7,Low
2026-07-31T05:00:00,R0004,135,54.1,5.8,6.1,13.3,Low
2026-07-31T05:00:00,R0005,79,58.2,5.6,2.6,8.5,Low
2026-07-31T05:00:00,R0006,71,28.4,4.3,9.1,5.4,Low
2026-07-31T05:00:00,R0007,88,48.6,5.4,4.2,13.7,Low
2026-07-31T05:00:00,R0008,42,59.3,4.1,4.2,14.1,Low
2026-07-31T05:00:00,R0009,143,52.9,5.4,1.3,1.2,Low
2026-07-31T05:00:00,R0010,44,28.9,4.1,5.3,9.4,Low
2026-07-31T05:00:00,R0011,243,45.8,5.8,2.0,5.0,Low
2026-07-31T05:00:00,R0012,79,59.0,5.2,2.3,14.1,Low
2026-07-31T05:00:00,R0013,62,55.4,5.4,4.2,9.5,Low
2026-07-31T05:00:00,R0014,143,37.3,5.6,9.9,3.3,Low
2026-07-31T05:00:00,R0015,50,43.5,4.3,1.8,10.8,Low
2026-07-31T05:00:00,R0016,77,54.4,4.2,3.3,4.5,Low
2026-07-31T05:00:00,R0017,72,27.7,5.0,5.2,10.1,Low
2026-07-31T05:00:00,R0018,223,44.4,4.2,1.6,7.5,Low
2026-07-31T05:00:00,R0019,76,91.1,4.6,0.5,1.0,Low
2026-07-31T05:00:00,R0020,119,28.8,5.6,10.8,1.8,Low
2026-07-31T05:00:00,R0021,62,40.5,4.1,8.5,10.2,Low
2026-07-31T05:00:00,R0022,60,96.8,4.8,1.6,11.3,Low
2026-07-31T05:00:00,R0023,74,27.9,5.4,12.6,6.4,Low
2026-07-31T05:00:00,R0024,59,50.3,4.1,6.1,9.0,Low
2026-07-31T05:00:00,R0025,59,60.2,4.4,3.8,13.7,Low
2026-07-31T05:00:00,R0026,87,39.4,5.8,1.5,15.0,Low
2026-07-31T05:00:00,R0027,80,29.7,4.4,12.1,12.3,Low
2026-07-31T05:00:00,R0028,71,26.5,4.5,4.8,14.7,Low
2026-07-31T05:00:00,R0029,150,49.7,4.6,7.4,0.1,Low
2026-07-31T05:00:00,R0030,70,37.6,4.1,8.6,3.6,Low
2026-07-31T05:00:00,R0031,136,47.2,5.3,6.9,1.2,Low
2026-07-31T05:00:00,R0032,174,46.3,4.3,2.7,2.8,Low
2026-07-31T05:00:00,R0033,76,27.7,5.4,1.8,1.4,Low
2026-07-31T05:00:00,R0034,62,87.9,4.9,1.0,1.9,Low
2026-07-31T05:00:00,R0035,70,39.7,4.5,5.7,13.9,Low
2026-07-31T05:00:00,R0036,132,27.3,5.5,13.8,4.1,Low
2026-07-31T05:00:00,R0037,155,48.5,5.0,3.0,14.9,Low
2026-07-31T05:00:00,R0038,52,35.1,4.3,1.9,10.4,Low
2026-07-31T05:00:00,R0039,76,98.4,5.5,1.0,10.2,Low
2026-07-31T05:00:00,R0040,277,28.0,5.7,9.9,13.7,Low
2026-07-31T05:00:00,R0041,86,39.3,5.7,4.4,4.6,Low
2026-07-31T05:00:00,R0042,73,94.9,4.4,0.8,6.8,Low
2026-07-31T05:00:00,R0043,165,35.0,5.6,1.8,3.9,Low
2026-07-31T05:00:00,R0044,95,26.3,5.4,8.5,4.8,Low
2026-07-31T05:00:00,R0045,62,28.7,4.7,9.9,2.4,Low
2026-07-31T05:00:00,R0046,121,74.1,5.5,2.2,13.8,Low
2026-07-31T05:00:00,R0047,149,36.2,4.9,3.8,2.1,Low
2026-07-31T05:00:00,R0048,48,28.5,4.0,8.0,1.6,Low
2026-07-31T05:00:00,R0049,214,57.2,4.7,6.2,4.1,Low
2026-07-31T05:00:00,R0050,112,29.5,4.3,10.0,14.2,Low
2026-07-31T06:00:00,R0001,413,42.8,23.5,4.1,0.6,Low
2026-07-31T06:00:00,R0002,530,27.3,31.4,3.7,13.1,Medium
2026-07-31T06:00:00,R0003,1173,33.6,25.0,7.6,4.8,Medium
2026-07-31T06:00:00,R0004,662,42.8,28.3,7.8,3.6,Medium
2026-07-31T06:00:00,R0005,418,45.4,29.5,3.3,13.9,Medium
2026-07-31T06:00:00,R0006,435,24.7,26.1,10.4,6.7,Medium
2026-07-31T06:00:00,R0007,511,39.6,31.4,5.2,4.9,Medium
2026-07-31T06:00:00,R0008,316,47.2,30.5,5.3,3.2,Medium
2026-07-31T06:00:00,R0009,739,42.9,28.0,1.6,12.6,Medium
2026-07-31T06:00:00,R0010,255,22.3,23.7,6.8,6.0,Low
2026-07-31T06:00:00,R0011,1154,40.5,27.6,2.2,14.6,Medium
2026-07-31T06:00:00,R0012,401,43.6,26.2,3.1,11.2,Medium
2026-07-31T06:00:00,R0013,314,45.8,27.4,5.1,4.6,Medium
2026-07-31T06:00:00,R0014,690,30.2,26.8,12.2,11.4,Medium
2026-07-31T06:00:00,R0015,314,40.8,27.2,1.9,8.2,Medium
2026-07-31T06:00:00,R0016,443,50.1,24.3,3.6,8.4,Low
2026-07-31T06:00:00,R0017,344,24.3,24.0,5.9,5.4,Low
2026-07-31T06:00:00,R0018,1617,37.2,30.1,2.0,10.9,Medium
2026-07-31T06:00:00,R0019,378,79.0,22.9,0.6,14.7,Low
2026-07-31T06:00:00,R0020,631,21.4,29.8,14.6,4.2,Medium
2026-07-31T06:00:00,R0021,377,32.2,25.2,10.7,11.4,Medium
2026-07-31T06:00:00,R0022,368,75.7,29.2,2.0,12.2,Medium
2026-07-31T06:00:00,R0023,361,22.0,26.2,16.0,8.5,Medium
2026-07-31T06:00:00,R0024,451,38.8,31.1,7.9,8.7,Medium
2026-07-31T06:00:00,R0025,378,48.8,28.2,4.6,6.4,Medium
2026-07-31T06:00:00,R0026,380,33.7,25.2,1.7,13.0,Medium
2026-07-31T06:00:00,R0027,451,23.5,25.1,15.2,6.2,Medium
2026-07-31T06:00:00,R0028,373,25.7,23.4,4.9,6.1,Low
2026-07-31T06:00:00,R0029,1001,35.6,30.4,10.3,8.2,Medium
2026-07-31T06:00:00,R0030,383,33.7,22.2,9.6,8.7,Low
2026-07-31T06:00:00,R0031,721,35.6,28.0,9.1,3.2,Medium
2026-07-31T06:00:00,R0032,914,38.9,22.7,3.2,9.4,Low
2026-07-31T06:00:00,R0033,386,23.5,27.4,2.1,8.2,Medium
2026-07-31T06:00:00,R0034,312,75.9,24.6,1.2,2.1,Low
2026-07-31T06:00:00,R0035,471,30.5,30.2,7.4,2.8,Medium
2026-07-31T06:00:00,R0036,569,25.3,23.7,14.9,11.1,Low
2026-07-31T06:00:00,R0037,875,37.6,28.3,3.9,3.9,Medium
2026-07-31T06:00:00,R0038,384,30.9,31.4,2.1,4.5,Medium
2026-07-31T06:00:00,R0039,419,77.9,30.1,1.3,4.5,Medium
2026-07-31T06:00:00,R0040,1260,22.2,26.1,12.5,1.7,Medium
2026-07-31T06:00:00,R0041,435,29.2,28.9,6.0,12.3,Medium
2026-07-31T06:00:00,R0042,527,69.0,31.6,1.1,7.1,Medium
2026-07-31T06:00:00,R0043,875,31.4,29.7,2.0,11.4,Medium
2026-07-31T06:00:00,R0044,449,23.4,25.4,9.5,8.9,Medium
2026-07-31T06:00:00,R0045,410,21.6,31.3,13.2,13.8,Medium
2026-07-31T06:00:00,R0046,536,68.0,24.6,2.4,10.1,Low
2026-07-31T06:00:00,R0047,808,31.6,26.4,4.3,4.1,Medium
2026-07-31T06:00:00,R0048,294,22.3,24.6,10.3,1.7,Low
2026-07-31T06:00:00,R0049,1145,49.0,25.3,7.3,9.1,Medium
2026-07-31T06:00:00,R0050,592,25.4,23.0,11.7,9.0,Low
2026-07-31T07:00:00,R0001,1347,19.1,76.5,9.2,124.9,High
2026-07-31T07:00:00,R0002,1282,15.0,76.0,6.8,73.6,High
2026-07-31T07:00:00,R0003,2940,19.4,62.6,13.1,74.3,High
2026-07-31T07:00:00,R0004,1680,24.7,71.8,13.5,127.8,High
2026-07-31T07:00:00,R0005,1059,24.1,74.6,6.3,70.6,High
2026-07-31T07:00:00,R0006,1020,15.2,61.2,16.9,52.2,High
2026-07-31T07:00:00,R0007,1122,23.4,68.9,8.7,105.2,High
2026-07-31T07:00:00,R0008,676,28.5,65.2,8.8,96.8,High
2026-07-31T07:00:00,R0009,2150,22.7,81.5,3.1,151.9,Severe
2026-07-31T07:00:00,R0010,739,13.5,68.6,11.3,132.7,High
2026-07-31T07:00:00,R0011,2522,28.1,60.2,3.2,80.7,High
2026-07-31T07:00:00,R0012,1176,22.2,76.9,6.2,140.8,High
2026-07-31T07:00:00,R0013,823,24.6,71.8,9.6,90.1,High
2026-07-31T07:00:00,R0014,2117,14.4,82.3,25.7,137.1,Severe
2026-07-31T07:00:00,R0015,706,26.7,61.1,2.9,86.7,High
2026-07-31T07:00:00,R0016,1371,24.7,75.1,7.3,115.9,High
2026-07-31T07:00:00,R0017,1069,12.0,74.5,12.0,166.4,High
2026-07-31T07:00:00,R0018,3997,20.2,74.5,3.6,115.5,High
2026-07-31T07:00:00,R0019,1323,35.5,80.1,1.4,115.4,Severe
2026-07-31T07:00:00,R0020,1627,11.6,76.8,26.9,161.1,High
2026-07-31T07:00:00,R0021,937,21.0,62.6,16.3,49.8,High
2026-07-31T07:00:00,R0022,750,56.1,59.5,2.7,73.0,High
2026-07-31T07:00:00,R0023,940,13.3,68.3,26.4,109.0,High
2026-07-31T07:00:00,R0024,1049,23.2,72.4,13.3,160.4,High
2026-07-31T07:00:00,R0025,1015,24.3,75.6,9.3,123.7,High
2026-07-31T07:00:00,R0026,1160,15.0,76.9,3.9,110.1,High
2026-07-31T07:00:00,R0027,1100,14.5,61.1,24.7,54.6,High
2026-07-31T07:00:00,R0028,1142,13.7,71.7,9.2,109.6,High
2026-07-31T07:00:00,R0029,2235,21.8,67.9,16.8,101.9,High
2026-07-31T07:00:00,R0030,1141,19.5,66.2,16.6,129.2,High
2026-07-31T07:00:00,R0031,1599,24.3,62.1,13.3,75.6,High
2026-07-31T07:00:00,R0032,3393,17.9,84.3,7.0,208.0,Severe
2026-07-31T07:00:00,R0033,955,15.1,67.8,3.3,64.2,High
2026-07-31T07:00:00,R0034,769,54.9,60.6,1.6,98.5,High
2026-07-31T07:00:00,R0035,961,19.3,61.5,11.7,45.1,High
2026-07-31T07:00:00,R0036,1487,14.6,61.9,25.8,107.5,High
2026-07-31T07:00:00,R0037,2362,20.9,76.5,6.9,158.0,High
2026-07-31T07:00:00,R0038,893,17.9,73.1,3.7,125.4,High
2026-07-31T07:00:00,R0039,937,47.4,67.4,2.1,98.7,High
2026-07-31T07:00:00,R0040,3888,12.0,80.5,23.2,130.9,Severe
2026-07-31T07:00:00,R0041,1188,14.4,78.9,12.1,168.5,High
2026-07-31T07:00:00,R0042,1148,42.6,68.8,1.8,89.0,High
2026-07-31T07:00:00,R0043,2209,15.5,75.0,4.0,167.0,High
2026-07-31T07:00:00,R0044,1084,16.5,61.2,13.5,87.4,High
2026-07-31T07:00:00,R0045,886,13.8,67.7,20.6,117.0,High
2026-07-31T07:00:00,R0046,1631,34.0,74.8,4.8,110.2,High
2026-07-31T07:00:00,R0047,2195,18.8,71.8,7.2,84.0,High
2026-07-31T07:00:00,R0048,835,13.1,70.0,17.5,128.9,High
2026-07-31T07:00:00,R0049,3570,22.2,79.0,16.0,87.5,High
2026-07-31T07:00:00,R0050,1533,15.7,59.5,18.9,63.0,High
2026-07-31T08:00:00,R0001,1692,12.2,96.1,14.4,262.2,Severe
2026-07-31T08:00:00,R0002,1634,10.1,96.9,10.0,130.1,Severe
2026-07-31T08:00:00,R0003,4376,11.8,93.1,21.5,200.1,Severe
2026-07-31T08:00:00,R0004,2146,17.6,91.7,18.9,244.6,Severe
2026-07-31T08:00:00,R0005,1267,18.3,89.3,8.3,240.4,Severe
2026-07-31T08:00:00,R0006,1430,10.3,85.8,25.0,176.0,Severe
2026-07-31T08:00:00,R0007,1684,11.0,100.0,18.5,176.5,Severe
2026-07-31T08:00:00,R0008,1074,12.9,100.0,19.4,195.5,Severe
2026-07-31T08:00:00,R0009,2277,18.2,86.3,3.9,227.3,Severe
2026-07-31T08:00:00,R0010,1022,8.5,94.8,17.9,132.7,Severe
2026-07-31T08:00:00,R0011,4199,10.7,100.0,8.4,262.2,Severe
2026-07-31T08:00:00,R0012,1638,12.7,100.0,10.8,284.2,Severe
2026-07-31T08:00:00,R0013,992,19.9,86.5,11.8,230.5,Severe
2026-07-31T08:00:00,R0014,2844,9.6,100.0,38.5,181.7,Severe
2026-07-31T08:00:00,R0015,964,16.6,83.4,4.7,152.0,Severe
2026-07-31T08:00:00,R0016,1960,12.8,100.0,14.2,238.8,Severe
2026-07-31T08:00:00,R0017,1305,8.6,91.0,16.7,203.3,Severe
2026-07-31T08:00:00,R0018,5156,13.3,96.1,5.5,138.4,Severe
2026-07-31T08:00:00,R0019,1773,21.0,100.0,2.4,154.9,Severe
2026-07-31T08:00:00,R0020,2174,7.1,100.0,43.9,165.5,Severe
2026-07-31T08:00:00,R0021,1365,11.7,91.1,29.3,134.6,Severe
2026-07-31T08:00:00,R0022,1361,23.4,100.0,6.6,146.2,Severe
2026-07-31T08:00:00,R0023,1321,8.0,95.9,44.0,168.4,Severe
2026-07-31T08:00:00,R0024,1475,10.5,100.0,29.4,229.6,Severe
2026-07-31T08:00:00,R0025,1141,21.3,85.0,10.6,138.0,Severe
2026-07-31T08:00:00,R0026,1351,12.8,89.5,4.6,106.4,Severe
2026-07-31T08:00:00,R0027,1684,8.0,93.6,44.8,153.0,Severe
2026-07-31T08:00:00,R0028,1776,7.0,100.0,18.0,131.5,Severe
2026-07-31T08:00:00,R0029,3447,11.3,100.0,32.4,282.2,Severe
2026-07-31T08:00:00,R0030,1562,11.9,90.7,27.1,177.6,Severe
2026-07-31T08:00:00,R0031,2493,12.4,96.8,26.1,148.6,Severe
2026-07-31T08:00:00,R0032,4272,11.2,100.0,11.3,292.5,Severe
2026-07-31T08:00:00,R0033,1251,9.5,88.8,5.3,235.3,Severe
2026-07-31T08:00:00,R0034,1307,23.8,100.0,3.7,268.9,Severe
2026-07-31T08:00:00,R0035,1442,11.5,92.3,19.6,129.1,Severe
2026-07-31T08:00:00,R0036,2364,6.8,98.4,55.5,247.1,Severe
2026-07-31T08:00:00,R0037,3032,11.8,98.2,12.3,163.3,Severe
2026-07-31T08:00:00,R0038,1400,8.4,100.0,7.8,127.8,Severe
2026-07-31T08:00:00,R0039,1215,34.3,87.3,2.9,233.6,Severe
2026-07-31T08:00:00,R0040,4953,7.1,100.0,39.1,158.5,Severe
2026-07-31T08:00:00,R0041,1711,8.5,100.0,20.5,138.2,Severe
2026-07-31T08:00:00,R0042,1395,35.2,83.6,2.2,189.4,Severe
2026-07-31T08:00:00,R0043,2726,12.0,92.6,5.1,173.8,Severe
2026-07-31T08:00:00,R0044,1505,10.1,85.0,22.1,181.7,Severe
2026-07-31T08:00:00,R0045,1424,6.7,100.0,42.4,226.8,Severe
2026-07-31T08:00:00,R0046,1943,25.1,89.1,6.5,243.4,Severe
2026-07-31T08:00:00,R0047,2489,15.4,81.5,8.8,153.0,Severe
2026-07-31T08:00:00,R0048,1056,10.0,88.5,22.9,167.3,Severe
2026-07-31T08:00:00,R0049,4127,16.6,91.3,21.4,140.2,Severe
2026-07-31T08:00:00,R0050,2803,6.9,100.0,43.0,284.4,Severe
2026-07-31T09:00:00,R0001,1197,21.5,68.0,8.2,98.7,High
2026-07-31T09:00:00,R0002,1566,11.5,92.8,8.8,154.4,Severe
2026-07-31T09:00:00,R0003,4202,12.7,89.4,20.0,101.1,Severe
2026-07-31T09:00:00,R0004,2052,18.5,87.7,18.0,116.8,Severe
2026-07-31T09:00:00,R0005,1008,26.4,71.0,5.8,101.5,High
2026-07-31T09:00:00,R0006,1213,12.2,72.8,21.1,140.6,High
2026-07-31T09:00:00,R0007,1508,14.6,92.6,14.0,151.9,Severe
2026-07-31T09:00:00,R0008,742,25.1,71.6,10.0,76.2,High
2026-07-31T09:00:00,R0009,2116,22.8,80.2,3.1,165.5,Severe
2026-07-31T09:00:00,R0010,904,10.0,83.9,15.2,131.3,Severe
2026-07-31T09:00:00,R0011,3514,16.9,83.9,5.3,115.8,Severe
2026-07-31T09:00:00,R0012,1150,23.8,75.2,5.7,79.7,High
2026-07-31T09:00:00,R0013,1010,19.9,88.1,11.8,127.9,Severe
2026-07-31T09:00:00,R0014,1710,19.7,66.5,18.8,69.8,High
2026-07-31T09:00:00,R0015,875,19.0,75.7,4.1,95.6,High
2026-07-31T09:00:00,R0016,1588,20.3,87.0,8.9,123.2,Severe
2026-07-31T09:00:00,R0017,1063,11.9,74.1,12.1,75.8,High
2026-07-31T09:00:00,R0018,4976,14.3,92.7,5.1,191.1,Severe
2026-07-31T09:00:00,R0019,1425,34.5,86.3,1.4,204.7,Severe
2026-07-31T09:00:00,R0020,1378,13.9,65.1,22.4,99.5,High
2026-07-31T09:00:00,R0021,1127,17.7,75.2,19.4,140.7,High
2026-07-31T09:00:00,R0022,1155,27.4,91.7,5.6,237.4,Severe
2026-07-31T09:00:00,R0023,1015,13.6,73.7,25.9,83.3,High
2026-07-31T09:00:00,R0024,1148,19.9,79.2,15.5,129.3,High
2026-07-31T09:00:00,R0025,1045,25.2,77.9,9.0,124.2,High
2026-07-31T09:00:00,R0026,1233,13.5,81.7,4.4,188.8,Severe
2026-07-31T09:00:00,R0027,1492,10.4,82.9,34.4,87.9,Severe
2026-07-31T09:00:00,R0028,1295,10.1,81.3,12.5,82.7,Severe
2026-07-31T09:00:00,R0029,2701,17.1,82.0,21.4,108.2,Severe
2026-07-31T09:00:00,R0030,1432,13.1,83.1,24.6,126.7,Severe
2026-07-31T09:00:00,R0031,1773,23.2,68.9,14.0,115.2,High
2026-07-31T09:00:00,R0032,3422,16.2,85.0,7.8,102.0,Severe
2026-07-31T09:00:00,R0033,941,14.1,66.8,3.6,129.6,High
2026-07-31T09:00:00,R0034,899,42.7,70.8,2.1,70.9,High
2026-07-31T09:00:00,R0035,1277,14.9,81.8,15.1,164.2,Severe
2026-07-31T09:00:00,R0036,2137,9.2,89.0,41.0,117.8,Severe
2026-07-31T09:00:00,R0037,2248,22.0,72.8,6.6,125.9,High
2026-07-31T09:00:00,R0038,973,15.5,79.6,4.2,154.9,High
2026-07-31T09:00:00,R0039,1245,30.8,89.5,3.2,214.6,Severe
2026-07-31T09:00:00,R0040,3459,13.5,71.7,20.6,149.2,High
2026-07-31T09:00:00,R0041,1136,17.1,75.5,10.2,148.2,High
2026-07-31T09:00:00,R0042,1106,48.4,66.3,1.6,62.9,High
2026-07-31T09:00:00,R0043,2709,11.9,92.0,5.2,121.1,Severe
2026-07-31T09:00:00,R0044,1205,14.2,68.0,15.7,85.0,High
2026-07-31T09:00:00,R0045,859,14.6,65.6,19.5,81.0,High
2026-07-31T09:00:00,R0046,1472,39.2,67.5,4.2,130.5,High
2026-07-31T09:00:00,R0047,2628,13.9,86.0,9.8,121.9,Severe
2026-07-31T09:00:00,R0048,860,12.4,72.1,18.5,137.9,High
2026-07-31T09:00:00,R0049,4132,17.9,91.4,19.9,238.7,Severe
2026-07-31T09:00:00,R0050,2130,10.5,82.7,28.2,139.9,Severe
2026-07-31T10:00:00,R0001,1097,22.2,62.3,7.9,73.9,High
2026-07-31T10:00:00,R0002,1288,13.8,76.3,7.3,102.8,High
2026-07-31T10:00:00,R0003,3491,14.1,74.3,18.0,108.6,High
2026-07-31T10:00:00,R0004,1955,17.6,83.6,18.9,166.2,Severe
2026-07-31T10:00:00,R0005,1214,17.9,85.6,8.5,213.0,Severe
2026-07-31T10:00:00,R0006,1146,10.9,68.7,23.6,79.9,High
2026-07-31T10:00:00,R0007,1123,20.7,69.0,9.9,114.5,High
2026-07-31T10:00:00,R0008,660,24.0,63.6,10.4,58.2,High
2026-07-31T10:00:00,R0009,2070,20.4,78.5,3.4,176.3,High
2026-07-31T10:00:00,R0010,935,7.9,86.7,19.3,136.8,Severe
2026-07-31T10:00:00,R0011,2846,19.3,68.0,4.7,132.8,High
2026-07-31T10:00:00,R0012,1177,21.1,76.9,6.5,128.1,High
2026-07-31T10:00:00,R0013,714,24.2,62.2,9.7,80.2,High
2026-07-31T10:00:00,R0014,2080,12.0,80.8,30.8,170.0,Severe
2026-07-31T10:00:00,R0015,963,14.7,83.3,5.3,183.6,Severe
2026-07-31T10:00:00,R0016,1320,22.7,72.3,8.0,138.6,High
2026-07-31T10:00:00,R0017,1264,7.8,88.1,18.5,155.5,Severe
2026-07-31T10:00:00,R0018,3540,19.5,65.9,3.8,105.7,High
2026-07-31T10:00:00,R0019,1423,27.5,86.1,1.8,117.1,Severe
2026-07-31T10:00:00,R0020,1465,11.5,69.2,27.1,83.9,High
2026-07-31T10:00:00,R0021,1015,16.4,67.8,20.9,56.3,High
2026-07-31T10:00:00,R0022,957,36.0,76.0,4.3,100.8,High
2026-07-31T10:00:00,R0023,1070,10.3,77.7,34.1,149.5,High
2026-07-31T10:00:00,R0024,1065,17.6,73.5,17.5,151.0,High
2026-07-31T10:00:00,R0025,1099,17.9,81.9,12.7,96.7,Severe
2026-07-31T10:00:00,R0026,957,15.9,63.4,3.7,87.7,High
2026-07-31T10:00:00,R0027,1131,12.5,62.9,28.7,97.5,High
2026-07-31T10:00:00,R0028,1105,12.1,69.4,10.4,124.6,High
2026-07-31T10:00:00,R0029,2242,20.4,68.1,17.9,119.2,High
2026-07-31T10:00:00,R0030,1244,14.1,72.2,22.9,114.8,High
2026-07-31T10:00:00,R0031,2222,14.2,86.3,22.8,116.6,Severe
2026-07-31T10:00:00,R0032,3215,15.8,79.9,8.0,150.6,High
2026-07-31T10:00:00,R0033,1144,9.4,81.2,5.4,183.0,Severe
2026-07-31T10:00:00,R0034,1027,31.9,80.9,2.8,100.3,Severe
2026-07-31T10:00:00,R0035,1312,12.5,84.0,18.0,106.1,Severe
2026-07-31T10:00:00,R0036,1792,10.2,74.6,37.0,147.5,High
2026-07-31T10:00:00,R0037,2498,14.8,80.9,9.8,189.4,Severe
2026-07-31T10:00:00,R0038,811,17.0,66.4,3.8,89.0,High
2026-07-31T10:00:00,R0039,978,36.1,70.3,2.7,75.8,High
2026-07-31T10:00:00,R0040,3828,9.8,79.3,28.3,93.0,High
2026-07-31T10:00:00,R0041,971,15.6,64.5,11.2,103.7,High
2026-07-31T10:00:00,R0042,1345,29.4,80.6,2.7,149.4,Severe
2026-07-31T10:00:00,R0043,1878,17.9,63.8,3.5,112.4,High
2026-07-31T10:00:00,R0044,1422,10.1,80.3,22.1,178.7,Severe
2026-07-31T10:00:00,R0045,1096,8.9,83.7,32.0,127.5,Severe
2026-07-31T10:00:00,R0046,1469,31.1,67.4,5.3,106.5,High
2026-07-31T10:00:00,R0047,2020,15.7,66.1,8.7,88.8,High
2026-07-31T10:00:00,R0048,808,12.1,67.7,18.9,132.1,High
2026-07-31T10:00:00,R0049,3689,19.0,81.6,18.7,155.9,Severe
2026-07-31T10:00:00,R0050,1922,10.1,74.6,29.3,162.1,High
2026-07-31T11:00:00,R0001,823,32.4,46.8,5.4,17.2,Medium
2026-07-31T11:00:00,R0002,882,21.6,52.3,4.7,29.7,Medium
2026-07-31T11:00:00,R0003,2273,22.8,48.4,11.1,33.3,Medium
2026-07-31T11:00:00,R0004,1437,30.3,61.4,11.0,98.9,High
2026-07-31T11:00:00,R0005,697,35.4,49.1,4.3,22.3,Medium
2026-07-31T11:00:00,R0006,953,16.2,57.2,15.9,66.0,High
2026-07-31T11:00:00,R0007,976,26.4,60.0,7.7,77.7,High
2026-07-31T11:00:00,R0008,657,29.0,63.4,8.6,72.0,High
2026-07-31T11:00:00,R0009,1558,32.5,59.1,2.2,48.4,High
2026-07-31T11:00:00,R0010,564,17.4,52.3,8.8,40.1,Medium
2026-07-31T11:00:00,R0011,2030,32.6,48.5,2.8,36.4,Medium
2026-07-31T11:00:00,R0012,832,35.0,54.4,3.9,67.6,Medium
2026-07-31T11:00:00,R0013,546,35.7,47.6,6.6,27.6,Medium
2026-07-31T11:00:00,R0014,1561,19.3,60.7,19.2,102.5,High
2026-07-31T11:00:00,R0015,623,27.9,53.9,2.8,40.0,Medium
2026-07-31T11:00:00,R0016,883,38.4,48.4,4.7,40.9,Medium
2026-07-31T11:00:00,R0017,761,18.5,53.1,7.8,58.6,Medium
2026-07-31T11:00:00,R0018,2922,29.1,54.4,2.5,47.6,Medium
2026-07-31T11:00:00,R0019,924,51.8,55.9,1.0,65.0,High
2026-07-31T11:00:00,R0020,974,19.8,46.0,15.8,26.8,Medium
2026-07-31T11:00:00,R0021,743,23.5,49.6,14.6,33.1,Medium
2026-07-31T11:00:00,R0022,714,53.2,56.7,2.9,63.1,High
2026-07-31T11:00:00,R0023,699,16.6,50.8,21.2,21.7,Medium
2026-07-31T11:00:00,R0024,680,32.6,46.9,9.5,33.7,Medium
2026-07-31T11:00:00,R0025,716,34.5,53.4,6.6,32.7,Medium
2026-07-31T11:00:00,R0026,842,21.0,55.8,2.8,60.6,High
2026-07-31T11:00:00,R0027,1139,14.3,63.3,25.0,100.0,High
2026-07-31T11:00:00,R0028,723,18.7,45.4,6.7,12.6,Medium
2026-07-31T11:00:00,R0029,1708,27.8,51.9,13.2,37.1,Medium
2026-07-31T11:00:00,R0030,916,22.3,53.2,14.5,52.4,Medium
2026-07-31T11:00:00,R0031,1623,24.7,63.0,13.1,59.3,High
2026-07-31T11:00:00,R0032,2024,31.5,50.3,4.0,38.3,Medium
2026-07-31T11:00:00,R0033,759,16.2,53.9,3.1,46.6,Medium
2026-07-31T11:00:00,R0034,640,63.8,50.4,1.4,48.4,Medium
2026-07-31T11:00:00,R0035,728,25.1,46.6,9.0,17.7,Medium
2026-07-31T11:00:00,R0036,1274,18.3,53.0,20.6,46.6,Medium
2026-07-31T11:00:00,R0037,1591,28.1,51.5,5.2,50.6,Medium
2026-07-31T11:00:00,R0038,699,21.7,57.2,3.0,45.6,High
2026-07-31T11:00:00,R0039,717,63.0,51.5,1.6,40.9,Medium
2026-07-31T11:00:00,R0040,2551,17.4,52.8,16.0,55.5,Medium
2026-07-31T11:00:00,R0041,777,22.4,51.6,7.8,43.6,Medium
2026-07-31T11:00:00,R0042,968,55.8,58.0,1.4,83.6,High
2026-07-31T11:00:00,R0043,1539,21.8,52.3,2.8,60.0,Medium
2026-07-31T11:00:00,R0044,948,17.5,53.5,12.8,54.0,Medium
2026-07-31T11:00:00,R0045,729,16.0,55.7,17.8,67.0,High
2026-07-31T11:00:00,R0046,1325,41.9,60.8,3.9,72.1,High
2026-07-31T11:00:00,R0047,1442,23.3,47.2,5.8,21.7,Medium
2026-07-31T11:00:00,R0048,609,19.0,51.0,12.1,47.9,Medium
2026-07-31T11:00:00,R0049,2618,32.5,57.9,10.9,44.8,High
2026-07-31T11:00:00,R0050,1654,14.5,64.2,20.4,56.2,High
2026-07-31T12:00:00,R0001,726,35.3,41.2,5.0,2.4,Medium
2026-07-31T12:00:00,R0002,699,25.6,41.4,4.0,3.0,Medium
2026-07-31T12:00:00,R0003,1924,28.2,40.9,9.0,3.4,Medium
2026-07-31T12:00:00,R0004,874,43.7,37.4,7.6,11.8,Medium
2026-07-31T12:00:00,R0005,589,40.1,41.5,3.8,7.4,Medium
2026-07-31T12:00:00,R0006,715,18.4,42.9,14.0,13.2,Medium
2026-07-31T12:00:00,R0007,592,34.5,36.4,5.9,9.2,Medium
2026-07-31T12:00:00,R0008,317,44.8,30.6,5.6,13.1,Medium
2026-07-31T12:00:00,R0009,861,43.3,32.6,1.6,14.1,Medium
2026-07-31T12:00:00,R0010,382,20.8,35.4,7.3,6.6,Medium
2026-07-31T12:00:00,R0011,1535,35.7,36.7,2.5,12.0,Medium
2026-07-31T12:00:00,R0012,547,44.5,35.8,3.1,8.0,Medium
2026-07-31T12:00:00,R0013,393,44.1,34.3,5.3,10.8,Medium
2026-07-31T12:00:00,R0014,956,25.9,37.2,14.3,2.5,Medium
2026-07-31T12:00:00,R0015,388,34.9,33.6,2.2,10.1,Medium
2026-07-31T12:00:00,R0016,549,46.7,30.1,3.9,4.0,Medium
2026-07-31T12:00:00,R0017,486,21.7,33.9,6.6,3.2,Medium
2026-07-31T12:00:00,R0018,2224,31.1,41.4,2.4,4.7,Medium
2026-07-31T12:00:00,R0019,676,68.0,40.9,0.7,2.6,Medium
2026-07-31T12:00:00,R0020,749,22.0,35.4,14.2,14.6,Medium
2026-07-31T12:00:00,R0021,622,25.9,41.5,13.3,7.5,Medium
2026-07-31T12:00:00,R0022,377,69.6,29.9,2.2,12.4,Medium
2026-07-31T12:00:00,R0023,447,20.5,32.5,17.2,3.6,Medium
2026-07-31T12:00:00,R0024,513,36.7,35.4,8.4,9.4,Medium
2026-07-31T12:00:00,R0025,442,43.7,32.9,5.2,13.9,Medium
2026-07-31T12:00:00,R0026,611,26.1,40.5,2.3,2.5,Medium
2026-07-31T12:00:00,R0027,704,19.1,39.1,18.8,0.5,Medium
2026-07-31T12:00:00,R0028,510,22.8,32.0,5.5,2.8,Medium
2026-07-31T12:00:00,R0029,1203,32.9,36.5,11.1,13.8,Medium
2026-07-31T12:00:00,R0030,592,30.5,34.4,10.6,14.2,Medium
2026-07-31T12:00:00,R0031,771,37.3,29.9,8.7,0.4,Medium
2026-07-31T12:00:00,R0032,1680,33.2,41.7,3.8,3.8,Medium
2026-07-31T12:00:00,R0033,440,21.8,31.2,2.3,14.1,Medium
2026-07-31T12:00:00,R0034,494,72.2,38.9,1.2,5.5,Medium
2026-07-31T12:00:00,R0035,475,32.1,30.4,7.0,0.3,Medium
2026-07-31T12:00:00,R0036,1015,19.3,42.3,19.6,4.7,Medium
2026-07-31T12:00:00,R0037,1200,36.7,38.9,4.0,14.5,Medium
2026-07-31T12:00:00,R0038,390,28.0,31.9,2.3,8.5,Medium
2026-07-31T12:00:00,R0039,531,71.4,38.2,1.4,2.7,Medium
2026-07-31T12:00:00,R0040,2047,20.1,42.4,13.8,10.9,Medium
2026-07-31T12:00:00,R0041,555,27.6,36.9,6.3,14.7,Medium
2026-07-31T12:00:00,R0042,625,73.3,37.5,1.1,14.3,Medium
2026-07-31T12:00:00,R0043,1139,27.6,38.7,2.2,0.1,Medium
2026-07-31T12:00:00,R0044,538,21.4,30.4,10.4,2.8,Medium
2026-07-31T12:00:00,R0045,434,21.1,33.2,13.5,5.4,Medium
2026-07-31T12:00:00,R0046,771,53.3,35.4,3.1,0.6,Medium
2026-07-31T12:00:00,R0047,1181,27.5,38.7,5.0,6.7,Medium
2026-07-31T12:00:00,R0048,455,21.7,38.1,10.6,6.4,Medium
2026-07-31T12:00:00,R0049,1728,44.2,38.2,8.0,12.6,Medium
2026-07-31T12:00:00,R0050,913,21.8,35.4,13.6,2.7,Medium
2026-07-31T13:00:00,R0001,785,32.1,44.6,5.5,22.0,Medium
2026-07-31T13:00:00,R0002,620,30.1,36.8,3.4,8.7,Medium
2026-07-31T13:00:00,R0003,1493,29.9,31.8,8.5,4.1,Medium
2026-07-31T13:00:00,R0004,740,46.5,31.6,7.1,4.1,Medium
2026-07-31T13:00:00,R0005,597,38.3,42.1,4.0,5.4,Medium
2026-07-31T13:00:00,R0006,741,18.8,44.5,13.7,17.1,Medium
2026-07-31T13:00:00,R0007,643,34.3,39.5,5.9,13.7,Medium
2026-07-31T13:00:00,R0008,419,39.7,40.4,6.3,1.8,Medium
2026-07-31T13:00:00,R0009,888,43.6,33.7,1.6,14.3,Medium
2026-07-31T13:00:00,R0010,428,21.3,39.7,7.2,9.8,Medium
2026-07-31T13:00:00,R0011,1787,35.0,42.7,2.6,7.6,Medium
2026-07-31T13:00:00,R0012,512,43.3,33.5,3.2,10.5,Medium
2026-07-31T13:00:00,R0013,393,39.8,34.3,5.9,5.1,Medium
2026-07-31T13:00:00,R0014,1143,26.5,44.4,13.9,14.1,Medium
2026-07-31T13:00:00,R0015,391,35.3,33.8,2.2,2.5,Medium
2026-07-31T13:00:00,R0016,596,46.5,32.7,3.9,15.0,Medium
2026-07-31T13:00:00,R0017,479,20.2,33.4,7.1,4.9,Medium
2026-07-31T13:00:00,R0018,2013,33.1,37.5,2.2,4.5,Medium
2026-07-31T13:00:00,R0019,560,75.1,33.9,0.7,10.7,Medium
2026-07-31T13:00:00,R0020,844,19.9,39.8,15.7,13.6,Medium
2026-07-31T13:00:00,R0021,665,24.4,44.4,14.1,11.7,Medium
2026-07-31T13:00:00,R0022,483,64.5,38.3,2.4,6.5,Medium
2026-07-31T13:00:00,R0023,539,20.5,39.1,17.2,5.0,Medium
2026-07-31T13:00:00,R0024,559,36.7,38.6,8.4,3.1,Medium
2026-07-31T13:00:00,R0025,538,37.6,40.1,6.0,0.2,Medium
2026-07-31T13:00:00,R0026,584,25.7,38.7,2.3,0.3,Medium
2026-07-31T13:00:00,R0027,603,21.9,33.5,16.4,10.6,Medium
2026-07-31T13:00:00,R0028,540,22.2,33.9,5.7,2.7,Medium
2026-07-31T13:00:00,R0029,1303,33.4,39.6,11.0,9.8,Medium
2026-07-31T13:00:00,R0030,771,27.3,44.7,11.8,9.5,Medium
2026-07-31T13:00:00,R0031,1114,30.3,43.3,10.7,16.0,Medium
2026-07-31T13:00:00,R0032,1411,34.9,35.1,3.6,1.4,Medium
2026-07-31T13:00:00,R0033,461,22.7,32.7,2.2,14.2,Medium
2026-07-31T13:00:00,R0034,502,70.1,39.5,1.3,11.4,Medium
2026-07-31T13:00:00,R0035,543,26.6,34.8,8.5,0.0,Medium
2026-07-31T13:00:00,R0036,864,20.3,36.0,18.6,0.9,Medium
2026-07-31T13:00:00,R0037,1039,34.1,33.6,4.3,13.7,Medium
2026-07-31T13:00:00,R0038,404,29.2,33.1,2.2,8.9,Medium
2026-07-31T13:00:00,R0039,537,64.3,38.6,1.5,4.8,Medium
2026-07-31T13:00:00,R0040,1540,21.7,31.9,12.8,2.8,Medium
2026-07-31T13:00:00,R0041,585,28.1,38.9,6.2,8.0,Medium
2026-07-31T13:00:00,R0042,619,68.5,37.1,1.1,12.6,Medium
2026-07-31T13:00:00,R0043,1007,29.8,34.2,2.1,11.4,Medium
2026-07-31T13:00:00,R0044,654,20.3,36.9,11.0,7.1,Medium
2026-07-31T13:00:00,R0045,425,20.4,32.5,13.9,1.7,Medium
2026-07-31T13:00:00,R0046,736,57.8,33.7,2.8,12.7,Medium
2026-07-31T13:00:00,R0047,1051,30.6,34.4,4.5,14.3,Medium
2026-07-31T13:00:00,R0048,528,20.3,44.3,11.3,13.3,Medium
2026-07-31T13:00:00,R0049,1455,44.5,32.2,8.0,8.4,Medium
2026-07-31T13:00:00,R0050,1102,21.1,42.8,14.0,9.9,Medium
2026-07-31T14:00:00,R0001,512,35.0,29.1,5.0,7.6,Medium
2026-07-31T14:00:00,R0002,564,30.4,33.4,3.3,7.6,Medium
2026-07-31T14:00:00,R0003,1771,28.2,37.7,9.0,12.6,Medium
2026-07-31T14:00:00,R0004,670,48.1,28.6,6.9,10.1,Medium
2026-07-31T14:00:00,R0005,410,43.3,28.9,3.5,13.9,Medium
2026-07-31T14:00:00,R0006,454,23.0,27.2,11.2,4.7,Medium
2026-07-31T14:00:00,R0007,565,37.6,34.7,5.4,5.4,Medium
2026-07-31T14:00:00,R0008,331,47.4,31.9,5.3,11.8,Medium
2026-07-31T14:00:00,R0009,988,41.2,37.5,1.7,3.5,Medium
2026-07-31T14:00:00,R0010,342,22.9,31.7,6.7,1.6,Medium
2026-07-31T14:00:00,R0011,1260,34.8,30.1,2.6,6.5,Medium
2026-07-31T14:00:00,R0012,560,39.0,36.6,3.5,10.1,Medium
2026-07-31T14:00:00,R0013,434,39.8,37.8,5.9,10.4,Medium
2026-07-31T14:00:00,R0014,987,29.4,38.4,12.6,3.5,Medium
2026-07-31T14:00:00,R0015,324,36.2,28.0,2.2,10.5,Medium
2026-07-31T14:00:00,R0016,646,43.7,35.4,4.1,5.0,Medium
2026-07-31T14:00:00,R0017,414,23.0,28.9,6.3,7.3,Medium
2026-07-31T14:00:00,R0018,1904,35.1,35.5,2.1,5.1,Medium
2026-07-31T14:00:00,R0019,501,71.5,30.3,0.7,4.0,Medium
2026-07-31T14:00:00,R0020,593,22.4,28.0,13.9,0.5,Medium
2026-07-31T14:00:00,R0021,435,31.5,29.0,10.9,4.9,Medium
2026-07-31T14:00:00,R0022,438,73.8,34.8,2.1,8.7,Medium
2026-07-31T14:00:00,R0023,525,19.2,38.1,18.3,11.1,Medium
2026-07-31T14:00:00,R0024,553,36.3,38.2,8.5,2.5,Medium
2026-07-31T14:00:00,R0025,412,42.4,30.7,5.3,9.0,Medium
2026-07-31T14:00:00,R0026,532,27.6,35.3,2.1,8.1,Medium
2026-07-31T14:00:00,R0027,630,21.1,35.0,17.0,12.8,Medium
2026-07-31T14:00:00,R0028,572,19.8,35.9,6.4,9.3,Medium
2026-07-31T14:00:00,R0029,976,38.0,29.6,9.6,14.4,Medium
2026-07-31T14:00:00,R0030,641,27.4,37.2,11.8,4.4,Medium
2026-07-31T14:00:00,R0031,763,37.8,29.6,8.6,1.7,Medium
2026-07-31T14:00:00,R0032,1343,33.4,33.4,3.8,4.9,Medium
2026-07-31T14:00:00,R0033,415,24.3,29.5,2.1,10.9,Medium
2026-07-31T14:00:00,R0034,393,69.7,30.9,1.3,7.8,Medium
2026-07-31T14:00:00,R0035,459,30.3,29.4,7.4,12.5,Medium
2026-07-31T14:00:00,R0036,820,22.0,34.1,17.2,8.1,Medium
2026-07-31T14:00:00,R0037,1167,36.9,37.8,3.9,7.7,Medium
2026-07-31T14:00:00,R0038,372,29.7,30.4,2.2,2.8,Medium
2026-07-31T14:00:00,R0039,478,71.7,34.4,1.4,1.5,Medium
2026-07-31T14:00:00,R0040,1410,22.6,29.2,12.3,13.3,Medium
2026-07-31T14:00:00,R0041,505,29.7,33.6,5.9,5.1,Medium
2026-07-31T14:00:00,R0042,560,71.7,33.6,1.1,9.9,Medium
2026-07-31T14:00:00,R0043,809,30.7,27.5,2.0,4.4,Medium
2026-07-31T14:00:00,R0044,544,23.9,30.7,9.3,2.7,Medium
2026-07-31T14:00:00,R0045,400,22.4,30.6,12.7,12.9,Medium
2026-07-31T14:00:00,R0046,693,61.1,31.8,2.7,12.8,Medium
2026-07-31T14:00:00,R0047,933,29.4,30.5,4.6,5.3,Medium
2026-07-31T14:00:00,R0048,437,19.5,36.6,11.8,4.6,Medium
2026-07-31T14:00:00,R0049,1577,43.2,34.9,8.2,6.5,Medium
2026-07-31T14:00:00,R0050,856,20.8,33.2,14.3,6.5,Medium
2026-07-31T15:00:00,R0001,737,31.8,41.9,5.5,8.7,Medium
2026-07-31T15:00:00,R0002,649,25.4,38.5,4.0,10.9,Medium
2026-07-31T15:00:00,R0003,1433,32.1,30.5,7.9,13.1,Medium
2026-07-31T15:00:00,R0004,793,41.6,33.9,8.0,5.7,Medium
2026-07-31T15:00:00,R0005,492,42.0,34.7,3.6,4.8,Medium
2026-07-31T15:00:00,R0006,636,19.6,38.2,13.1,12.7,Medium
2026-07-31T15:00:00,R0007,662,33.4,40.7,6.1,3.2,Medium
2026-07-31T15:00:00,R0008,345,40.3,33.3,6.2,9.3,Medium
2026-07-31T15:00:00,R0009,951,42.7,36.1,1.6,13.5,Medium
2026-07-31T15:00:00,R0010,461,20.0,42.8,7.6,12.0,Medium
2026-07-31T15:00:00,R0011,1303,35.2,31.1,2.6,11.0,Medium
2026-07-31T15:00:00,R0012,546,42.1,35.7,3.2,4.6,Medium
2026-07-31T15:00:00,R0013,436,39.4,38.0,6.0,9.4,Medium
2026-07-31T15:00:00,R0014,831,27.3,32.3,13.5,5.0,Medium
2026-07-31T15:00:00,R0015,382,38.6,33.0,2.0,0.8,Medium
2026-07-31T15:00:00,R0016,590,44.3,32.3,4.1,7.2,Medium
2026-07-31T15:00:00,R0017,439,20.7,30.6,7.0,14.8,Medium
2026-07-31T15:00:00,R0018,2076,33.5,38.7,2.2,7.1,Medium
2026-07-31T15:00:00,R0019,554,70.6,33.5,0.7,9.7,Medium
2026-07-31T15:00:00,R0020,881,18.9,41.6,16.5,7.2,Medium
2026-07-31T15:00:00,R0021,473,28.2,31.6,12.2,0.6,Medium
2026-07-31T15:00:00,R0022,401,78.4,31.8,2.0,6.9,Medium
2026-07-31T15:00:00,R0023,427,23.9,31.0,14.7,13.2,Medium
2026-07-31T15:00:00,R0024,578,36.0,39.9,8.6,3.3,Medium
2026-07-31T15:00:00,R0025,550,41.2,41.0,5.5,4.6,Medium
2026-07-31T15:00:00,R0026,611,26.2,40.5,2.2,2.2,Medium
2026-07-31T15:00:00,R0027,602,21.1,33.5,17.0,1.6,Medium
2026-07-31T15:00:00,R0028,673,19.1,42.3,6.6,8.2,Medium
2026-07-31T15:00:00,R0029,1157,38.1,35.1,9.6,5.0,Medium
2026-07-31T15:00:00,R0030,693,28.4,40.2,11.4,0.7,Medium
2026-07-31T15:00:00,R0031,901,37.0,35.0,8.8,13.7,Medium
2026-07-31T15:00:00,R0032,1608,32.3,40.0,3.9,13.3,Medium
2026-07-31T15:00:00,R0033,494,21.6,35.1,2.3,12.5,Medium
2026-07-31T15:00:00,R0034,412,76.4,32.4,1.2,8.9,Medium
2026-07-31T15:00:00,R0035,652,25.2,41.7,9.0,5.5,Medium
2026-07-31T15:00:00,R0036,984,18.5,41.0,20.4,2.3,Medium
2026-07-31T15:00:00,R0037,1329,31.5,43.0,4.6,14.8,Medium
2026-07-31T15:00:00,R0038,396,28.7,32.4,2.3,11.3,Medium
2026-07-31T15:00:00,R0039,537,69.4,38.6,1.4,7.9,Medium
2026-07-31T15:00:00,R0040,1984,19.2,41.1,14.5,3.7,Medium
2026-07-31T15:00:00,R0041,482,29.8,32.0,5.8,3.8,Medium
2026-07-31T15:00:00,R0042,574,71.4,34.4,1.1,0.4,Medium
2026-07-31T15:00:00,R0043,920,30.5,31.2,2.0,6.4,Medium
2026-07-31T15:00:00,R0044,733,20.5,41.4,10.9,2.8,Medium
2026-07-31T15:00:00,R0045,499,19.4,38.1,14.7,11.7,Medium
2026-07-31T15:00:00,R0046,939,52.4,43.1,3.1,12.5,Medium
2026-07-31T15:00:00,R0047,1012,28.8,33.1,4.7,12.8,Medium
2026-07-31T15:00:00,R0048,384,21.2,32.2,10.8,6.7,Medium
2026-07-31T15:00:00,R0049,1780,40.0,39.4,8.9,13.9,Medium
2026-07-31T15:00:00,R0050,805,21.8,31.2,13.6,10.6,Medium
2026-07-31T16:00:00,R0001,555,35.0,31.5,5.0,0.8,Medium
2026-07-31T16:00:00,R0002,435,33.3,25.8,3.0,8.3,Medium
2026-07-31T16:00:00,R0003,1553,28.4,33.0,8.9,8.9,Medium
2026-07-31T16:00:00,R0004,697,48.2,29.8,6.9,11.2,Medium
2026-07-31T16:00:00,R0005,459,40.9,32.3,3.7,8.2,Medium
2026-07-31T16:00:00,R0006,492,24.1,29.5,10.7,3.9,Medium
2026-07-31T16:00:00,R0007,446,38.0,27.4,5.4,3.7,Medium
2026-07-31T16:00:00,R0008,268,49.5,25.8,5.1,8.4,Medium
2026-07-31T16:00:00,R0009,890,45.5,33.7,1.5,4.2,Medium
2026-07-31T16:00:00,R0010,327,21.0,30.3,7.3,13.7,Medium
2026-07-31T16:00:00,R0011,1208,37.3,28.8,2.4,4.5,Medium
2026-07-31T16:00:00,R0012,450,43.5,29.4,3.1,5.6,Medium
2026-07-31T16:00:00,R0013,379,45.9,33.0,5.1,4.6,Medium
2026-07-31T16:00:00,R0014,760,31.9,29.5,11.6,0.8,Medium
2026-07-31T16:00:00,R0015,393,34.4,34.0,2.3,10.2,Medium
2026-07-31T16:00:00,R0016,561,45.0,30.7,4.0,12.9,Medium
2026-07-31T16:00:00,R0017,367,22.9,25.6,6.3,8.1,Medium
2026-07-31T16:00:00,R0018,1783,34.7,33.2,2.1,12.0,Medium
2026-07-31T16:00:00,R0019,475,72.3,28.8,0.7,11.4,Medium
2026-07-31T16:00:00,R0020,539,23.6,25.4,13.2,1.0,Medium
2026-07-31T16:00:00,R0021,424,31.0,28.3,11.1,8.3,Medium
2026-07-31T16:00:00,R0022,363,75.1,28.8,2.1,3.4,Medium
2026-07-31T16:00:00,R0023,404,24.2,29.3,14.5,12.8,Medium
2026-07-31T16:00:00,R0024,377,36.2,26.0,8.5,14.0,Medium
2026-07-31T16:00:00,R0025,404,45.2,30.1,5.0,11.7,Medium
2026-07-31T16:00:00,R0026,420,30.6,27.8,1.9,14.5,Medium
2026-07-31T16:00:00,R0027,570,20.9,31.7,17.1,2.0,Medium
2026-07-31T16:00:00,R0028,425,24.2,26.7,5.2,4.4,Medium
2026-07-31T16:00:00,R0029,814,42.2,24.7,8.7,2.5,Low
2026-07-31T16:00:00,R0030,424,30.3,24.6,10.7,3.5,Low
2026-07-31T16:00:00,R0031,747,40.3,29.0,8.0,13.2,Medium
2026-07-31T16:00:00,R0032,1184,37.2,29.4,3.4,8.3,Medium
2026-07-31T16:00:00,R0033,382,21.6,27.1,2.3,14.1,Medium
2026-07-31T16:00:00,R0034,336,74.0,26.5,1.2,7.1,Medium
2026-07-31T16:00:00,R0035,465,27.8,29.8,8.1,2.2,Medium
2026-07-31T16:00:00,R0036,686,23.5,28.6,16.1,3.4,Medium
2026-07-31T16:00:00,R0037,897,38.2,29.0,3.8,13.3,Medium
2026-07-31T16:00:00,R0038,342,28.9,28.0,2.3,7.3,Medium
2026-07-31T16:00:00,R0039,452,68.7,32.5,1.4,6.4,Medium
2026-07-31T16:00:00,R0040,1192,22.0,24.7,12.6,7.2,Low
2026-07-31T16:00:00,R0041,417,32.3,27.7,5.4,9.0,Medium
2026-07-31T16:00:00,R0042,490,74.4,29.4,1.1,7.5,Medium
2026-07-31T16:00:00,R0043,734,33.4,24.9,1.9,15.0,Low
2026-07-31T16:00:00,R0044,468,21.9,26.4,10.2,2.2,Medium
2026-07-31T16:00:00,R0045,413,22.7,31.6,12.5,12.7,Medium
2026-07-31T16:00:00,R0046,710,58.0,32.6,2.8,9.2,Medium
2026-07-31T16:00:00,R0047,974,29.5,31.9,4.6,7.1,Medium
2026-07-31T16:00:00,R0048,375,22.4,31.4,10.2,9.7,Medium
2026-07-31T16:00:00,R0049,1405,46.0,31.1,7.7,9.6,Medium
2026-07-31T16:00:00,R0050,775,23.1,30.1,12.8,6.7,Medium
2026-07-31T17:00:00,R0001,789,27.4,44.8,6.4,18.1,Medium
2026-07-31T17:00:00,R0002,1077,16.5,63.8,6.1,75.7,High
2026-07-31T17:00:00,R0003,2292,19.3,48.8,13.2,38.0,Medium
2026-07-31T17:00:00,R0004,1163,31.2,49.7,10.7,39.4,Medium
2026-07-31T17:00:00,R0005,767,30.7,54.1,4.9,47.0,Medium
2026-07-31T17:00:00,R0006,840,16.2,50.4,15.9,47.7,Medium
2026-07-31T17:00:00,R0007,782,24.2,48.0,8.4,18.2,Medium
2026-07-31T17:00:00,R0008,523,32.7,50.4,7.7,38.2,Medium
2026-07-31T17:00:00,R0009,1375,31.6,52.1,2.2,40.6,Medium
2026-07-31T17:00:00,R0010,549,16.2,50.9,9.4,49.6,Medium
2026-07-31T17:00:00,R0011,2570,21.9,61.4,4.1,93.5,High
2026-07-31T17:00:00,R0012,739,31.6,48.3,4.3,41.1,Medium
2026-07-31T17:00:00,R0013,579,31.8,50.5,7.4,36.5,Medium
2026-07-31T17:00:00,R0014,1173,22.4,45.6,16.5,14.0,Medium
2026-07-31T17:00:00,R0015,661,21.7,57.2,3.6,83.3,High
2026-07-31T17:00:00,R0016,922,29.1,50.5,6.2,25.1,Medium
2026-07-31T17:00:00,R0017,908,13.2,63.3,10.9,98.4,High
2026-07-31T17:00:00,R0018,2932,23.9,54.6,3.1,34.0,Medium
2026-07-31T17:00:00,R0019,922,45.5,55.8,1.1,77.9,High
2026-07-31T17:00:00,R0020,1280,13.1,60.4,23.8,50.1,High
2026-07-31T17:00:00,R0021,902,16.8,60.2,20.4,51.9,High
2026-07-31T17:00:00,R0022,617,52.1,49.0,3.0,39.3,Medium
2026-07-31T17:00:00,R0023,702,14.1,51.0,24.9,37.3,Medium
2026-07-31T17:00:00,R0024,862,21.5,59.5,14.3,51.9,High
2026-07-31T17:00:00,R0025,851,27.3,63.4,8.3,116.3,High
2026-07-31T17:00:00,R0026,915,16.8,60.6,3.5,54.3,High
2026-07-31T17:00:00,R0027,926,14.6,51.5,24.5,56.0,Medium
2026-07-31T17:00:00,R0028,960,13.8,60.3,9.1,51.9,High
2026-07-31T17:00:00,R0029,2063,22.5,62.7,16.3,56.5,High
2026-07-31T17:00:00,R0030,1066,16.8,61.9,19.2,49.1,High
2026-07-31T17:00:00,R0031,1486,23.6,57.7,13.7,40.4,High
2026-07-31T17:00:00,R0032,2056,27.1,51.1,4.6,44.8,Medium
2026-07-31T17:00:00,R0033,832,13.0,59.1,3.9,42.7,High
2026-07-31T17:00:00,R0034,638,48.9,50.2,1.8,27.6,Medium
2026-07-31T17:00:00,R0035,759,21.0,48.6,10.7,25.7,Medium
2026-07-31T17:00:00,R0036,1463,12.6,60.9,30.0,70.9,High
2026-07-31T17:00:00,R0037,1392,27.0,45.1,5.4,11.1,Medium
2026-07-31T17:00:00,R0038,782,17.6,64.0,3.7,83.3,High
2026-07-31T17:00:00,R0039,647,54.0,46.5,1.8,27.8,Medium
2026-07-31T17:00:00,R0040,2344,15.7,48.6,17.7,38.2,Medium
2026-07-31T17:00:00,R0041,901,18.7,59.9,9.3,92.3,High
2026-07-31T17:00:00,R0042,1054,42.0,63.2,1.9,86.0,High
2026-07-31T17:00:00,R0043,1777,18.3,60.3,3.4,101.2,High
2026-07-31T17:00:00,R0044,798,15.9,45.1,14.0,14.5,Medium
2026-07-31T17:00:00,R0045,654,14.6,50.0,19.5,41.3,Medium
2026-07-31T17:00:00,R0046,1014,44.2,46.5,3.7,26.5,Medium
2026-07-31T17:00:00,R0047,1519,19.7,49.7,6.9,37.7,Medium
2026-07-31T17:00:00,R0048,713,14.2,59.8,16.1,90.2,High
2026-07-31T17:00:00,R0049,2881,25.6,63.8,13.9,112.5,High
2026-07-31T17:00:00,R0050,1563,14.1,60.7,21.0,42.1,High
2026-07-31T18:00:00,R0001,1685,13.5,95.7,13.0,132.7,Severe
2026-07-31T18:00:00,R0002,1569,10.7,93.0,9.5,152.4,Severe
2026-07-31T18:00:00,R0003,3928,14.6,83.6,17.4,88.4,Severe
2026-07-31T18:00:00,R0004,2108,17.1,90.1,19.4,188.7,Severe
2026-07-31T18:00:00,R0005,1250,18.2,88.1,8.3,166.7,Severe
2026-07-31T18:00:00,R0006,1699,6.4,100.0,40.2,151.6,Severe
2026-07-31T18:00:00,R0007,1430,17.0,87.8,12.0,152.6,Severe
2026-07-31T18:00:00,R0008,1038,13.0,100.0,19.3,208.3,Severe
2026-07-31T18:00:00,R0009,2160,20.1,81.9,3.5,142.7,Severe
2026-07-31T18:00:00,R0010,1004,7.8,93.1,19.5,215.7,Severe
2026-07-31T18:00:00,R0011,4764,11.1,100.0,8.1,232.4,Severe
2026-07-31T18:00:00,R0012,1724,14.2,100.0,9.6,203.4,Severe
2026-07-31T18:00:00,R0013,1203,12.7,100.0,18.5,212.2,Severe
2026-07-31T18:00:00,R0014,2290,11.7,89.0,31.6,160.7,Severe
2026-07-31T18:00:00,R0015,969,17.9,83.8,4.4,147.5,Severe
2026-07-31T18:00:00,R0016,1783,13.7,97.7,13.2,139.6,Severe
2026-07-31T18:00:00,R0017,1427,7.4,99.5,19.5,136.2,Severe
2026-07-31T18:00:00,R0018,4790,16.2,89.2,4.5,109.1,Severe
2026-07-31T18:00:00,R0019,1812,22.6,100.0,2.2,193.5,Severe
2026-07-31T18:00:00,R0020,1907,8.7,90.0,35.9,145.9,Severe
2026-07-31T18:00:00,R0021,1648,9.3,100.0,36.9,240.6,Severe
2026-07-31T18:00:00,R0022,1348,21.7,100.0,7.1,231.2,Severe
2026-07-31T18:00:00,R0023,1312,8.1,95.3,43.4,161.9,Severe
2026-07-31T18:00:00,R0024,1472,11.9,100.0,25.9,192.4,Severe
2026-07-31T18:00:00,R0025,1095,21.8,81.6,10.4,126.4,Severe
2026-07-31T18:00:00,R0026,1548,9.6,100.0,6.1,207.4,Severe
2026-07-31T18:00:00,R0027,1717,8.0,95.4,44.8,128.0,Severe
2026-07-31T18:00:00,R0028,1402,10.0,88.1,12.6,192.9,Severe
2026-07-31T18:00:00,R0029,2626,18.0,79.8,20.3,161.1,High
2026-07-31T18:00:00,R0030,1823,9.5,100.0,34.0,172.6,Severe
2026-07-31T18:00:00,R0031,2874,11.3,100.0,28.7,245.4,Severe
2026-07-31T18:00:00,R0032,4026,10.6,100.0,11.9,293.4,Severe
2026-07-31T18:00:00,R0033,1176,10.1,83.5,5.0,193.2,Severe
2026-07-31T18:00:00,R0034,1279,23.7,100.0,3.7,212.8,Severe
2026-07-31T18:00:00,R0035,1443,12.0,92.4,18.8,110.5,Severe
2026-07-31T18:00:00,R0036,2618,6.5,100.0,58.1,272.8,Severe
2026-07-31T18:00:00,R0037,2598,17.4,84.1,8.3,205.7,Severe
2026-07-31T18:00:00,R0038,1170,10.7,95.7,6.1,245.9,Severe
2026-07-31T18:00:00,R0039,1458,24.0,100.0,4.1,200.4,Severe
2026-07-31T18:00:00,R0040,4118,9.4,85.3,29.6,124.1,Severe
2026-07-31T18:00:00,R0041,1268,13.8,84.3,12.6,113.2,Severe
2026-07-31T18:00:00,R0042,1345,34.4,80.6,2.3,182.5,Severe
2026-07-31T18:00:00,R0043,2940,8.9,99.8,6.9,280.0,Severe
2026-07-31T18:00:00,R0044,1447,11.7,81.7,19.1,160.5,Severe
2026-07-31T18:00:00,R0045,1121,10.3,85.6,27.6,195.6,Severe
2026-07-31T18:00:00,R0046,2054,22.7,94.2,7.2,132.9,Severe
2026-07-31T18:00:00,R0047,2718,11.5,89.0,11.8,129.0,Severe
2026-07-31T18:00:00,R0048,1045,10.2,87.6,22.5,106.4,Severe
2026-07-31T18:00:00,R0049,4254,16.2,94.1,22.0,254.1,Severe
2026-07-31T18:00:00,R0050,2935,7.0,100.0,42.3,294.7,Severe
2026-07-31T19:00:00,R0001,1894,11.6,100.0,15.2,134.4,Severe
2026-07-31T19:00:00,R0002,1502,12.6,89.0,8.0,149.6,Severe
2026-07-31T19:00:00,R0003,3984,13.7,84.8,18.5,215.1,Severe
2026-07-31T19:00:00,R0004,1798,24.9,76.9,13.3,153.8,High
2026-07-31T19:00:00,R0005,1528,14.4,100.0,10.5,257.2,Severe
2026-07-31T19:00:00,R0006,1550,7.9,93.0,32.6,192.7,Severe
2026-07-31T19:00:00,R0007,1645,11.9,100.0,17.1,262.1,Severe
2026-07-31T19:00:00,R0008,852,21.8,82.2,11.5,126.5,Severe
2026-07-31T19:00:00,R0009,2006,23.2,76.0,3.0,84.2,High
2026-07-31T19:00:00,R0010,1117,6.5,100.0,23.4,171.2,Severe
2026-07-31T19:00:00,R0011,4504,11.0,100.0,8.2,121.7,Severe
2026-07-31T19:00:00,R0012,1302,19.0,85.1,7.2,104.1,Severe
2026-07-31T19:00:00,R0013,898,23.6,78.3,10.0,98.4,High
2026-07-31T19:00:00,R0014,2256,13.4,87.7,27.6,156.1,Severe
2026-07-31T19:00:00,R0015,1226,11.2,100.0,7.0,191.8,Severe
2026-07-31T19:00:00,R0016,1836,12.6,100.0,14.4,136.1,Severe
2026-07-31T19:00:00,R0017,1395,7.3,97.3,19.7,250.5,Severe
2026-07-31T19:00:00,R0018,5695,11.1,100.0,6.6,227.4,Severe
2026-07-31T19:00:00,R0019,1525,30.4,92.3,1.6,235.0,Severe
2026-07-31T19:00:00,R0020,2244,6.5,100.0,48.0,259.1,Severe
2026-07-31T19:00:00,R0021,1266,13.0,84.5,26.4,215.1,Severe
2026-07-31T19:00:00,R0022,962,43.2,76.3,3.6,88.9,High
2026-07-31T19:00:00,R0023,1416,6.5,100.0,54.1,183.1,Severe
2026-07-31T19:00:00,R0024,1201,17.9,82.9,17.2,130.6,Severe
2026-07-31T19:00:00,R0025,1308,13.5,97.5,16.8,126.1,Severe
2026-07-31T19:00:00,R0026,1192,15.1,79.0,3.9,173.3,High
2026-07-31T19:00:00,R0027,1892,6.5,100.0,55.1,223.4,Severe
2026-07-31T19:00:00,R0028,1611,6.5,100.0,19.4,193.6,Severe
2026-07-31T19:00:00,R0029,3065,13.1,93.1,27.9,110.3,Severe
2026-07-31T19:00:00,R0030,1392,15.0,80.8,21.5,90.6,Severe
2026-07-31T19:00:00,R0031,2112,17.6,82.0,18.4,93.8,Severe
2026-07-31T19:00:00,R0032,3304,19.1,82.1,6.6,86.6,Severe
2026-07-31T19:00:00,R0033,1371,7.2,97.4,7.0,230.6,Severe
2026-07-31T19:00:00,R0034,1209,25.0,95.2,3.6,250.7,Severe
2026-07-31T19:00:00,R0035,1437,12.0,92.0,18.8,167.3,Severe
2026-07-31T19:00:00,R0036,2603,7.0,100.0,53.9,293.9,Severe
2026-07-31T19:00:00,R0037,2865,13.9,92.8,10.4,225.3,Severe
2026-07-31T19:00:00,R0038,1282,9.6,100.0,6.8,178.4,Severe
2026-07-31T19:00:00,R0039,1421,21.5,100.0,4.5,218.2,Severe
2026-07-31T19:00:00,R0040,3943,10.6,81.7,26.2,199.9,Severe
2026-07-31T19:00:00,R0041,1212,15.2,80.5,11.4,153.0,Severe
2026-07-31T19:00:00,R0042,1330,36.7,79.7,2.1,146.5,High
2026-07-31T19:00:00,R0043,2413,15.1,81.9,4.1,206.0,Severe
2026-07-31T19:00:00,R0044,1467,10.1,82.8,22.1,144.0,Severe
2026-07-31T19:00:00,R0045,1315,6.5,100.0,43.8,123.6,Severe
2026-07-31T19:00:00,R0046,2043,23.3,93.7,7.1,170.4,Severe
2026-07-31T19:00:00,R0047,2739,13.0,89.7,10.5,203.0,Severe
2026-07-31T19:00:00,R0048,1187,6.9,99.5,33.2,293.0,Severe
2026-07-31T19:00:00,R0049,4454,15.0,98.6,23.7,240.2,Severe
2026-07-31T19:00:00,R0050,2578,6.5,100.0,45.6,174.6,Severe
2026-07-31T20:00:00,R0001,1504,16.8,85.5,10.5,125.0,Severe
2026-07-31T20:00:00,R0002,1732,8.5,100.0,11.9,269.3,Severe
2026-07-31T20:00:00,R0003,4492,9.8,95.6,25.9,201.6,Severe
2026-07-31T20:00:00,R0004,1988,19.7,85.0,16.9,137.5,Severe
2026-07-31T20:00:00,R0005,1103,25.3,77.7,6.0,79.0,High
2026-07-31T20:00:00,R0006,1626,7.2,97.5,35.8,226.4,Severe
2026-07-31T20:00:00,R0007,1423,16.4,87.4,12.4,198.5,Severe
2026-07-31T20:00:00,R0008,1021,13.3,98.5,18.9,232.3,Severe
2026-07-31T20:00:00,R0009,2240,18.8,84.9,3.7,145.7,Severe
2026-07-31T20:00:00,R0010,970,9.0,90.0,16.9,205.7,Severe
2026-07-31T20:00:00,R0011,3596,16.1,85.9,5.6,100.1,Severe
2026-07-31T20:00:00,R0012,1505,14.4,98.4,9.5,178.0,Severe
2026-07-31T20:00:00,R0013,1135,14.0,99.0,16.8,201.1,Severe
2026-07-31T20:00:00,R0014,2382,11.5,92.6,32.1,209.3,Severe
2026-07-31T20:00:00,R0015,985,15.9,85.2,4.9,111.6,Severe
2026-07-31T20:00:00,R0016,1767,15.8,96.8,11.5,183.4,Severe
2026-07-31T20:00:00,R0017,1165,11.4,81.2,12.6,185.3,Severe
2026-07-31T20:00:00,R0018,5626,11.4,100.0,6.4,274.9,Severe
2026-07-31T20:00:00,R0019,1258,37.9,76.2,1.3,82.5,High
2026-07-31T20:00:00,R0020,2102,6.5,99.2,48.0,206.6,Severe
2026-07-31T20:00:00,R0021,1367,11.3,91.3,30.4,236.6,Severe
2026-07-31T20:00:00,R0022,1024,35.7,81.3,4.3,178.5,Severe
2026-07-31T20:00:00,R0023,1055,12.3,76.6,28.6,162.8,High
2026-07-31T20:00:00,R0024,1543,11.9,100.0,25.9,177.5,Severe
2026-07-31T20:00:00,R0025,1275,14.7,95.0,15.4,152.5,Severe
2026-07-31T20:00:00,R0026,1188,15.0,78.7,3.9,179.0,High
2026-07-31T20:00:00,R0027,1567,9.7,87.1,36.9,155.4,Severe
2026-07-31T20:00:00,R0028,1446,9.5,90.8,13.3,146.7,Severe
2026-07-31T20:00:00,R0029,3174,12.4,96.4,29.5,123.1,Severe
2026-07-31T20:00:00,R0030,1582,12.0,91.8,26.9,118.9,Severe
2026-07-31T20:00:00,R0031,2007,18.5,77.9,17.5,162.7,High
2026-07-31T20:00:00,R0032,4009,11.5,99.6,11.0,202.9,Severe
2026-07-31T20:00:00,R0033,1479,7.0,100.0,7.2,266.1,Severe
2026-07-31T20:00:00,R0034,1302,23.0,100.0,3.9,202.4,Severe
2026-07-31T20:00:00,R0035,1628,9.6,100.0,23.5,124.3,Severe
2026-07-31T20:00:00,R0036,1858,12.7,77.4,29.7,105.9,High
2026-07-31T20:00:00,R0037,3229,11.1,100.0,13.1,141.4,Severe
2026-07-31T20:00:00,R0038,957,14.7,78.3,4.4,105.3,High
2026-07-31T20:00:00,R0039,1277,29.5,91.8,3.3,256.9,Severe
2026-07-31T20:00:00,R0040,4357,9.0,90.3,30.9,179.3,Severe
2026-07-31T20:00:00,R0041,1407,11.0,93.5,15.8,108.4,Severe
2026-07-31T20:00:00,R0042,1262,38.2,75.7,2.1,82.3,High
2026-07-31T20:00:00,R0043,2915,8.9,99.0,6.9,276.4,Severe
2026-07-31T20:00:00,R0044,1884,7.2,100.0,31.0,289.0,Severe
2026-07-31T20:00:00,R0045,1108,10.2,84.6,27.9,112.7,Severe
2026-07-31T20:00:00,R0046,2232,19.1,100.0,8.6,273.2,Severe
2026-07-31T20:00:00,R0047,2749,12.5,90.0,10.9,114.6,Severe
2026-07-31T20:00:00,R0048,918,12.4,76.9,18.5,120.9,High
2026-07-31T20:00:00,R0049,4908,12.7,100.0,28.0,274.0,Severe
2026-07-31T20:00:00,R0050,2358,9.1,91.5,32.6,229.2,Severe
2026-07-31T21:00:00,R0001,1160,25.7,65.9,6.8,63.6,High
2026-07-31T21:00:00,R0002,1019,20.7,60.4,4.9,91.5,High
2026-07-31T21:00:00,R0003,3308,18.8,70.4,13.5,127.3,High
2026-07-31T21:00:00,R0004,1489,31.9,63.7,10.4,51.7,High
2026-07-31T21:00:00,R0005,1152,21.3,81.2,7.1,144.2,Severe
2026-07-31T21:00:00,R0006,1151,13.0,69.0,19.8,89.2,High
2026-07-31T21:00:00,R0007,1029,23.9,63.2,8.5,59.4,High
2026-07-31T21:00:00,R0008,734,27.9,70.8,9.0,114.2,High
2026-07-31T21:00:00,R0009,2139,22.5,81.1,3.1,167.2,Severe
2026-07-31T21:00:00,R0010,812,12.2,75.3,12.5,143.6,High
2026-07-31T21:00:00,R0011,2516,27.7,60.1,3.2,87.1,High
2026-07-31T21:00:00,R0012,988,30.6,64.6,4.5,50.1,High
2026-07-31T21:00:00,R0013,732,27.8,63.8,8.5,103.3,High
2026-07-31T21:00:00,R0014,1996,16.5,77.6,22.4,75.7,High
2026-07-31T21:00:00,R0015,822,22.8,71.1,3.4,76.7,High
2026-07-31T21:00:00,R0016,1366,23.3,74.8,7.8,88.5,High
2026-07-31T21:00:00,R0017,1010,13.7,70.4,10.5,74.1,High
2026-07-31T21:00:00,R0018,3384,24.0,63.0,3.1,62.5,High
2026-07-31T21:00:00,R0019,1058,48.7,64.0,1.0,95.1,High
2026-07-31T21:00:00,R0020,1471,14.2,69.5,22.0,122.7,High
2026-07-31T21:00:00,R0021,921,19.1,61.5,18.0,99.6,High
2026-07-31T21:00:00,R0022,760,49.4,60.3,3.1,41.9,High
2026-07-31T21:00:00,R0023,1023,12.7,74.3,27.7,170.2,High
2026-07-31T21:00:00,R0024,1172,18.2,80.9,16.9,127.4,Severe
2026-07-31T21:00:00,R0025,884,27.3,65.9,8.3,62.5,High
2026-07-31T21:00:00,R0026,930,19.3,61.6,3.0,58.8,High
2026-07-31T21:00:00,R0027,1189,15.4,66.1,23.3,97.5,High
2026-07-31T21:00:00,R0028,1329,10.3,83.5,12.2,146.7,Severe
2026-07-31T21:00:00,R0029,2192,22.6,66.6,16.2,64.6,High
2026-07-31T21:00:00,R0030,1420,15.3,82.4,21.1,90.5,Severe
2026-07-31T21:00:00,R0031,1600,25.2,62.1,12.9,56.6,High
2026-07-31T21:00:00,R0032,2721,22.1,67.6,5.7,93.0,High
2026-07-31T21:00:00,R0033,918,14.2,65.2,3.5,57.5,High
2026-07-31T21:00:00,R0034,879,49.0,69.2,1.8,87.2,High
2026-07-31T21:00:00,R0035,1260,15.6,80.7,14.5,197.6,Severe
2026-07-31T21:00:00,R0036,1885,11.9,78.5,31.7,175.9,High
2026-07-31T21:00:00,R0037,1860,26.0,60.2,5.6,100.3,High
2026-07-31T21:00:00,R0038,952,16.7,77.9,3.9,164.4,High
2026-07-31T21:00:00,R0039,1121,38.2,80.6,2.6,173.8,Severe
2026-07-31T21:00:00,R0040,3459,14.0,71.7,19.8,141.9,High
2026-07-31T21:00:00,R0041,1201,15.5,79.8,11.2,116.0,High
2026-07-31T21:00:00,R0042,987,56.7,59.2,1.4,72.2,High
2026-07-31T21:00:00,R0043,1941,18.2,65.9,3.4,116.3,High
2026-07-31T21:00:00,R0044,1410,11.9,79.6,18.8,155.8,High
2026-07-31T21:00:00,R0045,885,13.6,67.6,20.9,55.9,High
2026-07-31T21:00:00,R0046,1735,28.3,79.6,5.8,154.1,High
2026-07-31T21:00:00,R0047,2174,17.7,71.2,7.7,149.1,High
2026-07-31T21:00:00,R0048,705,16.6,59.1,13.8,41.2,High
2026-07-31T21:00:00,R0049,2679,31.5,59.3,11.3,42.3,High
2026-07-31T21:00:00,R0050,2020,11.7,78.4,25.3,80.1,High
2026-07-31T22:00:00,R0001,464,40.7,26.4,4.3,6.6,Medium
2026-07-31T22:00:00,R0002,436,32.7,25.8,3.1,9.2,Medium
2026-07-31T22:00:00,R0003,1074,32.7,22.9,7.8,9.4,Low
2026-07-31T22:00:00,R0004,643,47.0,27.5,7.1,14.5,Medium
2026-07-31T22:00:00,R0005,320,51.7,22.6,2.9,8.1,Low
2026-07-31T22:00:00,R0006,448,21.8,26.9,11.8,5.7,Medium
2026-07-31T22:00:00,R0007,452,39.5,27.8,5.2,0.6,Medium
2026-07-31T22:00:00,R0008,267,44.0,25.7,5.7,14.9,Medium
2026-07-31T22:00:00,R0009,764,42.1,29.0,1.7,12.9,Medium
2026-07-31T22:00:00,R0010,314,22.2,29.1,6.9,10.8,Medium
2026-07-31T22:00:00,R0011,1040,40.4,24.8,2.2,5.1,Low
2026-07-31T22:00:00,R0012,363,47.3,23.7,2.9,2.2,Low
2026-07-31T22:00:00,R0013,325,44.7,28.3,5.3,6.0,Medium
2026-07-31T22:00:00,R0014,744,30.3,28.9,12.2,8.2,Medium
2026-07-31T22:00:00,R0015,341,39.9,29.5,2.0,2.5,Medium
2026-07-31T22:00:00,R0016,458,50.6,25.1,3.6,5.6,Medium
2026-07-31T22:00:00,R0017,346,22.7,24.1,6.3,1.7,Low
2026-07-31T22:00:00,R0018,1478,40.0,27.5,1.8,14.5,Medium
2026-07-31T22:00:00,R0019,460,73.6,27.8,0.7,0.6,Medium
2026-07-31T22:00:00,R0020,630,22.0,29.7,14.2,4.7,Medium
2026-07-31T22:00:00,R0021,435,30.7,29.0,11.2,3.2,Medium
2026-07-31T22:00:00,R0022,364,81.6,28.9,1.9,1.3,Medium
2026-07-31T22:00:00,R0023,394,22.4,28.6,15.7,7.9,Medium
2026-07-31T22:00:00,R0024,422,40.6,29.1,7.6,3.9,Medium
2026-07-31T22:00:00,R0025,305,45.2,22.7,5.0,8.4,Low
2026-07-31T22:00:00,R0026,315,32.3,20.9,1.8,1.1,Low
2026-07-31T22:00:00,R0027,440,22.1,24.5,16.2,12.5,Low
2026-07-31T22:00:00,R0028,361,23.5,22.7,5.4,13.1,Low
2026-07-31T22:00:00,R0029,908,36.7,27.6,10.0,1.1,Medium
2026-07-31T22:00:00,R0030,470,30.3,27.3,10.7,11.5,Medium
2026-07-31T22:00:00,R0031,640,38.5,24.9,8.4,6.8,Low
2026-07-31T22:00:00,R0032,1111,40.8,27.6,3.1,0.7,Medium
2026-07-31T22:00:00,R0033,360,21.8,25.6,2.3,7.0,Medium
2026-07-31T22:00:00,R0034,366,74.3,28.8,1.2,14.0,Medium
2026-07-31T22:00:00,R0035,414,33.1,26.5,6.8,11.4,Medium
2026-07-31T22:00:00,R0036,522,23.4,21.7,16.1,5.9,Low
2026-07-31T22:00:00,R0037,690,40.4,22.3,3.6,7.1,Low
2026-07-31T22:00:00,R0038,360,29.8,29.5,2.2,11.8,Medium
2026-07-31T22:00:00,R0039,408,79.9,29.3,1.2,3.1,Medium
2026-07-31T22:00:00,R0040,1222,23.0,25.3,12.1,6.0,Medium
2026-07-31T22:00:00,R0041,362,33.4,24.1,5.2,6.8,Low
2026-07-31T22:00:00,R0042,426,84.2,25.5,0.9,0.9,Medium
2026-07-31T22:00:00,R0043,743,32.8,25.2,1.9,2.3,Medium
2026-07-31T22:00:00,R0044,467,22.4,26.4,10.0,13.0,Medium
2026-07-31T22:00:00,R0045,311,23.3,23.8,12.2,9.0,Low
2026-07-31T22:00:00,R0046,490,62.4,22.5,2.6,6.2,Low
2026-07-31T22:00:00,R0047,734,31.9,24.0,4.3,9.0,Low
2026-07-31T22:00:00,R0048,309,24.0,25.9,9.5,4.6,Medium
2026-07-31T22:00:00,R0049,992,50.6,22.0,7.0,12.8,Low
2026-07-31T22:00:00,R0050,596,23.7,23.1,12.5,7.5,Low
2026-07-31T23:00:00,R0001,695,31.5,39.5,5.6,10.8,Medium
2026-07-31T23:00:00,R0002,531,29.4,31.5,3.4,12.4,Medium
2026-07-31T23:00:00,R0003,1725,26.5,36.7,9.6,14.8,Medium
2026-07-31T23:00:00,R0004,996,41.0,42.6,8.1,8.4,Medium
2026-07-31T23:00:00,R0005,470,46.6,33.1,3.3,8.0,Medium
2026-07-31T23:00:00,R0006,701,19.3,42.1,13.3,6.3,Medium
2026-07-31T23:00:00,R0007,714,32.4,43.9,6.3,9.4,Medium
2026-07-31T23:00:00,R0008,348,43.3,33.6,5.8,0.6,Medium
2026-07-31T23:00:00,R0009,972,41.4,36.8,1.7,11.7,Medium
2026-07-31T23:00:00,R0010,381,22.9,35.3,6.7,2.7,Medium
2026-07-31T23:00:00,R0011,1616,32.1,38.6,2.8,11.0,Medium
2026-07-31T23:00:00,R0012,673,40.6,44.0,3.4,14.7,Medium
2026-07-31T23:00:00,R0013,426,44.0,37.1,5.3,14.0,Medium
2026-07-31T23:00:00,R0014,1130,25.4,43.9,14.6,19.4,Medium
2026-07-31T23:00:00,R0015,378,35.1,32.7,2.2,1.3,Medium
2026-07-31T23:00:00,R0016,626,44.8,34.3,4.0,12.8,Medium
2026-07-31T23:00:00,R0017,589,20.4,41.1,7.1,3.9,Medium
2026-07-31T23:00:00,R0018,2156,33.1,40.2,2.2,0.9,Medium
2026-07-31T23:00:00,R0019,656,69.8,39.7,0.7,8.0,Medium
2026-07-31T23:00:00,R0020,901,18.9,42.5,16.5,7.9,Medium
2026-07-31T23:00:00,R0021,615,26.6,41.1,12.9,5.1,Medium
2026-07-31T23:00:00,R0022,444,69.7,35.2,2.2,13.3,Medium
2026-07-31T23:00:00,R0023,508,21.0,36.9,16.7,5.0,Medium
2026-07-31T23:00:00,R0024,498,36.7,34.4,8.4,1.8,Medium
2026-07-31T23:00:00,R0025,569,41.1,42.4,5.5,6.2,Medium
2026-07-31T23:00:00,R0026,603,27.4,40.0,2.1,2.8,Medium
2026-07-31T23:00:00,R0027,617,21.2,34.3,16.9,10.5,Medium
2026-07-31T23:00:00,R0028,624,20.5,39.2,6.1,11.5,Medium
2026-07-31T23:00:00,R0029,1344,34.1,40.8,10.7,3.5,Medium
2026-07-31T23:00:00,R0030,605,30.1,35.1,10.7,9.2,Medium
2026-07-31T23:00:00,R0031,1073,33.3,41.7,9.7,4.5,Medium
2026-07-31T23:00:00,R0032,1527,33.9,37.9,3.7,10.5,Medium
2026-07-31T23:00:00,R0033,521,22.0,37.0,2.3,10.2,Medium
2026-07-31T23:00:00,R0034,506,64.7,39.8,1.4,14.8,Medium
2026-07-31T23:00:00,R0035,655,27.6,41.9,8.2,5.7,Medium
2026-07-31T23:00:00,R0036,909,19.6,37.8,19.3,8.1,Medium
2026-07-31T23:00:00,R0037,1007,36.8,32.6,3.9,9.7,Medium
2026-07-31T23:00:00,R0038,438,28.3,35.8,2.3,13.1,Medium
2026-07-31T23:00:00,R0039,446,76.7,32.1,1.3,2.6,Medium
2026-07-31T23:00:00,R0040,1504,21.2,31.2,13.1,11.5,Medium
2026-07-31T23:00:00,R0041,543,29.8,36.1,5.8,7.9,Medium
2026-07-31T23:00:00,R0042,516,76.8,30.9,1.0,1.7,Medium
2026-07-31T23:00:00,R0043,1215,25.3,41.3,2.4,3.9,Medium
2026-07-31T23:00:00,R0044,723,21.5,40.8,10.4,2.5,Medium
2026-07-31T23:00:00,R0045,547,18.9,41.8,15.0,8.0,Medium
2026-07-31T23:00:00,R0046,861,51.7,39.5,3.2,4.5,Medium
2026-07-31T23:00:00,R0047,990,28.8,32.4,4.7,3.1,Medium
2026-07-31T23:00:00,R0048,468,22.0,39.2,10.4,0.2,Medium
2026-07-31T23:00:00,R0049,1713,41.9,37.9,8.5,13.7,Medium
2026-07-31T23:00:00,R0050,964,21.0,37.4,14.1,7.1,Medium
