prediction_id,road_id,timestamp,current_traffic_level,predicted_traffic_level,predicted_density_pct,prediction_confidence,recommended_action
PRED000001,R0001,2026-08-01T00:00:00,Medium,Medium,39.0,0.93,Monitor; prepare adaptive signal shift
PRED000002,R0001,2026-08-01T01:00:00,Medium,Medium,42.6,0.94,Monitor; prepare adaptive signal shift
PRED000003,R0001,2026-08-01T02:00:00,Medium,Medium,43.8,0.93,Monitor; prepare adaptive signal shift
PRED000004,R0001,2026-08-01T03:00:00,Medium,Medium,37.7,0.9,Monitor; prepare adaptive signal shift
PRED000005,R0001,2026-08-01T04:00:00,Medium,Medium,47.2,0.92,Monitor; prepare adaptive signal shift
PRED000006,R0001,2026-08-01T05:00:00,Medium,Medium,35.1,0.86,Monitor; prepare adaptive signal shift
PRED000007,R0001,2026-08-01T06:00:00,Medium,Medium,37.9,0.9,Monitor; prepare adaptive signal shift
PRED000008,R0001,2026-08-01T07:00:00,Medium,Medium,49.7,0.85,Monitor; prepare adaptive signal shift
PRED000009,R0001,2026-08-01T08:00:00,Medium,Medium,44.3,0.9,Monitor; prepare adaptive signal shift
PRED000010,R0001,2026-08-01T09:00:00,Medium,Medium,45.0,0.88,Monitor; prepare adaptive signal shift
PRED000011,R0001,2026-08-01T10:00:00,Medium,Medium,48.4,0.82,Monitor; prepare adaptive signal shift
PRED000012,R0001,2026-08-01T11:00:00,Medium,Medium,41.1,0.83,Monitor; prepare adaptive signal shift
PRED000013,R0001,2026-08-01T12:00:00,Medium,Medium,42.6,0.84,Monitor; prepare adaptive signal shift
PRED000014,R0001,2026-08-01T13:00:00,Medium,Medium,44.1,0.75,Monitor; prepare adaptive signal shift
PRED000015,R0001,2026-08-01T14:00:00,Medium,Medium,33.4,0.76,Monitor; prepare adaptive signal shift
PRED000016,R0001,2026-08-01T15:00:00,Medium,Medium,41.9,0.79,Monitor; prepare adaptive signal shift
PRED000017,R0001,2026-08-01T16:00:00,Medium,Medium,42.1,0.76,Monitor; prepare adaptive signal shift
PRED000018,R0001,2026-08-01T17:00:00,Medium,Medium,44.0,0.78,Monitor; prepare adaptive signal shift
PRED000019,R0001,2026-08-01T18:00:00,Medium,Medium,31.9,0.73,Monitor; prepare adaptive signal shift
PRED000020,R0001,2026-08-01T19:00:00,Medium,Medium,38.9,0.79,Monitor; prepare adaptive signal shift
PRED000021,R0001,2026-08-01T20:00:00,Medium,Medium,48.6,0.75,Monitor; prepare adaptive signal shift
PRED000022,R0001,2026-08-01T21:00:00,Medium,Medium,33.6,0.75,Monitor; prepare adaptive signal shift
PRED000023,R0001,2026-08-01T22:00:00,Medium,Medium,34.9,0.7,Monitor; prepare adaptive signal shift
PRED000024,R0001,2026-08-01T23:00:00,Medium,Low,24.4,0.71,Maintain current signal timing
PRED000025,R0002,2026-08-01T00:00:00,Medium,Medium,28.2,0.94,Monitor; prepare adaptive signal shift
PRED000026,R0002,2026-08-01T01:00:00,Medium,Low,18.7,0.93,Maintain current signal timing
PRED000027,R0002,2026-08-01T02:00:00,Medium,Low,18.4,0.94,Maintain current signal timing
PRED000028,R0002,2026-08-01T03:00:00,Medium,Medium,36.5,0.9,Monitor; prepare adaptive signal shift
PRED000029,R0002,2026-08-01T04:00:00,Medium,Medium,37.1,0.88,Monitor; prepare adaptive signal shift
PRED000030,R0002,2026-08-01T05:00:00,Medium,Medium,34.5,0.91,Monitor; prepare adaptive signal shift
PRED000031,R0002,2026-08-01T06:00:00,Medium,Low,15.7,0.87,Maintain current signal timing
PRED000032,R0002,2026-08-01T07:00:00,Medium,Medium,34.3,0.87,Monitor; prepare adaptive signal shift
PRED000033,R0002,2026-08-01T08:00:00,Medium,Medium,43.2,0.84,Monitor; prepare adaptive signal shift
PRED000034,R0002,2026-08-01T09:00:00,Medium,Medium,30.8,0.81,Monitor; prepare adaptive signal shift
PRED000035,R0002,2026-08-01T10:00:00,Medium,Medium,43.5,0.84,Monitor; prepare adaptive signal shift
PRED000036,R0002,2026-08-01T11:00:00,Medium,Medium,31.6,0.83,Monitor; prepare adaptive signal shift
PRED000037,R0002,2026-08-01T12:00:00,Medium,Medium,37.8,0.83,Monitor; prepare adaptive signal shift
PRED000038,R0002,2026-08-01T13:00:00,Medium,Medium,49.6,0.82,Monitor; prepare adaptive signal shift
PRED000039,R0002,2026-08-01T14:00:00,Medium,Medium,30.5,0.79,Monitor; prepare adaptive signal shift
PRED000040,R0002,2026-08-01T15:00:00,Medium,Medium,30.5,0.76,Monitor; prepare adaptive signal shift
PRED000041,R0002,2026-08-01T16:00:00,Medium,Medium,32.6,0.8,Monitor; prepare adaptive signal shift
PRED000042,R0002,2026-08-01T17:00:00,Medium,Medium,28.2,0.75,Monitor; prepare adaptive signal shift
PRED000043,R0002,2026-08-01T18:00:00,Medium,Medium,40.5,0.73,Monitor; prepare adaptive signal shift
PRED000044,R0002,2026-08-01T19:00:00,Medium,Low,18.5,0.73,Maintain current signal timing
PRED000045,R0002,2026-08-01T20:00:00,Medium,Low,21.2,0.75,Maintain current signal timing
PRED000046,R0002,2026-08-01T21:00:00,Medium,Medium,27.8,0.73,Monitor; prepare adaptive signal shift
PRED000047,R0002,2026-08-01T22:00:00,Medium,Medium,36.5,0.71,Monitor; prepare adaptive signal shift
PRED000048,R0002,2026-08-01T23:00:00,Medium,Medium,33.9,0.74,Monitor; prepare adaptive signal shift
PRED000049,R0003,2026-08-01T00:00:00,Medium,Medium,34.5,0.95,Monitor; prepare adaptive signal shift
PRED000050,R0003,2026-08-01T01:00:00,Medium,Medium,36.2,0.95,Monitor; prepare adaptive signal shift
PRED000051,R0003,2026-08-01T02:00:00,Medium,Medium,28.7,0.89,Monitor; prepare adaptive signal shift
PRED000052,R0003,2026-08-01T03:00:00,Medium,Medium,36.2,0.89,Monitor; prepare adaptive signal shift
PRED000053,R0003,2026-08-01T04:00:00,Medium,Medium,35.8,0.9,Monitor; prepare adaptive signal shift
PRED000054,R0003,2026-08-01T05:00:00,Medium,Medium,43.5,0.88,Monitor; prepare adaptive signal shift
PRED000055,R0003,2026-08-01T06:00:00,Medium,Medium,34.5,0.87,Monitor; prepare adaptive signal shift
PRED000056,R0003,2026-08-01T07:00:00,Medium,Medium,35.0,0.85,Monitor; prepare adaptive signal shift
PRED000057,R0003,2026-08-01T08:00:00,Medium,Medium,30.0,0.86,Monitor; prepare adaptive signal shift
PRED000058,R0003,2026-08-01T09:00:00,Medium,Medium,36.3,0.87,Monitor; prepare adaptive signal shift
PRED000059,R0003,2026-08-01T10:00:00,Medium,Medium,30.9,0.83,Monitor; prepare adaptive signal shift
PRED000060,R0003,2026-08-01T11:00:00,Medium,Medium,50.3,0.81,Monitor; prepare adaptive signal shift
PRED000061,R0003,2026-08-01T12:00:00,Medium,Medium,37.8,0.8,Monitor; prepare adaptive signal shift
PRED000062,R0003,2026-08-01T13:00:00,Medium,Medium,30.8,0.84,Monitor; prepare adaptive signal shift
PRED000063,R0003,2026-08-01T14:00:00,Medium,Medium,39.5,0.8,Monitor; prepare adaptive signal shift
PRED000064,R0003,2026-08-01T15:00:00,Medium,Medium,27.9,0.8,Monitor; prepare adaptive signal shift
PRED000065,R0003,2026-08-01T16:00:00,Medium,Medium,44.6,0.8,Monitor; prepare adaptive signal shift
PRED000066,R0003,2026-08-01T17:00:00,Medium,Medium,41.1,0.75,Monitor; prepare adaptive signal shift
PRED000067,R0003,2026-08-01T18:00:00,Medium,Medium,38.5,0.77,Monitor; prepare adaptive signal shift
PRED000068,R0003,2026-08-01T19:00:00,Medium,Medium,25.4,0.73,Monitor; prepare adaptive signal shift
PRED000069,R0003,2026-08-01T20:00:00,Medium,Medium,41.0,0.76,Monitor; prepare adaptive signal shift
PRED000070,R0003,2026-08-01T21:00:00,Medium,Medium,25.9,0.75,Monitor; prepare adaptive signal shift
PRED000071,R0003,2026-08-01T22:00:00,Medium,Medium,35.4,0.74,Monitor; prepare adaptive signal shift
PRED000072,R0003,2026-08-01T23:00:00,Medium,Medium,30.6,0.72,Monitor; prepare adaptive signal shift
PRED000073,R0004,2026-08-01T00:00:00,Medium,Medium,48.2,0.93,Monitor; prepare adaptive signal shift
PRED000074,R0004,2026-08-01T01:00:00,Medium,Medium,43.7,0.92,Monitor; prepare adaptive signal shift
PRED000075,R0004,2026-08-01T02:00:00,Medium,Medium,53.9,0.92,Monitor; prepare adaptive signal shift
PRED000076,R0004,2026-08-01T03:00:00,Medium,Medium,38.9,0.9,Monitor; prepare adaptive signal shift
PRED000077,R0004,2026-08-01T04:00:00,Medium,Medium,45.6,0.92,Monitor; prepare adaptive signal shift
PRED000078,R0004,2026-08-01T05:00:00,Medium,Medium,37.1,0.93,Monitor; prepare adaptive signal shift
PRED000079,R0004,2026-08-01T06:00:00,Medium,Medium,47.2,0.89,Monitor; prepare adaptive signal shift
PRED000080,R0004,2026-08-01T07:00:00,Medium,Medium,44.9,0.87,Monitor; prepare adaptive signal shift
PRED000081,R0004,2026-08-01T08:00:00,Medium,Medium,44.7,0.88,Monitor; prepare adaptive signal shift
PRED000082,R0004,2026-08-01T09:00:00,Medium,Medium,45.5,0.87,Monitor; prepare adaptive signal shift
PRED000083,R0004,2026-08-01T10:00:00,Medium,Medium,42.9,0.84,Monitor; prepare adaptive signal shift
PRED000084,R0004,2026-08-01T11:00:00,Medium,Medium,40.5,0.85,Monitor; prepare adaptive signal shift
PRED000085,R0004,2026-08-01T12:00:00,Medium,Medium,40.1,0.81,Monitor; prepare adaptive signal shift
PRED000086,R0004,2026-08-01T13:00:00,Medium,Medium,42.9,0.8,Monitor; prepare adaptive signal shift
PRED000087,R0004,2026-08-01T14:00:00,Medium,Medium,48.7,0.79,Monitor; prepare adaptive signal shift
PRED000088,R0004,2026-08-01T15:00:00,Medium,Medium,52.3,0.77,Monitor; prepare adaptive signal shift
PRED000089,R0004,2026-08-01T16:00:00,Medium,Medium,44.5,0.76,Monitor; prepare adaptive signal shift
PRED000090,R0004,2026-08-01T17:00:00,Medium,Medium,45.5,0.77,Monitor; prepare adaptive signal shift
PRED000091,R0004,2026-08-01T18:00:00,Medium,Medium,41.6,0.78,Monitor; prepare adaptive signal shift
PRED000092,R0004,2026-08-01T19:00:00,Medium,Medium,38.1,0.76,Monitor; prepare adaptive signal shift
PRED000093,R0004,2026-08-01T20:00:00,Medium,Medium,36.9,0.74,Monitor; prepare adaptive signal shift
PRED000094,R0004,2026-08-01T21:00:00,Medium,Medium,33.9,0.72,Monitor; prepare adaptive signal shift
PRED000095,R0004,2026-08-01T22:00:00,Medium,Medium,40.2,0.76,Monitor; prepare adaptive signal shift
PRED000096,R0004,2026-08-01T23:00:00,Medium,Medium,40.9,0.74,Monitor; prepare adaptive signal shift
PRED000097,R0005,2026-08-01T00:00:00,Medium,Medium,34.9,0.93,Monitor; prepare adaptive signal shift
PRED000098,R0005,2026-08-01T01:00:00,Medium,Medium,43.3,0.94,Monitor; prepare adaptive signal shift
PRED000099,R0005,2026-08-01T02:00:00,Medium,Medium,30.7,0.93,Monitor; prepare adaptive signal shift
PRED000100,R0005,2026-08-01T03:00:00,Medium,Medium,33.2,0.87,Monitor; prepare adaptive signal shift
PRED000101,R0005,2026-08-01T04:00:00,Medium,Medium,40.9,0.92,Monitor; prepare adaptive signal shift
PRED000102,R0005,2026-08-01T05:00:00,Medium,Medium,46.7,0.9,Monitor; prepare adaptive signal shift
PRED000103,R0005,2026-08-01T06:00:00,Medium,Medium,34.4,0.9,Monitor; prepare adaptive signal shift
PRED000104,R0005,2026-08-01T07:00:00,Medium,Medium,41.1,0.9,Monitor; prepare adaptive signal shift
PRED000105,R0005,2026-08-01T08:00:00,Medium,Medium,35.8,0.86,Monitor; prepare adaptive signal shift
PRED000106,R0005,2026-08-01T09:00:00,Medium,Medium,31.8,0.86,Monitor; prepare adaptive signal shift
PRED000107,R0005,2026-08-01T10:00:00,Medium,Medium,26.7,0.86,Monitor; prepare adaptive signal shift
PRED000108,R0005,2026-08-01T11:00:00,Medium,Medium,39.4,0.84,Monitor; prepare adaptive signal shift
PRED000109,R0005,2026-08-01T12:00:00,Medium,Medium,36.4,0.85,Monitor; prepare adaptive signal shift
PRED000110,R0005,2026-08-01T13:00:00,Medium,Medium,40.5,0.8,Monitor; prepare adaptive signal shift
PRED000111,R0005,2026-08-01T14:00:00,Medium,Medium,31.4,0.78,Monitor; prepare adaptive signal shift
PRED000112,R0005,2026-08-01T15:00:00,Medium,Medium,37.8,0.77,Monitor; prepare adaptive signal shift
PRED000113,R0005,2026-08-01T16:00:00,Medium,Medium,40.5,0.81,Monitor; prepare adaptive signal shift
PRED000114,R0005,2026-08-01T17:00:00,Medium,Medium,28.2,0.77,Monitor; prepare adaptive signal shift
PRED000115,R0005,2026-08-01T18:00:00,Medium,Medium,33.1,0.78,Monitor; prepare adaptive signal shift
PRED000116,R0005,2026-08-01T19:00:00,Medium,Medium,42.2,0.72,Monitor; prepare adaptive signal shift
PRED000117,R0005,2026-08-01T20:00:00,Medium,Medium,30.1,0.73,Monitor; prepare adaptive signal shift
PRED000118,R0005,2026-08-01T21:00:00,Medium,Low,23.2,0.72,Maintain current signal timing
PRED000119,R0005,2026-08-01T22:00:00,Medium,Medium,33.8,0.71,Monitor; prepare adaptive signal shift
PRED000120,R0005,2026-08-01T23:00:00,Medium,Low,21.6,0.77,Maintain current signal timing
PRED000121,R0006,2026-08-01T00:00:00,Medium,Medium,44.2,0.94,Monitor; prepare adaptive signal shift
PRED000122,R0006,2026-08-01T01:00:00,Medium,Medium,36.5,0.94,Monitor; prepare adaptive signal shift
PRED000123,R0006,2026-08-01T02:00:00,Medium,Medium,42.6,0.88,Monitor; prepare adaptive signal shift
PRED000124,R0006,2026-08-01T03:00:00,Medium,Medium,37.5,0.93,Monitor; prepare adaptive signal shift
PRED000125,R0006,2026-08-01T04:00:00,Medium,High,56.0,0.91,Activate adaptive signal + suggest alternate route
PRED000126,R0006,2026-08-01T05:00:00,Medium,Medium,51.2,0.89,Monitor; prepare adaptive signal shift
PRED000127,R0006,2026-08-01T06:00:00,Medium,Medium,44.3,0.9,Monitor; prepare adaptive signal shift
PRED000128,R0006,2026-08-01T07:00:00,Medium,High,55.0,0.9,Activate adaptive signal + suggest alternate route
PRED000129,R0006,2026-08-01T08:00:00,Medium,Medium,38.7,0.86,Monitor; prepare adaptive signal shift
PRED000130,R0006,2026-08-01T09:00:00,Medium,Medium,46.8,0.84,Monitor; prepare adaptive signal shift
PRED000131,R0006,2026-08-01T10:00:00,Medium,Medium,47.3,0.86,Monitor; prepare adaptive signal shift
PRED000132,R0006,2026-08-01T11:00:00,Medium,Medium,50.8,0.86,Monitor; prepare adaptive signal shift
PRED000133,R0006,2026-08-01T12:00:00,Medium,Medium,42.6,0.79,Monitor; prepare adaptive signal shift
PRED000134,R0006,2026-08-01T13:00:00,Medium,Medium,46.4,0.85,Monitor; prepare adaptive signal shift
PRED000135,R0006,2026-08-01T14:00:00,Medium,Medium,41.0,0.81,Monitor; prepare adaptive signal shift
PRED000136,R0006,2026-08-01T15:00:00,Medium,Medium,47.6,0.79,Monitor; prepare adaptive signal shift
PRED000137,R0006,2026-08-01T16:00:00,Medium,Medium,43.1,0.76,Monitor; prepare adaptive signal shift
PRED000138,R0006,2026-08-01T17:00:00,Medium,Medium,28.8,0.75,Monitor; prepare adaptive signal shift
PRED000139,R0006,2026-08-01T18:00:00,Medium,Medium,39.7,0.78,Monitor; prepare adaptive signal shift
PRED000140,R0006,2026-08-01T19:00:00,Medium,Medium,40.9,0.74,Monitor; prepare adaptive signal shift
PRED000141,R0006,2026-08-01T20:00:00,Medium,Medium,35.7,0.75,Monitor; prepare adaptive signal shift
PRED000142,R0006,2026-08-01T21:00:00,Medium,Medium,48.7,0.75,Monitor; prepare adaptive signal shift
PRED000143,R0006,2026-08-01T22:00:00,Medium,Medium,43.8,0.69,Monitor; prepare adaptive signal shift
PRED000144,R0006,2026-08-01T23:00:00,Medium,Medium,37.7,0.75,Monitor; prepare adaptive signal shift
PRED000145,R0007,2026-08-01T00:00:00,Medium,Medium,51.1,0.91,Monitor; prepare adaptive signal shift
PRED000146,R0007,2026-08-01T01:00:00,Medium,Medium,44.5,0.94,Monitor; prepare adaptive signal shift
PRED000147,R0007,2026-08-01T02:00:00,Medium,Medium,40.8,0.87,Monitor; prepare adaptive signal shift
PRED000148,R0007,2026-08-01T03:00:00,Medium,Medium,46.3,0.89,Monitor; prepare adaptive signal shift
PRED000149,R0007,2026-08-01T04:00:00,Medium,Medium,41.4,0.89,Monitor; prepare adaptive signal shift
PRED000150,R0007,2026-08-01T05:00:00,Medium,Medium,45.6,0.89,Monitor; prepare adaptive signal shift
PRED000151,R0007,2026-08-01T06:00:00,Medium,Medium,41.4,0.88,Monitor; prepare adaptive signal shift
PRED000152,R0007,2026-08-01T07:00:00,Medium,Medium,36.3,0.88,Monitor; prepare adaptive signal shift
PRED000153,R0007,2026-08-01T08:00:00,Medium,Medium,29.8,0.85,Monitor; prepare adaptive signal shift
PRED000154,R0007,2026-08-01T09:00:00,Medium,Medium,52.4,0.83,Monitor; prepare adaptive signal shift
PRED000155,R0007,2026-08-01T10:00:00,Medium,Medium,51.1,0.86,Monitor; prepare adaptive signal shift
PRED000156,R0007,2026-08-01T11:00:00,Medium,Medium,26.8,0.83,Monitor; prepare adaptive signal shift
PRED000157,R0007,2026-08-01T12:00:00,Medium,Medium,29.1,0.82,Monitor; prepare adaptive signal shift
PRED000158,R0007,2026-08-01T13:00:00,Medium,Medium,46.0,0.76,Monitor; prepare adaptive signal shift
PRED000159,R0007,2026-08-01T14:00:00,Medium,High,57.2,0.81,Activate adaptive signal + suggest alternate route
PRED000160,R0007,2026-08-01T15:00:00,Medium,Medium,40.2,0.82,Monitor; prepare adaptive signal shift
PRED000161,R0007,2026-08-01T16:00:00,Medium,Medium,34.0,0.76,Monitor; prepare adaptive signal shift
PRED000162,R0007,2026-08-01T17:00:00,Medium,Medium,30.5,0.81,Monitor; prepare adaptive signal shift
PRED000163,R0007,2026-08-01T18:00:00,Medium,Medium,45.8,0.77,Monitor; prepare adaptive signal shift
PRED000164,R0007,2026-08-01T19:00:00,Medium,Medium,45.1,0.76,Monitor; prepare adaptive signal shift
PRED000165,R0007,2026-08-01T20:00:00,Medium,Medium,43.3,0.75,Monitor; prepare adaptive signal shift
PRED000166,R0007,2026-08-01T21:00:00,Medium,Medium,43.0,0.72,Monitor; prepare adaptive signal shift
PRED000167,R0007,2026-08-01T22:00:00,Medium,Medium,41.7,0.73,Monitor; prepare adaptive signal shift
PRED000168,R0007,2026-08-01T23:00:00,Medium,Medium,42.3,0.68,Monitor; prepare adaptive signal shift
PRED000169,R0008,2026-08-01T00:00:00,Medium,Medium,26.0,0.96,Monitor; prepare adaptive signal shift
PRED000170,R0008,2026-08-01T01:00:00,Medium,Medium,32.7,0.94,Monitor; prepare adaptive signal shift
PRED000171,R0008,2026-08-01T02:00:00,Medium,Medium,28.5,0.89,Monitor; prepare adaptive signal shift
PRED000172,R0008,2026-08-01T03:00:00,Medium,Medium,30.4,0.91,Monitor; prepare adaptive signal shift
PRED000173,R0008,2026-08-01T04:00:00,Medium,Medium,31.8,0.93,Monitor; prepare adaptive signal shift
PRED000174,R0008,2026-08-01T05:00:00,Medium,Medium,37.2,0.93,Monitor; prepare adaptive signal shift
PRED000175,R0008,2026-08-01T06:00:00,Medium,Medium,38.8,0.83,Monitor; prepare adaptive signal shift
PRED000176,R0008,2026-08-01T07:00:00,Medium,Medium,42.9,0.84,Monitor; prepare adaptive signal shift
PRED000177,R0008,2026-08-01T08:00:00,Medium,Medium,38.0,0.84,Monitor; prepare adaptive signal shift
PRED000178,R0008,2026-08-01T09:00:00,Medium,Medium,49.4,0.88,Monitor; prepare adaptive signal shift
PRED000179,R0008,2026-08-01T10:00:00,Medium,Medium,32.0,0.84,Monitor; prepare adaptive signal shift
PRED000180,R0008,2026-08-01T11:00:00,Medium,Medium,37.8,0.85,Monitor; prepare adaptive signal shift
PRED000181,R0008,2026-08-01T12:00:00,Medium,Medium,36.3,0.8,Monitor; prepare adaptive signal shift
PRED000182,R0008,2026-08-01T13:00:00,Medium,Medium,31.5,0.81,Monitor; prepare adaptive signal shift
PRED000183,R0008,2026-08-01T14:00:00,Medium,Medium,42.8,0.81,Monitor; prepare adaptive signal shift
PRED000184,R0008,2026-08-01T15:00:00,Medium,Medium,30.3,0.8,Monitor; prepare adaptive signal shift
PRED000185,R0008,2026-08-01T16:00:00,Medium,Medium,32.2,0.8,Monitor; prepare adaptive signal shift
PRED000186,R0008,2026-08-01T17:00:00,Medium,Medium,49.2,0.76,Monitor; prepare adaptive signal shift
PRED000187,R0008,2026-08-01T18:00:00,Medium,Medium,38.3,0.75,Monitor; prepare adaptive signal shift
PRED000188,R0008,2026-08-01T19:00:00,Medium,Medium,32.4,0.75,Monitor; prepare adaptive signal shift
PRED000189,R0008,2026-08-01T20:00:00,Medium,Medium,31.4,0.79,Monitor; prepare adaptive signal shift
PRED000190,R0008,2026-08-01T21:00:00,Medium,Medium,30.3,0.74,Monitor; prepare adaptive signal shift
PRED000191,R0008,2026-08-01T22:00:00,Medium,Low,20.1,0.73,Maintain current signal timing
PRED000192,R0008,2026-08-01T23:00:00,Medium,Medium,38.2,0.7,Monitor; prepare adaptive signal shift
PRED000193,R0009,2026-08-01T00:00:00,Medium,Low,22.2,0.94,Maintain current signal timing
PRED000194,R0009,2026-08-01T01:00:00,Medium,Medium,37.9,0.94,Monitor; prepare adaptive signal shift
PRED000195,R0009,2026-08-01T02:00:00,Medium,Medium,50.3,0.91,Monitor; prepare adaptive signal shift
PRED000196,R0009,2026-08-01T03:00:00,Medium,Medium,33.5,0.89,Monitor; prepare adaptive signal shift
PRED000197,R0009,2026-08-01T04:00:00,Medium,Medium,40.2,0.91,Monitor; prepare adaptive signal shift
PRED000198,R0009,2026-08-01T05:00:00,Medium,Medium,36.1,0.91,Monitor; prepare adaptive signal shift
PRED000199,R0009,2026-08-01T06:00:00,Medium,Medium,42.4,0.88,Monitor; prepare adaptive signal shift
PRED000200,R0009,2026-08-01T07:00:00,Medium,Medium,34.3,0.86,Monitor; prepare adaptive signal shift
PRED000201,R0009,2026-08-01T08:00:00,Medium,Medium,25.2,0.86,Monitor; prepare adaptive signal shift
PRED000202,R0009,2026-08-01T09:00:00,Medium,Medium,39.9,0.85,Monitor; prepare adaptive signal shift
PRED000203,R0009,2026-08-01T10:00:00,Medium,Medium,42.7,0.85,Monitor; prepare adaptive signal shift
PRED000204,R0009,2026-08-01T11:00:00,Medium,Medium,38.9,0.83,Monitor; prepare adaptive signal shift
PRED000205,R0009,2026-08-01T12:00:00,Medium,Medium,30.9,0.81,Monitor; prepare adaptive signal shift
PRED000206,R0009,2026-08-01T13:00:00,Medium,Medium,39.3,0.8,Monitor; prepare adaptive signal shift
PRED000207,R0009,2026-08-01T14:00:00,Medium,Medium,43.8,0.79,Monitor; prepare adaptive signal shift
PRED000208,R0009,2026-08-01T15:00:00,Medium,Medium,39.5,0.79,Monitor; prepare adaptive signal shift
PRED000209,R0009,2026-08-01T16:00:00,Medium,Medium,42.2,0.8,Monitor; prepare adaptive signal shift
PRED000210,R0009,2026-08-01T17:00:00,Medium,Medium,41.4,0.73,Monitor; prepare adaptive signal shift
PRED000211,R0009,2026-08-01T18:00:00,Medium,Medium,43.9,0.79,Monitor; prepare adaptive signal shift
PRED000212,R0009,2026-08-01T19:00:00,Medium,Medium,33.3,0.75,Monitor; prepare adaptive signal shift
PRED000213,R0009,2026-08-01T20:00:00,Medium,Medium,30.4,0.7,Monitor; prepare adaptive signal shift
PRED000214,R0009,2026-08-01T21:00:00,Medium,Medium,30.9,0.72,Monitor; prepare adaptive signal shift
PRED000215,R0009,2026-08-01T22:00:00,Medium,Medium,32.8,0.7,Monitor; prepare adaptive signal shift
PRED000216,R0009,2026-08-01T23:00:00,Medium,Medium,30.1,0.71,Monitor; prepare adaptive signal shift
PRED000217,R0010,2026-08-01T00:00:00,Medium,Medium,31.2,0.95,Monitor; prepare adaptive signal shift
PRED000218,R0010,2026-08-01T01:00:00,Medium,Medium,40.4,0.97,Monitor; prepare adaptive signal shift
PRED000219,R0010,2026-08-01T02:00:00,Medium,Medium,43.5,0.92,Monitor; prepare adaptive signal shift
PRED000220,R0010,2026-08-01T03:00:00,Medium,Medium,33.4,0.92,Monitor; prepare adaptive signal shift
PRED000221,R0010,2026-08-01T04:00:00,Medium,Medium,39.5,0.89,Monitor; prepare adaptive signal shift
PRED000222,R0010,2026-08-01T05:00:00,Medium,Medium,42.5,0.86,Monitor; prepare adaptive signal shift
PRED000223,R0010,2026-08-01T06:00:00,Medium,Medium,36.6,0.89,Monitor; prepare adaptive signal shift
PRED000224,R0010,2026-08-01T07:00:00,Medium,Medium,36.5,0.87,Monitor; prepare adaptive signal shift
PRED000225,R0010,2026-08-01T08:00:00,Medium,Medium,37.5,0.84,Monitor; prepare adaptive signal shift
PRED000226,R0010,2026-08-01T09:00:00,Medium,Medium,45.3,0.83,Monitor; prepare adaptive signal shift
PRED000227,R0010,2026-08-01T10:00:00,Medium,Medium,40.1,0.85,Monitor; prepare adaptive signal shift
PRED000228,R0010,2026-08-01T11:00:00,Medium,Medium,32.3,0.83,Monitor; prepare adaptive signal shift
PRED000229,R0010,2026-08-01T12:00:00,Medium,Medium,32.3,0.85,Monitor; prepare adaptive signal shift
PRED000230,R0010,2026-08-01T13:00:00,Medium,Medium,30.6,0.8,Monitor; prepare adaptive signal shift
PRED000231,R0010,2026-08-01T14:00:00,Medium,Medium,29.8,0.77,Monitor; prepare adaptive signal shift
PRED000232,R0010,2026-08-01T15:00:00,Medium,Medium,46.2,0.8,Monitor; prepare adaptive signal shift
PRED000233,R0010,2026-08-01T16:00:00,Medium,Medium,37.1,0.77,Monitor; prepare adaptive signal shift
PRED000234,R0010,2026-08-01T17:00:00,Medium,Medium,41.2,0.75,Monitor; prepare adaptive signal shift
PRED000235,R0010,2026-08-01T18:00:00,Medium,Medium,40.0,0.74,Monitor; prepare adaptive signal shift
PRED000236,R0010,2026-08-01T19:00:00,Medium,Medium,30.9,0.77,Monitor; prepare adaptive signal shift
PRED000237,R0010,2026-08-01T20:00:00,Medium,Medium,39.4,0.75,Monitor; prepare adaptive signal shift
PRED000238,R0010,2026-08-01T21:00:00,Medium,Medium,27.5,0.72,Monitor; prepare adaptive signal shift
PRED000239,R0010,2026-08-01T22:00:00,Medium,Medium,34.3,0.7,Monitor; prepare adaptive signal shift
PRED000240,R0010,2026-08-01T23:00:00,Medium,Medium,41.3,0.66,Monitor; prepare adaptive signal shift
PRED000241,R0011,2026-08-01T00:00:00,Medium,Medium,34.4,0.93,Monitor; prepare adaptive signal shift
PRED000242,R0011,2026-08-01T01:00:00,Medium,Low,22.5,0.9,Maintain current signal timing
PRED000243,R0011,2026-08-01T02:00:00,Medium,Medium,43.8,0.92,Monitor; prepare adaptive signal shift
PRED000244,R0011,2026-08-01T03:00:00,Medium,Medium,49.9,0.94,Monitor; prepare adaptive signal shift
PRED000245,R0011,2026-08-01T04:00:00,Medium,Medium,43.4,0.91,Monitor; prepare adaptive signal shift
PRED000246,R0011,2026-08-01T05:00:00,Medium,Medium,41.5,0.84,Monitor; prepare adaptive signal shift
PRED000247,R0011,2026-08-01T06:00:00,Medium,Medium,33.0,0.88,Monitor; prepare adaptive signal shift
PRED000248,R0011,2026-08-01T07:00:00,Medium,Medium,45.2,0.88,Monitor; prepare adaptive signal shift
PRED000249,R0011,2026-08-01T08:00:00,Medium,Medium,36.2,0.88,Monitor; prepare adaptive signal shift
PRED000250,R0011,2026-08-01T09:00:00,Medium,Medium,50.5,0.87,Monitor; prepare adaptive signal shift
PRED000251,R0011,2026-08-01T10:00:00,Medium,Medium,47.4,0.83,Monitor; prepare adaptive signal shift
PRED000252,R0011,2026-08-01T11:00:00,Medium,Medium,47.8,0.83,Monitor; prepare adaptive signal shift
PRED000253,R0011,2026-08-01T12:00:00,Medium,Medium,44.2,0.83,Monitor; prepare adaptive signal shift
PRED000254,R0011,2026-08-01T13:00:00,Medium,Medium,40.0,0.79,Monitor; prepare adaptive signal shift
PRED000255,R0011,2026-08-01T14:00:00,Medium,Medium,39.9,0.82,Monitor; prepare adaptive signal shift
PRED000256,R0011,2026-08-01T15:00:00,Medium,Medium,37.3,0.81,Monitor; prepare adaptive signal shift
PRED000257,R0011,2026-08-01T16:00:00,Medium,Medium,43.9,0.77,Monitor; prepare adaptive signal shift
PRED000258,R0011,2026-08-01T17:00:00,Medium,Medium,47.4,0.76,Monitor; prepare adaptive signal shift
PRED000259,R0011,2026-08-01T18:00:00,Medium,Medium,47.6,0.77,Monitor; prepare adaptive signal shift
PRED000260,R0011,2026-08-01T19:00:00,Medium,Medium,37.9,0.73,Monitor; prepare adaptive signal shift
PRED000261,R0011,2026-08-01T20:00:00,Medium,Medium,37.0,0.74,Monitor; prepare adaptive signal shift
PRED000262,R0011,2026-08-01T21:00:00,Medium,Medium,29.5,0.73,Monitor; prepare adaptive signal shift
PRED000263,R0011,2026-08-01T22:00:00,Medium,Medium,31.9,0.73,Monitor; prepare adaptive signal shift
PRED000264,R0011,2026-08-01T23:00:00,Medium,Medium,44.2,0.69,Monitor; prepare adaptive signal shift
PRED000265,R0012,2026-08-01T00:00:00,Medium,Medium,54.8,0.94,Monitor; prepare adaptive signal shift
PRED000266,R0012,2026-08-01T01:00:00,Medium,Medium,39.1,0.95,Monitor; prepare adaptive signal shift
PRED000267,R0012,2026-08-01T02:00:00,Medium,Medium,42.8,0.92,Monitor; prepare adaptive signal shift
PRED000268,R0012,2026-08-01T03:00:00,Medium,Medium,43.4,0.89,Monitor; prepare adaptive signal shift
PRED000269,R0012,2026-08-01T04:00:00,Medium,Medium,50.6,0.89,Monitor; prepare adaptive signal shift
PRED000270,R0012,2026-08-01T05:00:00,Medium,Medium,37.9,0.9,Monitor; prepare adaptive signal shift
PRED000271,R0012,2026-08-01T06:00:00,Medium,Medium,39.5,0.86,Monitor; prepare adaptive signal shift
PRED000272,R0012,2026-08-01T07:00:00,Medium,Medium,54.1,0.85,Monitor; prepare adaptive signal shift
PRED000273,R0012,2026-08-01T08:00:00,Medium,Medium,33.1,0.87,Monitor; prepare adaptive signal shift
PRED000274,R0012,2026-08-01T09:00:00,Medium,Medium,45.2,0.85,Monitor; prepare adaptive signal shift
PRED000275,R0012,2026-08-01T10:00:00,Medium,Medium,45.0,0.84,Monitor; prepare adaptive signal shift
PRED000276,R0012,2026-08-01T11:00:00,Medium,Medium,42.2,0.86,Monitor; prepare adaptive signal shift
PRED000277,R0012,2026-08-01T12:00:00,Medium,Medium,37.6,0.83,Monitor; prepare adaptive signal shift
PRED000278,R0012,2026-08-01T13:00:00,Medium,Medium,50.0,0.79,Monitor; prepare adaptive signal shift
PRED000279,R0012,2026-08-01T14:00:00,Medium,Medium,39.7,0.82,Monitor; prepare adaptive signal shift
PRED000280,R0012,2026-08-01T15:00:00,Medium,Medium,39.4,0.78,Monitor; prepare adaptive signal shift
PRED000281,R0012,2026-08-01T16:00:00,Medium,Medium,50.2,0.78,Monitor; prepare adaptive signal shift
PRED000282,R0012,2026-08-01T17:00:00,Medium,Medium,33.6,0.8,Monitor; prepare adaptive signal shift
PRED000283,R0012,2026-08-01T18:00:00,Medium,Medium,40.7,0.75,Monitor; prepare adaptive signal shift
PRED000284,R0012,2026-08-01T19:00:00,Medium,Medium,45.0,0.76,Monitor; prepare adaptive signal shift
PRED000285,R0012,2026-08-01T20:00:00,Medium,Medium,54.7,0.71,Monitor; prepare adaptive signal shift
PRED000286,R0012,2026-08-01T21:00:00,Medium,Medium,47.5,0.74,Monitor; prepare adaptive signal shift
PRED000287,R0012,2026-08-01T22:00:00,Medium,Medium,41.3,0.74,Monitor; prepare adaptive signal shift
PRED000288,R0012,2026-08-01T23:00:00,Medium,Medium,47.3,0.68,Monitor; prepare adaptive signal shift
PRED000289,R0013,2026-08-01T00:00:00,Medium,Medium,48.1,0.91,Monitor; prepare adaptive signal shift
PRED000290,R0013,2026-08-01T01:00:00,Medium,Medium,31.3,0.92,Monitor; prepare adaptive signal shift
PRED000291,R0013,2026-08-01T02:00:00,Medium,Medium,50.1,0.91,Monitor; prepare adaptive signal shift
PRED000292,R0013,2026-08-01T03:00:00,Medium,Medium,38.8,0.94,Monitor; prepare adaptive signal shift
PRED000293,R0013,2026-08-01T04:00:00,Medium,Medium,37.5,0.88,Monitor; prepare adaptive signal shift
PRED000294,R0013,2026-08-01T05:00:00,Medium,Medium,37.1,0.92,Monitor; prepare adaptive signal shift
PRED000295,R0013,2026-08-01T06:00:00,Medium,Medium,40.3,0.92,Monitor; prepare adaptive signal shift
PRED000296,R0013,2026-08-01T07:00:00,Medium,Medium,44.4,0.86,Monitor; prepare adaptive signal shift
PRED000297,R0013,2026-08-01T08:00:00,Medium,Medium,40.4,0.84,Monitor; prepare adaptive signal shift
PRED000298,R0013,2026-08-01T09:00:00,Medium,Medium,36.1,0.94,Monitor; prepare adaptive signal shift
PRED000299,R0013,2026-08-01T10:00:00,Medium,Medium,46.1,0.86,Monitor; prepare adaptive signal shift
PRED000300,R0013,2026-08-01T11:00:00,Medium,Medium,36.1,0.86,Monitor; prepare adaptive signal shift
PRED000301,R0013,2026-08-01T12:00:00,Medium,Medium,46.2,0.86,Monitor; prepare adaptive signal shift
PRED000302,R0013,2026-08-01T13:00:00,Medium,Medium,50.3,0.78,Monitor; prepare adaptive signal shift
PRED000303,R0013,2026-08-01T14:00:00,Medium,Medium,32.2,0.78,Monitor; prepare adaptive signal shift
PRED000304,R0013,2026-08-01T15:00:00,Medium,Medium,32.8,0.8,Monitor; prepare adaptive signal shift
PRED000305,R0013,2026-08-01T16:00:00,Medium,Medium,34.6,0.82,Monitor; prepare adaptive signal shift
PRED000306,R0013,2026-08-01T17:00:00,Medium,Medium,49.0,0.77,Monitor; prepare adaptive signal shift
PRED000307,R0013,2026-08-01T18:00:00,Medium,Medium,48.8,0.79,Monitor; prepare adaptive signal shift
PRED000308,R0013,2026-08-01T19:00:00,Medium,Medium,33.8,0.71,Monitor; prepare adaptive signal shift
PRED000309,R0013,2026-08-01T20:00:00,Medium,Medium,34.7,0.73,Monitor; prepare adaptive signal shift
PRED000310,R0013,2026-08-01T21:00:00,Medium,Medium,36.8,0.73,Monitor; prepare adaptive signal shift
PRED000311,R0013,2026-08-01T22:00:00,Medium,Medium,35.6,0.73,Monitor; prepare adaptive signal shift
PRED000312,R0013,2026-08-01T23:00:00,Medium,Medium,27.6,0.72,Monitor; prepare adaptive signal shift
PRED000313,R0014,2026-08-01T00:00:00,Medium,Medium,41.8,0.94,Monitor; prepare adaptive signal shift
PRED000314,R0014,2026-08-01T01:00:00,Medium,Medium,50.6,0.91,Monitor; prepare adaptive signal shift
PRED000315,R0014,2026-08-01T02:00:00,Medium,Medium,43.7,0.92,Monitor; prepare adaptive signal shift
PRED000316,R0014,2026-08-01T03:00:00,Medium,Medium,42.7,0.93,Monitor; prepare adaptive signal shift
PRED000317,R0014,2026-08-01T04:00:00,Medium,Medium,41.8,0.89,Monitor; prepare adaptive signal shift
PRED000318,R0014,2026-08-01T05:00:00,Medium,Medium,42.2,0.91,Monitor; prepare adaptive signal shift
PRED000319,R0014,2026-08-01T06:00:00,Medium,Medium,43.7,0.89,Monitor; prepare adaptive signal shift
PRED000320,R0014,2026-08-01T07:00:00,Medium,High,58.7,0.87,Activate adaptive signal + suggest alternate route
PRED000321,R0014,2026-08-01T08:00:00,Medium,Medium,53.6,0.89,Monitor; prepare adaptive signal shift
PRED000322,R0014,2026-08-01T09:00:00,Medium,Medium,53.0,0.85,Monitor; prepare adaptive signal shift
PRED000323,R0014,2026-08-01T10:00:00,Medium,Medium,50.6,0.81,Monitor; prepare adaptive signal shift
PRED000324,R0014,2026-08-01T11:00:00,Medium,Medium,41.9,0.82,Monitor; prepare adaptive signal shift
PRED000325,R0014,2026-08-01T12:00:00,Medium,High,59.8,0.8,Activate adaptive signal + suggest alternate route
PRED000326,R0014,2026-08-01T13:00:00,Medium,Medium,41.1,0.79,Monitor; prepare adaptive signal shift
PRED000327,R0014,2026-08-01T14:00:00,Medium,Medium,49.1,0.8,Monitor; prepare adaptive signal shift
PRED000328,R0014,2026-08-01T15:00:00,Medium,Medium,51.8,0.8,Monitor; prepare adaptive signal shift
PRED000329,R0014,2026-08-01T16:00:00,Medium,Medium,36.5,0.76,Monitor; prepare adaptive signal shift
PRED000330,R0014,2026-08-01T17:00:00,Medium,Medium,52.5,0.77,Monitor; prepare adaptive signal shift
PRED000331,R0014,2026-08-01T18:00:00,Medium,Medium,51.0,0.76,Monitor; prepare adaptive signal shift
PRED000332,R0014,2026-08-01T19:00:00,Medium,Medium,37.5,0.74,Monitor; prepare adaptive signal shift
PRED000333,R0014,2026-08-01T20:00:00,Medium,Medium,37.0,0.73,Monitor; prepare adaptive signal shift
PRED000334,R0014,2026-08-01T21:00:00,Medium,Medium,43.6,0.74,Monitor; prepare adaptive signal shift
PRED000335,R0014,2026-08-01T22:00:00,Medium,Medium,32.4,0.72,Monitor; prepare adaptive signal shift
PRED000336,R0014,2026-08-01T23:00:00,Medium,Medium,38.1,0.7,Monitor; prepare adaptive signal shift
PRED000337,R0015,2026-08-01T00:00:00,Medium,Medium,34.0,0.93,Monitor; prepare adaptive signal shift
PRED000338,R0015,2026-08-01T01:00:00,Medium,Medium,42.0,0.95,Monitor; prepare adaptive signal shift
PRED000339,R0015,2026-08-01T02:00:00,Medium,Medium,41.2,0.91,Monitor; prepare adaptive signal shift
PRED000340,R0015,2026-08-01T03:00:00,Medium,Medium,28.8,0.91,Monitor; prepare adaptive signal shift
PRED000341,R0015,2026-08-01T04:00:00,Medium,Medium,34.0,0.89,Monitor; prepare adaptive signal shift
PRED000342,R0015,2026-08-01T05:00:00,Medium,Medium,28.2,0.89,Monitor; prepare adaptive signal shift
PRED000343,R0015,2026-08-01T06:00:00,Medium,Medium,33.0,0.89,Monitor; prepare adaptive signal shift
PRED000344,R0015,2026-08-01T07:00:00,Medium,Medium,39.6,0.89,Monitor; prepare adaptive signal shift
PRED000345,R0015,2026-08-01T08:00:00,Medium,Medium,28.1,0.87,Monitor; prepare adaptive signal shift
PRED000346,R0015,2026-08-01T09:00:00,Medium,Medium,31.3,0.83,Monitor; prepare adaptive signal shift
PRED000347,R0015,2026-08-01T10:00:00,Medium,Medium,33.0,0.86,Monitor; prepare adaptive signal shift
PRED000348,R0015,2026-08-01T11:00:00,Medium,Medium,33.2,0.86,Monitor; prepare adaptive signal shift
PRED000349,R0015,2026-08-01T12:00:00,Medium,Medium,38.5,0.81,Monitor; prepare adaptive signal shift
PRED000350,R0015,2026-08-01T13:00:00,Medium,Medium,41.8,0.82,Monitor; prepare adaptive signal shift
PRED000351,R0015,2026-08-01T14:00:00,Medium,Medium,28.9,0.84,Monitor; prepare adaptive signal shift
PRED000352,R0015,2026-08-01T15:00:00,Medium,Medium,35.6,0.79,Monitor; prepare adaptive signal shift
PRED000353,R0015,2026-08-01T16:00:00,Medium,Medium,28.5,0.8,Monitor; prepare adaptive signal shift
PRED000354,R0015,2026-08-01T17:00:00,Medium,Medium,36.2,0.78,Monitor; prepare adaptive signal shift
PRED000355,R0015,2026-08-01T18:00:00,Medium,Medium,29.6,0.78,Monitor; prepare adaptive signal shift
PRED000356,R0015,2026-08-01T19:00:00,Medium,Medium,37.6,0.74,Monitor; prepare adaptive signal shift
PRED000357,R0015,2026-08-01T20:00:00,Medium,Low,23.1,0.75,Maintain current signal timing
PRED000358,R0015,2026-08-01T21:00:00,Medium,Low,21.8,0.73,Maintain current signal timing
PRED000359,R0015,2026-08-01T22:00:00,Medium,Medium,28.1,0.74,Monitor; prepare adaptive signal shift
PRED000360,R0015,2026-08-01T23:00:00,Medium,Medium,28.1,0.73,Monitor; prepare adaptive signal shift
PRED000361,R0016,2026-08-01T00:00:00,Medium,Medium,31.7,0.96,Monitor; prepare adaptive signal shift
PRED000362,R0016,2026-08-01T01:00:00,Medium,Medium,47.6,0.91,Monitor; prepare adaptive signal shift
PRED000363,R0016,2026-08-01T02:00:00,Medium,Medium,37.5,0.97,Monitor; prepare adaptive signal shift
PRED000364,R0016,2026-08-01T03:00:00,Medium,Medium,36.6,0.91,Monitor; prepare adaptive signal shift
PRED000365,R0016,2026-08-01T04:00:00,Medium,Medium,41.3,0.9,Monitor; prepare adaptive signal shift
PRED000366,R0016,2026-08-01T05:00:00,Medium,Medium,26.6,0.91,Monitor; prepare adaptive signal shift
PRED000367,R0016,2026-08-01T06:00:00,Medium,Medium,25.0,0.87,Monitor; prepare adaptive signal shift
PRED000368,R0016,2026-08-01T07:00:00,Medium,Medium,44.5,0.86,Monitor; prepare adaptive signal shift
PRED000369,R0016,2026-08-01T08:00:00,Medium,Medium,33.1,0.88,Monitor; prepare adaptive signal shift
PRED000370,R0016,2026-08-01T09:00:00,Medium,Medium,32.2,0.83,Monitor; prepare adaptive signal shift
PRED000371,R0016,2026-08-01T10:00:00,Medium,Medium,38.8,0.84,Monitor; prepare adaptive signal shift
PRED000372,R0016,2026-08-01T11:00:00,Medium,Medium,29.6,0.84,Monitor; prepare adaptive signal shift
PRED000373,R0016,2026-08-01T12:00:00,Medium,Medium,39.6,0.81,Monitor; prepare adaptive signal shift
PRED000374,R0016,2026-08-01T13:00:00,Medium,Medium,34.7,0.82,Monitor; prepare adaptive signal shift
PRED000375,R0016,2026-08-01T14:00:00,Medium,Medium,43.2,0.79,Monitor; prepare adaptive signal shift
PRED000376,R0016,2026-08-01T15:00:00,Medium,Medium,39.6,0.8,Monitor; prepare adaptive signal shift
PRED000377,R0016,2026-08-01T16:00:00,Medium,Medium,40.5,0.78,Monitor; prepare adaptive signal shift
PRED000378,R0016,2026-08-01T17:00:00,Medium,Medium,29.2,0.76,Monitor; prepare adaptive signal shift
PRED000379,R0016,2026-08-01T18:00:00,Medium,Medium,36.3,0.8,Monitor; prepare adaptive signal shift
PRED000380,R0016,2026-08-01T19:00:00,Medium,Medium,30.8,0.77,Monitor; prepare adaptive signal shift
PRED000381,R0016,2026-08-01T20:00:00,Medium,Medium,31.3,0.74,Monitor; prepare adaptive signal shift
PRED000382,R0016,2026-08-01T21:00:00,Medium,Medium,41.9,0.75,Monitor; prepare adaptive signal shift
PRED000383,R0016,2026-08-01T22:00:00,Medium,Low,24.9,0.71,Maintain current signal timing
PRED000384,R0016,2026-08-01T23:00:00,Medium,Medium,39.6,0.71,Monitor; prepare adaptive signal shift
PRED000385,R0017,2026-08-01T00:00:00,Medium,Medium,34.7,0.92,Monitor; prepare adaptive signal shift
PRED000386,R0017,2026-08-01T01:00:00,Medium,Medium,46.3,0.95,Monitor; prepare adaptive signal shift
PRED000387,R0017,2026-08-01T02:00:00,Medium,Medium,42.6,0.97,Monitor; prepare adaptive signal shift
PRED000388,R0017,2026-08-01T03:00:00,Medium,Medium,47.9,0.91,Monitor; prepare adaptive signal shift
PRED000389,R0017,2026-08-01T04:00:00,Medium,Medium,38.4,0.88,Monitor; prepare adaptive signal shift
PRED000390,R0017,2026-08-01T05:00:00,Medium,Medium,45.6,0.88,Monitor; prepare adaptive signal shift
PRED000391,R0017,2026-08-01T06:00:00,Medium,Medium,53.9,0.91,Monitor; prepare adaptive signal shift
PRED000392,R0017,2026-08-01T07:00:00,Medium,Medium,47.8,0.85,Monitor; prepare adaptive signal shift
PRED000393,R0017,2026-08-01T08:00:00,Medium,Medium,40.1,0.89,Monitor; prepare adaptive signal shift
PRED000394,R0017,2026-08-01T09:00:00,Medium,Medium,40.7,0.87,Monitor; prepare adaptive signal shift
PRED000395,R0017,2026-08-01T10:00:00,Medium,Medium,46.8,0.84,Monitor; prepare adaptive signal shift
PRED000396,R0017,2026-08-01T11:00:00,Medium,Medium,39.6,0.83,Monitor; prepare adaptive signal shift
PRED000397,R0017,2026-08-01T12:00:00,Medium,Medium,44.7,0.84,Monitor; prepare adaptive signal shift
PRED000398,R0017,2026-08-01T13:00:00,Medium,Medium,38.0,0.8,Monitor; prepare adaptive signal shift
PRED000399,R0017,2026-08-01T14:00:00,Medium,Medium,43.2,0.81,Monitor; prepare adaptive signal shift
PRED000400,R0017,2026-08-01T15:00:00,Medium,Medium,37.0,0.76,Monitor; prepare adaptive signal shift
PRED000401,R0017,2026-08-01T16:00:00,Medium,Medium,46.1,0.75,Monitor; prepare adaptive signal shift
PRED000402,R0017,2026-08-01T17:00:00,Medium,Medium,49.2,0.77,Monitor; prepare adaptive signal shift
PRED000403,R0017,2026-08-01T18:00:00,Medium,Medium,31.7,0.75,Monitor; prepare adaptive signal shift
PRED000404,R0017,2026-08-01T19:00:00,Medium,Medium,42.8,0.74,Monitor; prepare adaptive signal shift
PRED000405,R0017,2026-08-01T20:00:00,Medium,Medium,40.2,0.75,Monitor; prepare adaptive signal shift
PRED000406,R0017,2026-08-01T21:00:00,Medium,Medium,38.4,0.71,Monitor; prepare adaptive signal shift
PRED000407,R0017,2026-08-01T22:00:00,Medium,Medium,37.4,0.75,Monitor; prepare adaptive signal shift
PRED000408,R0017,2026-08-01T23:00:00,Medium,Medium,48.9,0.67,Monitor; prepare adaptive signal shift
PRED000409,R0018,2026-08-01T00:00:00,Medium,Medium,47.2,0.95,Monitor; prepare adaptive signal shift
PRED000410,R0018,2026-08-01T01:00:00,Medium,Medium,46.7,0.92,Monitor; prepare adaptive signal shift
PRED000411,R0018,2026-08-01T02:00:00,Medium,Medium,31.0,0.93,Monitor; prepare adaptive signal shift
PRED000412,R0018,2026-08-01T03:00:00,Medium,Medium,36.4,0.88,Monitor; prepare adaptive signal shift
PRED000413,R0018,2026-08-01T04:00:00,Medium,Medium,34.5,0.91,Monitor; prepare adaptive signal shift
PRED000414,R0018,2026-08-01T05:00:00,Medium,Medium,43.6,0.91,Monitor; prepare adaptive signal shift
PRED000415,R0018,2026-08-01T06:00:00,Medium,Medium,47.0,0.87,Monitor; prepare adaptive signal shift
PRED000416,R0018,2026-08-01T07:00:00,Medium,Medium,42.7,0.86,Monitor; prepare adaptive signal shift
PRED000417,R0018,2026-08-01T08:00:00,Medium,Medium,41.9,0.84,Monitor; prepare adaptive signal shift
PRED000418,R0018,2026-08-01T09:00:00,Medium,Medium,45.5,0.87,Monitor; prepare adaptive signal shift
PRED000419,R0018,2026-08-01T10:00:00,Medium,Medium,38.2,0.87,Monitor; prepare adaptive signal shift
PRED000420,R0018,2026-08-01T11:00:00,Medium,Medium,43.6,0.83,Monitor; prepare adaptive signal shift
PRED000421,R0018,2026-08-01T12:00:00,Medium,Medium,32.5,0.78,Monitor; prepare adaptive signal shift
PRED000422,R0018,2026-08-01T13:00:00,Medium,Medium,43.2,0.83,Monitor; prepare adaptive signal shift
PRED000423,R0018,2026-08-01T14:00:00,Medium,Medium,38.0,0.83,Monitor; prepare adaptive signal shift
PRED000424,R0018,2026-08-01T15:00:00,Medium,Medium,46.0,0.77,Monitor; prepare adaptive signal shift
PRED000425,R0018,2026-08-01T16:00:00,Medium,Medium,41.3,0.83,Monitor; prepare adaptive signal shift
PRED000426,R0018,2026-08-01T17:00:00,Medium,Medium,33.2,0.78,Monitor; prepare adaptive signal shift
PRED000427,R0018,2026-08-01T18:00:00,Medium,Medium,38.2,0.77,Monitor; prepare adaptive signal shift
PRED000428,R0018,2026-08-01T19:00:00,Medium,Medium,47.2,0.74,Monitor; prepare adaptive signal shift
PRED000429,R0018,2026-08-01T20:00:00,Medium,Medium,45.9,0.78,Monitor; prepare adaptive signal shift
PRED000430,R0018,2026-08-01T21:00:00,Medium,Medium,39.1,0.75,Monitor; prepare adaptive signal shift
PRED000431,R0018,2026-08-01T22:00:00,Medium,Medium,34.7,0.72,Monitor; prepare adaptive signal shift
PRED000432,R0018,2026-08-01T23:00:00,Medium,Medium,36.9,0.73,Monitor; prepare adaptive signal shift
PRED000433,R0019,2026-08-01T00:00:00,Medium,Medium,47.4,0.94,Monitor; prepare adaptive signal shift
PRED000434,R0019,2026-08-01T01:00:00,Medium,Medium,49.9,0.96,Monitor; prepare adaptive signal shift
PRED000435,R0019,2026-08-01T02:00:00,Medium,Medium,46.2,0.91,Monitor; prepare adaptive signal shift
PRED000436,R0019,2026-08-01T03:00:00,Medium,Medium,37.9,0.89,Monitor; prepare adaptive signal shift
PRED000437,R0019,2026-08-01T04:00:00,Medium,Medium,47.6,0.88,Monitor; prepare adaptive signal shift
PRED000438,R0019,2026-08-01T05:00:00,Medium,Medium,46.3,0.87,Monitor; prepare adaptive signal shift
PRED000439,R0019,2026-08-01T06:00:00,Medium,Medium,47.4,0.88,Monitor; prepare adaptive signal shift
PRED000440,R0019,2026-08-01T07:00:00,Medium,Medium,50.6,0.89,Monitor; prepare adaptive signal shift
PRED000441,R0019,2026-08-01T08:00:00,Medium,Medium,51.3,0.89,Monitor; prepare adaptive signal shift
PRED000442,R0019,2026-08-01T09:00:00,Medium,Medium,43.5,0.83,Monitor; prepare adaptive signal shift
PRED000443,R0019,2026-08-01T10:00:00,Medium,Medium,36.3,0.8,Monitor; prepare adaptive signal shift
PRED000444,R0019,2026-08-01T11:00:00,Medium,Medium,35.9,0.83,Monitor; prepare adaptive signal shift
PRED000445,R0019,2026-08-01T12:00:00,Medium,Medium,38.8,0.82,Monitor; prepare adaptive signal shift
PRED000446,R0019,2026-08-01T13:00:00,Medium,Medium,44.8,0.8,Monitor; prepare adaptive signal shift
PRED000447,R0019,2026-08-01T14:00:00,Medium,Medium,34.8,0.8,Monitor; prepare adaptive signal shift
PRED000448,R0019,2026-08-01T15:00:00,Medium,Medium,35.7,0.78,Monitor; prepare adaptive signal shift
PRED000449,R0019,2026-08-01T16:00:00,Medium,Medium,48.7,0.77,Monitor; prepare adaptive signal shift
PRED000450,R0019,2026-08-01T17:00:00,Medium,Medium,50.7,0.8,Monitor; prepare adaptive signal shift
PRED000451,R0019,2026-08-01T18:00:00,Medium,Medium,36.1,0.74,Monitor; prepare adaptive signal shift
PRED000452,R0019,2026-08-01T19:00:00,Medium,Medium,38.8,0.77,Monitor; prepare adaptive signal shift
PRED000453,R0019,2026-08-01T20:00:00,Medium,Medium,35.7,0.76,Monitor; prepare adaptive signal shift
PRED000454,R0019,2026-08-01T21:00:00,Medium,Medium,45.4,0.71,Monitor; prepare adaptive signal shift
PRED000455,R0019,2026-08-01T22:00:00,Medium,Medium,33.7,0.73,Monitor; prepare adaptive signal shift
PRED000456,R0019,2026-08-01T23:00:00,Medium,Medium,38.3,0.7,Monitor; prepare adaptive signal shift
PRED000457,R0020,2026-08-01T00:00:00,Medium,Medium,40.9,0.94,Monitor; prepare adaptive signal shift
PRED000458,R0020,2026-08-01T01:00:00,Medium,Medium,34.1,0.95,Monitor; prepare adaptive signal shift
PRED000459,R0020,2026-08-01T02:00:00,Medium,Medium,41.1,0.86,Monitor; prepare adaptive signal shift
PRED000460,R0020,2026-08-01T03:00:00,Medium,Medium,44.2,0.9,Monitor; prepare adaptive signal shift
PRED000461,R0020,2026-08-01T04:00:00,Medium,Medium,54.9,0.89,Monitor; prepare adaptive signal shift
PRED000462,R0020,2026-08-01T05:00:00,Medium,Medium,38.4,0.9,Monitor; prepare adaptive signal shift
PRED000463,R0020,2026-08-01T06:00:00,Medium,Medium,41.3,0.86,Monitor; prepare adaptive signal shift
PRED000464,R0020,2026-08-01T07:00:00,Medium,Medium,48.5,0.85,Monitor; prepare adaptive signal shift
PRED000465,R0020,2026-08-01T08:00:00,Medium,Medium,36.7,0.89,Monitor; prepare adaptive signal shift
PRED000466,R0020,2026-08-01T09:00:00,Medium,Medium,49.0,0.84,Monitor; prepare adaptive signal shift
PRED000467,R0020,2026-08-01T10:00:00,Medium,Medium,45.4,0.85,Monitor; prepare adaptive signal shift
PRED000468,R0020,2026-08-01T11:00:00,Medium,Medium,51.1,0.81,Monitor; prepare adaptive signal shift
PRED000469,R0020,2026-08-01T12:00:00,Medium,Medium,47.2,0.81,Monitor; prepare adaptive signal shift
PRED000470,R0020,2026-08-01T13:00:00,Medium,Medium,43.5,0.81,Monitor; prepare adaptive signal shift
PRED000471,R0020,2026-08-01T14:00:00,Medium,Medium,44.3,0.81,Monitor; prepare adaptive signal shift
PRED000472,R0020,2026-08-01T15:00:00,Medium,Medium,46.8,0.76,Monitor; prepare adaptive signal shift
PRED000473,R0020,2026-08-01T16:00:00,Medium,Medium,35.3,0.77,Monitor; prepare adaptive signal shift
PRED000474,R0020,2026-08-01T17:00:00,Medium,Medium,53.9,0.75,Monitor; prepare adaptive signal shift
PRED000475,R0020,2026-08-01T18:00:00,Medium,Medium,41.2,0.75,Monitor; prepare adaptive signal shift
PRED000476,R0020,2026-08-01T19:00:00,Medium,Medium,38.6,0.75,Monitor; prepare adaptive signal shift
PRED000477,R0020,2026-08-01T20:00:00,Medium,Medium,49.9,0.75,Monitor; prepare adaptive signal shift
PRED000478,R0020,2026-08-01T21:00:00,Medium,Medium,36.2,0.79,Monitor; prepare adaptive signal shift
PRED000479,R0020,2026-08-01T22:00:00,Medium,Medium,41.1,0.71,Monitor; prepare adaptive signal shift
PRED000480,R0020,2026-08-01T23:00:00,Medium,Medium,48.7,0.7,Monitor; prepare adaptive signal shift
PRED000481,R0021,2026-08-01T00:00:00,Medium,Medium,51.6,0.92,Monitor; prepare adaptive signal shift
PRED000482,R0021,2026-08-01T01:00:00,Medium,Medium,50.7,0.93,Monitor; prepare adaptive signal shift
PRED000483,R0021,2026-08-01T02:00:00,Medium,Medium,50.3,0.96,Monitor; prepare adaptive signal shift
PRED000484,R0021,2026-08-01T03:00:00,Medium,Medium,36.2,0.94,Monitor; prepare adaptive signal shift
PRED000485,R0021,2026-08-01T04:00:00,Medium,Medium,34.9,0.88,Monitor; prepare adaptive signal shift
PRED000486,R0021,2026-08-01T05:00:00,Medium,Medium,38.8,0.9,Monitor; prepare adaptive signal shift
PRED000487,R0021,2026-08-01T06:00:00,Medium,Medium,44.1,0.88,Monitor; prepare adaptive signal shift
PRED000488,R0021,2026-08-01T07:00:00,Medium,Medium,44.9,0.88,Monitor; prepare adaptive signal shift
PRED000489,R0021,2026-08-01T08:00:00,Medium,Medium,48.1,0.88,Monitor; prepare adaptive signal shift
PRED000490,R0021,2026-08-01T09:00:00,Medium,High,55.0,0.85,Activate adaptive signal + suggest alternate route
PRED000491,R0021,2026-08-01T10:00:00,Medium,Medium,40.9,0.85,Monitor; prepare adaptive signal shift
PRED000492,R0021,2026-08-01T11:00:00,Medium,Medium,37.0,0.82,Monitor; prepare adaptive signal shift
PRED000493,R0021,2026-08-01T12:00:00,Medium,Medium,49.6,0.82,Monitor; prepare adaptive signal shift
PRED000494,R0021,2026-08-01T13:00:00,Medium,Medium,36.0,0.78,Monitor; prepare adaptive signal shift
PRED000495,R0021,2026-08-01T14:00:00,Medium,Medium,43.2,0.82,Monitor; prepare adaptive signal shift
PRED000496,R0021,2026-08-01T15:00:00,Medium,Medium,49.2,0.79,Monitor; prepare adaptive signal shift
PRED000497,R0021,2026-08-01T16:00:00,Medium,Medium,54.1,0.78,Monitor; prepare adaptive signal shift
PRED000498,R0021,2026-08-01T17:00:00,Medium,Medium,40.7,0.72,Monitor; prepare adaptive signal shift
PRED000499,R0021,2026-08-01T18:00:00,Medium,Medium,38.3,0.78,Monitor; prepare adaptive signal shift
PRED000500,R0021,2026-08-01T19:00:00,Medium,Medium,49.9,0.73,Monitor; prepare adaptive signal shift
PRED000501,R0021,2026-08-01T20:00:00,Medium,Medium,42.8,0.76,Monitor; prepare adaptive signal shift
PRED000502,R0021,2026-08-01T21:00:00,Medium,Medium,39.7,0.68,Monitor; prepare adaptive signal shift
PRED000503,R0021,2026-08-01T22:00:00,Medium,Medium,40.7,0.74,Monitor; prepare adaptive signal shift
PRED000504,R0021,2026-08-01T23:00:00,Medium,Medium,33.1,0.7,Monitor; prepare adaptive signal shift
PRED000505,R0022,2026-08-01T00:00:00,Medium,Medium,28.8,0.89,Monitor; prepare adaptive signal shift
PRED000506,R0022,2026-08-01T01:00:00,Medium,Medium,42.3,0.93,Monitor; prepare adaptive signal shift
PRED000507,R0022,2026-08-01T02:00:00,Medium,Medium,46.2,0.94,Monitor; prepare adaptive signal shift
PRED000508,R0022,2026-08-01T03:00:00,Medium,Medium,34.9,0.91,Monitor; prepare adaptive signal shift
PRED000509,R0022,2026-08-01T04:00:00,Medium,Medium,40.8,0.92,Monitor; prepare adaptive signal shift
PRED000510,R0022,2026-08-01T05:00:00,Medium,Medium,39.7,0.91,Monitor; prepare adaptive signal shift
PRED000511,R0022,2026-08-01T06:00:00,Medium,Medium,36.2,0.86,Monitor; prepare adaptive signal shift
PRED000512,R0022,2026-08-01T07:00:00,Medium,Medium,37.7,0.87,Monitor; prepare adaptive signal shift
PRED000513,R0022,2026-08-01T08:00:00,Medium,Medium,31.0,0.83,Monitor; prepare adaptive signal shift
PRED000514,R0022,2026-08-01T09:00:00,Medium,Medium,40.9,0.84,Monitor; prepare adaptive signal shift
PRED000515,R0022,2026-08-01T10:00:00,Medium,Medium,37.1,0.83,Monitor; prepare adaptive signal shift
PRED000516,R0022,2026-08-01T11:00:00,Medium,Medium,47.1,0.86,Monitor; prepare adaptive signal shift
PRED000517,R0022,2026-08-01T12:00:00,Medium,Medium,30.3,0.81,Monitor; prepare adaptive signal shift
PRED000518,R0022,2026-08-01T13:00:00,Medium,Medium,42.5,0.82,Monitor; prepare adaptive signal shift
PRED000519,R0022,2026-08-01T14:00:00,Medium,Medium,36.7,0.78,Monitor; prepare adaptive signal shift
PRED000520,R0022,2026-08-01T15:00:00,Medium,Medium,32.5,0.78,Monitor; prepare adaptive signal shift
PRED000521,R0022,2026-08-01T16:00:00,Medium,Medium,37.8,0.81,Monitor; prepare adaptive signal shift
PRED000522,R0022,2026-08-01T17:00:00,Medium,Medium,31.5,0.75,Monitor; prepare adaptive signal shift
PRED000523,R0022,2026-08-01T18:00:00,Medium,Medium,34.5,0.78,Monitor; prepare adaptive signal shift
PRED000524,R0022,2026-08-01T19:00:00,Medium,Medium,25.9,0.78,Monitor; prepare adaptive signal shift
PRED000525,R0022,2026-08-01T20:00:00,Medium,Medium,33.1,0.73,Monitor; prepare adaptive signal shift
PRED000526,R0022,2026-08-01T21:00:00,Medium,Low,24.1,0.74,Maintain current signal timing
PRED000527,R0022,2026-08-01T22:00:00,Medium,Medium,32.3,0.72,Monitor; prepare adaptive signal shift
PRED000528,R0022,2026-08-01T23:00:00,Medium,Medium,27.5,0.7,Monitor; prepare adaptive signal shift
PRED000529,R0023,2026-08-01T00:00:00,Medium,Medium,34.5,0.94,Monitor; prepare adaptive signal shift
PRED000530,R0023,2026-08-01T01:00:00,Medium,Medium,33.9,0.9,Monitor; prepare adaptive signal shift
PRED000531,R0023,2026-08-01T02:00:00,Medium,Medium,54.7,0.89,Monitor; prepare adaptive signal shift
PRED000532,R0023,2026-08-01T03:00:00,Medium,Medium,39.8,0.87,Monitor; prepare adaptive signal shift
PRED000533,R0023,2026-08-01T04:00:00,Medium,Medium,27.1,0.9,Monitor; prepare adaptive signal shift
PRED000534,R0023,2026-08-01T05:00:00,Medium,Medium,40.5,0.92,Monitor; prepare adaptive signal shift
PRED000535,R0023,2026-08-01T06:00:00,Medium,Medium,42.1,0.88,Monitor; prepare adaptive signal shift
PRED000536,R0023,2026-08-01T07:00:00,Medium,Medium,34.1,0.9,Monitor; prepare adaptive signal shift
PRED000537,R0023,2026-08-01T08:00:00,Medium,Medium,45.5,0.84,Monitor; prepare adaptive signal shift
PRED000538,R0023,2026-08-01T09:00:00,Medium,Medium,40.1,0.85,Monitor; prepare adaptive signal shift
PRED000539,R0023,2026-08-01T10:00:00,Medium,Medium,37.7,0.86,Monitor; prepare adaptive signal shift
PRED000540,R0023,2026-08-01T11:00:00,Medium,Medium,44.6,0.83,Monitor; prepare adaptive signal shift
PRED000541,R0023,2026-08-01T12:00:00,Medium,Medium,37.7,0.85,Monitor; prepare adaptive signal shift
PRED000542,R0023,2026-08-01T13:00:00,Medium,Medium,44.7,0.81,Monitor; prepare adaptive signal shift
PRED000543,R0023,2026-08-01T14:00:00,Medium,Medium,28.9,0.81,Monitor; prepare adaptive signal shift
PRED000544,R0023,2026-08-01T15:00:00,Medium,Medium,42.5,0.73,Monitor; prepare adaptive signal shift
PRED000545,R0023,2026-08-01T16:00:00,Medium,Medium,39.3,0.77,Monitor; prepare adaptive signal shift
PRED000546,R0023,2026-08-01T17:00:00,Medium,Medium,36.0,0.75,Monitor; prepare adaptive signal shift
PRED000547,R0023,2026-08-01T18:00:00,Medium,Medium,35.9,0.79,Monitor; prepare adaptive signal shift
PRED000548,R0023,2026-08-01T19:00:00,Medium,Medium,33.6,0.77,Monitor; prepare adaptive signal shift
PRED000549,R0023,2026-08-01T20:00:00,Medium,Medium,31.0,0.76,Monitor; prepare adaptive signal shift
PRED000550,R0023,2026-08-01T21:00:00,Medium,Medium,35.4,0.74,Monitor; prepare adaptive signal shift
PRED000551,R0023,2026-08-01T22:00:00,Medium,Medium,35.0,0.73,Monitor; prepare adaptive signal shift
PRED000552,R0023,2026-08-01T23:00:00,Medium,Low,19.2,0.68,Maintain current signal timing
PRED000553,R0024,2026-08-01T00:00:00,Medium,Medium,37.4,0.9,Monitor; prepare adaptive signal shift
PRED000554,R0024,2026-08-01T01:00:00,Medium,Medium,32.2,0.93,Monitor; prepare adaptive signal shift
PRED000555,R0024,2026-08-01T02:00:00,Medium,Medium,30.9,0.91,Monitor; prepare adaptive signal shift
PRED000556,R0024,2026-08-01T03:00:00,Medium,Medium,37.9,0.93,Monitor; prepare adaptive signal shift
PRED000557,R0024,2026-08-01T04:00:00,Medium,Medium,30.9,0.89,Monitor; prepare adaptive signal shift
PRED000558,R0024,2026-08-01T05:00:00,Medium,Medium,32.5,0.84,Monitor; prepare adaptive signal shift
PRED000559,R0024,2026-08-01T06:00:00,Medium,Medium,38.0,0.9,Monitor; prepare adaptive signal shift
PRED000560,R0024,2026-08-01T07:00:00,Medium,Medium,43.4,0.85,Monitor; prepare adaptive signal shift
PRED000561,R0024,2026-08-01T08:00:00,Medium,Medium,29.9,0.86,Monitor; prepare adaptive signal shift
PRED000562,R0024,2026-08-01T09:00:00,Medium,Medium,42.4,0.85,Monitor; prepare adaptive signal shift
PRED000563,R0024,2026-08-01T10:00:00,Medium,Medium,39.0,0.86,Monitor; prepare adaptive signal shift
PRED000564,R0024,2026-08-01T11:00:00,Medium,Medium,32.7,0.83,Monitor; prepare adaptive signal shift
PRED000565,R0024,2026-08-01T12:00:00,Medium,Medium,46.7,0.82,Monitor; prepare adaptive signal shift
PRED000566,R0024,2026-08-01T13:00:00,Medium,Medium,29.0,0.8,Monitor; prepare adaptive signal shift
PRED000567,R0024,2026-08-01T14:00:00,Medium,Medium,30.6,0.81,Monitor; prepare adaptive signal shift
PRED000568,R0024,2026-08-01T15:00:00,Medium,Medium,30.4,0.8,Monitor; prepare adaptive signal shift
PRED000569,R0024,2026-08-01T16:00:00,Medium,Medium,30.9,0.74,Monitor; prepare adaptive signal shift
PRED000570,R0024,2026-08-01T17:00:00,Medium,Medium,36.7,0.77,Monitor; prepare adaptive signal shift
PRED000571,R0024,2026-08-01T18:00:00,Medium,Medium,37.4,0.75,Monitor; prepare adaptive signal shift
PRED000572,R0024,2026-08-01T19:00:00,Medium,Medium,29.2,0.76,Monitor; prepare adaptive signal shift
PRED000573,R0024,2026-08-01T20:00:00,Medium,Medium,42.5,0.74,Monitor; prepare adaptive signal shift
PRED000574,R0024,2026-08-01T21:00:00,Medium,Medium,35.4,0.72,Monitor; prepare adaptive signal shift
PRED000575,R0024,2026-08-01T22:00:00,Medium,Low,23.2,0.74,Maintain current signal timing
PRED000576,R0024,2026-08-01T23:00:00,Medium,Medium,37.6,0.72,Monitor; prepare adaptive signal shift
PRED000577,R0025,2026-08-01T00:00:00,Medium,Medium,41.8,0.95,Monitor; prepare adaptive signal shift
PRED000578,R0025,2026-08-01T01:00:00,Medium,Medium,48.7,0.96,Monitor; prepare adaptive signal shift
PRED000579,R0025,2026-08-01T02:00:00,Medium,Medium,49.8,0.92,Monitor; prepare adaptive signal shift
PRED000580,R0025,2026-08-01T03:00:00,Medium,Medium,36.4,0.91,Monitor; prepare adaptive signal shift
PRED000581,R0025,2026-08-01T04:00:00,Medium,Medium,46.2,0.91,Monitor; prepare adaptive signal shift
PRED000582,R0025,2026-08-01T05:00:00,Medium,Medium,53.0,0.89,Monitor; prepare adaptive signal shift
PRED000583,R0025,2026-08-01T06:00:00,Medium,High,57.8,0.84,Activate adaptive signal + suggest alternate route
PRED000584,R0025,2026-08-01T07:00:00,Medium,Medium,47.8,0.85,Monitor; prepare adaptive signal shift
PRED000585,R0025,2026-08-01T08:00:00,Medium,Medium,33.9,0.86,Monitor; prepare adaptive signal shift
PRED000586,R0025,2026-08-01T09:00:00,Medium,Medium,36.6,0.85,Monitor; prepare adaptive signal shift
PRED000587,R0025,2026-08-01T10:00:00,Medium,Medium,45.5,0.86,Monitor; prepare adaptive signal shift
PRED000588,R0025,2026-08-01T11:00:00,Medium,Medium,36.1,0.85,Monitor; prepare adaptive signal shift
PRED000589,R0025,2026-08-01T12:00:00,Medium,Medium,45.5,0.84,Monitor; prepare adaptive signal shift
PRED000590,R0025,2026-08-01T13:00:00,Medium,Medium,42.0,0.78,Monitor; prepare adaptive signal shift
PRED000591,R0025,2026-08-01T14:00:00,Medium,Medium,36.9,0.77,Monitor; prepare adaptive signal shift
PRED000592,R0025,2026-08-01T15:00:00,Medium,Medium,46.6,0.82,Monitor; prepare adaptive signal shift
PRED000593,R0025,2026-08-01T16:00:00,Medium,Medium,39.9,0.79,Monitor; prepare adaptive signal shift
PRED000594,R0025,2026-08-01T17:00:00,Medium,Medium,33.7,0.77,Monitor; prepare adaptive signal shift
PRED000595,R0025,2026-08-01T18:00:00,Medium,Medium,46.3,0.73,Monitor; prepare adaptive signal shift
PRED000596,R0025,2026-08-01T19:00:00,Medium,Medium,40.6,0.76,Monitor; prepare adaptive signal shift
PRED000597,R0025,2026-08-01T20:00:00,Medium,Low,23.7,0.77,Maintain current signal timing
PRED000598,R0025,2026-08-01T21:00:00,Medium,Medium,43.0,0.74,Monitor; prepare adaptive signal shift
PRED000599,R0025,2026-08-01T22:00:00,Medium,Medium,38.0,0.69,Monitor; prepare adaptive signal shift
PRED000600,R0025,2026-08-01T23:00:00,Medium,Medium,43.3,0.71,Monitor; prepare adaptive signal shift
PRED000601,R0026,2026-08-01T00:00:00,Medium,Medium,40.7,0.96,Monitor; prepare adaptive signal shift
PRED000602,R0026,2026-08-01T01:00:00,Medium,Medium,45.6,0.97,Monitor; prepare adaptive signal shift
PRED000603,R0026,2026-08-01T02:00:00,Medium,Medium,42.4,0.91,Monitor; prepare adaptive signal shift
PRED000604,R0026,2026-08-01T03:00:00,Medium,Medium,40.7,0.92,Monitor; prepare adaptive signal shift
PRED000605,R0026,2026-08-01T04:00:00,Medium,Medium,48.3,0.87,Monitor; prepare adaptive signal shift
PRED000606,R0026,2026-08-01T05:00:00,Medium,Medium,42.6,0.92,Monitor; prepare adaptive signal shift
PRED000607,R0026,2026-08-01T06:00:00,Medium,Medium,41.3,0.9,Monitor; prepare adaptive signal shift
PRED000608,R0026,2026-08-01T07:00:00,Medium,Medium,45.9,0.89,Monitor; prepare adaptive signal shift
PRED000609,R0026,2026-08-01T08:00:00,Medium,Medium,38.1,0.84,Monitor; prepare adaptive signal shift
PRED000610,R0026,2026-08-01T09:00:00,Medium,Medium,43.1,0.82,Monitor; prepare adaptive signal shift
PRED000611,R0026,2026-08-01T10:00:00,Medium,Medium,41.3,0.85,Monitor; prepare adaptive signal shift
PRED000612,R0026,2026-08-01T11:00:00,Medium,Medium,53.4,0.84,Monitor; prepare adaptive signal shift
PRED000613,R0026,2026-08-01T12:00:00,Medium,Medium,46.2,0.84,Monitor; prepare adaptive signal shift
PRED000614,R0026,2026-08-01T13:00:00,Medium,Medium,36.4,0.81,Monitor; prepare adaptive signal shift
PRED000615,R0026,2026-08-01T14:00:00,Medium,High,56.3,0.8,Activate adaptive signal + suggest alternate route
PRED000616,R0026,2026-08-01T15:00:00,Medium,Medium,48.1,0.81,Monitor; prepare adaptive signal shift
PRED000617,R0026,2026-08-01T16:00:00,Medium,Medium,32.0,0.79,Monitor; prepare adaptive signal shift
PRED000618,R0026,2026-08-01T17:00:00,Medium,Medium,41.3,0.78,Monitor; prepare adaptive signal shift
PRED000619,R0026,2026-08-01T18:00:00,Medium,Medium,35.4,0.74,Monitor; prepare adaptive signal shift
PRED000620,R0026,2026-08-01T19:00:00,Medium,Medium,36.6,0.75,Monitor; prepare adaptive signal shift
PRED000621,R0026,2026-08-01T20:00:00,Medium,Medium,46.1,0.78,Monitor; prepare adaptive signal shift
PRED000622,R0026,2026-08-01T21:00:00,Medium,Medium,46.9,0.75,Monitor; prepare adaptive signal shift
PRED000623,R0026,2026-08-01T22:00:00,Medium,Medium,32.1,0.71,Monitor; prepare adaptive signal shift
PRED000624,R0026,2026-08-01T23:00:00,Medium,Medium,39.0,0.7,Monitor; prepare adaptive signal shift
PRED000625,R0027,2026-08-01T00:00:00,Medium,Medium,38.3,0.95,Monitor; prepare adaptive signal shift
PRED000626,R0027,2026-08-01T01:00:00,Medium,Medium,38.5,0.95,Monitor; prepare adaptive signal shift
PRED000627,R0027,2026-08-01T02:00:00,Medium,Medium,30.3,0.94,Monitor; prepare adaptive signal shift
PRED000628,R0027,2026-08-01T03:00:00,Medium,Medium,32.0,0.89,Monitor; prepare adaptive signal shift
PRED000629,R0027,2026-08-01T04:00:00,Medium,Medium,39.7,0.92,Monitor; prepare adaptive signal shift
PRED000630,R0027,2026-08-01T05:00:00,Medium,Medium,39.8,0.89,Monitor; prepare adaptive signal shift
PRED000631,R0027,2026-08-01T06:00:00,Medium,Medium,38.9,0.88,Monitor; prepare adaptive signal shift
PRED000632,R0027,2026-08-01T07:00:00,Medium,Medium,30.5,0.85,Monitor; prepare adaptive signal shift
PRED000633,R0027,2026-08-01T08:00:00,Medium,Medium,36.8,0.86,Monitor; prepare adaptive signal shift
PRED000634,R0027,2026-08-01T09:00:00,Medium,Medium,37.4,0.86,Monitor; prepare adaptive signal shift
PRED000635,R0027,2026-08-01T10:00:00,Medium,Medium,35.9,0.85,Monitor; prepare adaptive signal shift
PRED000636,R0027,2026-08-01T11:00:00,Medium,Medium,36.2,0.87,Monitor; prepare adaptive signal shift
PRED000637,R0027,2026-08-01T12:00:00,Medium,Medium,37.3,0.87,Monitor; prepare adaptive signal shift
PRED000638,R0027,2026-08-01T13:00:00,Medium,Medium,38.6,0.81,Monitor; prepare adaptive signal shift
PRED000639,R0027,2026-08-01T14:00:00,Medium,Medium,30.7,0.77,Monitor; prepare adaptive signal shift
PRED000640,R0027,2026-08-01T15:00:00,Medium,Medium,29.7,0.77,Monitor; prepare adaptive signal shift
PRED000641,R0027,2026-08-01T16:00:00,Medium,Medium,37.6,0.77,Monitor; prepare adaptive signal shift
PRED000642,R0027,2026-08-01T17:00:00,Medium,Medium,35.8,0.8,Monitor; prepare adaptive signal shift
PRED000643,R0027,2026-08-01T18:00:00,Medium,Medium,33.7,0.8,Monitor; prepare adaptive signal shift
PRED000644,R0027,2026-08-01T19:00:00,Medium,Medium,26.7,0.75,Monitor; prepare adaptive signal shift
PRED000645,R0027,2026-08-01T20:00:00,Medium,Medium,30.0,0.76,Monitor; prepare adaptive signal shift
PRED000646,R0027,2026-08-01T21:00:00,Medium,Low,19.4,0.7,Maintain current signal timing
PRED000647,R0027,2026-08-01T22:00:00,Medium,Medium,31.7,0.75,Monitor; prepare adaptive signal shift
PRED000648,R0027,2026-08-01T23:00:00,Medium,Medium,33.4,0.68,Monitor; prepare adaptive signal shift
PRED000649,R0028,2026-08-01T00:00:00,Medium,Medium,32.5,0.97,Monitor; prepare adaptive signal shift
PRED000650,R0028,2026-08-01T01:00:00,Medium,Medium,36.5,0.91,Monitor; prepare adaptive signal shift
PRED000651,R0028,2026-08-01T02:00:00,Medium,Medium,49.5,0.94,Monitor; prepare adaptive signal shift
PRED000652,R0028,2026-08-01T03:00:00,Medium,Medium,48.7,0.89,Monitor; prepare adaptive signal shift
PRED000653,R0028,2026-08-01T04:00:00,Medium,Medium,32.3,0.9,Monitor; prepare adaptive signal shift
PRED000654,R0028,2026-08-01T05:00:00,Medium,Medium,43.7,0.9,Monitor; prepare adaptive signal shift
PRED000655,R0028,2026-08-01T06:00:00,Medium,Medium,50.8,0.85,Monitor; prepare adaptive signal shift
PRED000656,R0028,2026-08-01T07:00:00,Medium,Medium,47.3,0.85,Monitor; prepare adaptive signal shift
PRED000657,R0028,2026-08-01T08:00:00,Medium,Medium,47.3,0.85,Monitor; prepare adaptive signal shift
PRED000658,R0028,2026-08-01T09:00:00,Medium,Medium,37.3,0.84,Monitor; prepare adaptive signal shift
PRED000659,R0028,2026-08-01T10:00:00,Medium,Medium,33.4,0.84,Monitor; prepare adaptive signal shift
PRED000660,R0028,2026-08-01T11:00:00,Medium,Medium,37.3,0.85,Monitor; prepare adaptive signal shift
PRED000661,R0028,2026-08-01T12:00:00,Medium,Medium,45.5,0.85,Monitor; prepare adaptive signal shift
PRED000662,R0028,2026-08-01T13:00:00,Medium,Medium,43.6,0.82,Monitor; prepare adaptive signal shift
PRED000663,R0028,2026-08-01T14:00:00,Medium,Medium,49.4,0.79,Monitor; prepare adaptive signal shift
PRED000664,R0028,2026-08-01T15:00:00,Medium,Medium,31.6,0.79,Monitor; prepare adaptive signal shift
PRED000665,R0028,2026-08-01T16:00:00,Medium,Medium,31.6,0.83,Monitor; prepare adaptive signal shift
PRED000666,R0028,2026-08-01T17:00:00,Medium,Medium,48.4,0.81,Monitor; prepare adaptive signal shift
PRED000667,R0028,2026-08-01T18:00:00,Medium,Medium,39.5,0.77,Monitor; prepare adaptive signal shift
PRED000668,R0028,2026-08-01T19:00:00,Medium,Medium,35.9,0.77,Monitor; prepare adaptive signal shift
PRED000669,R0028,2026-08-01T20:00:00,Medium,Medium,30.9,0.69,Monitor; prepare adaptive signal shift
PRED000670,R0028,2026-08-01T21:00:00,Medium,Medium,33.0,0.7,Monitor; prepare adaptive signal shift
PRED000671,R0028,2026-08-01T22:00:00,Medium,Medium,46.2,0.76,Monitor; prepare adaptive signal shift
PRED000672,R0028,2026-08-01T23:00:00,Medium,Medium,28.5,0.74,Monitor; prepare adaptive signal shift
PRED000673,R0029,2026-08-01T00:00:00,Medium,Medium,47.0,0.91,Monitor; prepare adaptive signal shift
PRED000674,R0029,2026-08-01T01:00:00,Medium,Medium,39.4,0.92,Monitor; prepare adaptive signal shift
PRED000675,R0029,2026-08-01T02:00:00,Medium,Medium,46.7,0.9,Monitor; prepare adaptive signal shift
PRED000676,R0029,2026-08-01T03:00:00,Medium,Medium,42.1,0.9,Monitor; prepare adaptive signal shift
PRED000677,R0029,2026-08-01T04:00:00,Medium,Medium,45.9,0.9,Monitor; prepare adaptive signal shift
PRED000678,R0029,2026-08-01T05:00:00,Medium,Medium,40.1,0.89,Monitor; prepare adaptive signal shift
PRED000679,R0029,2026-08-01T06:00:00,Medium,High,55.8,0.87,Activate adaptive signal + suggest alternate route
PRED000680,R0029,2026-08-01T07:00:00,Medium,Medium,37.5,0.88,Monitor; prepare adaptive signal shift
PRED000681,R0029,2026-08-01T08:00:00,Medium,Medium,42.9,0.83,Monitor; prepare adaptive signal shift
PRED000682,R0029,2026-08-01T09:00:00,Medium,High,57.2,0.84,Activate adaptive signal + suggest alternate route
PRED000683,R0029,2026-08-01T10:00:00,Medium,Medium,41.4,0.84,Monitor; prepare adaptive signal shift
PRED000684,R0029,2026-08-01T11:00:00,Medium,Medium,53.9,0.8,Monitor; prepare adaptive signal shift
PRED000685,R0029,2026-08-01T12:00:00,Medium,Medium,44.9,0.86,Monitor; prepare adaptive signal shift
PRED000686,R0029,2026-08-01T13:00:00,Medium,Medium,43.7,0.79,Monitor; prepare adaptive signal shift
PRED000687,R0029,2026-08-01T14:00:00,Medium,Medium,38.9,0.8,Monitor; prepare adaptive signal shift
PRED000688,R0029,2026-08-01T15:00:00,Medium,Medium,50.2,0.78,Monitor; prepare adaptive signal shift
PRED000689,R0029,2026-08-01T16:00:00,Medium,Medium,46.7,0.75,Monitor; prepare adaptive signal shift
PRED000690,R0029,2026-08-01T17:00:00,Medium,Medium,32.6,0.76,Monitor; prepare adaptive signal shift
PRED000691,R0029,2026-08-01T18:00:00,Medium,Medium,49.4,0.76,Monitor; prepare adaptive signal shift
PRED000692,R0029,2026-08-01T19:00:00,Medium,Medium,42.0,0.76,Monitor; prepare adaptive signal shift
PRED000693,R0029,2026-08-01T20:00:00,Medium,Medium,46.4,0.73,Monitor; prepare adaptive signal shift
PRED000694,R0029,2026-08-01T21:00:00,Medium,Medium,43.4,0.71,Monitor; prepare adaptive signal shift
PRED000695,R0029,2026-08-01T22:00:00,Medium,Medium,50.8,0.7,Monitor; prepare adaptive signal shift
PRED000696,R0029,2026-08-01T23:00:00,Medium,Medium,33.2,0.72,Monitor; prepare adaptive signal shift
PRED000697,R0030,2026-08-01T00:00:00,Medium,Medium,36.1,0.95,Monitor; prepare adaptive signal shift
PRED000698,R0030,2026-08-01T01:00:00,Medium,Medium,37.4,0.91,Monitor; prepare adaptive signal shift
PRED000699,R0030,2026-08-01T02:00:00,Medium,Medium,46.2,0.94,Monitor; prepare adaptive signal shift
PRED000700,R0030,2026-08-01T03:00:00,Medium,Medium,45.1,0.9,Monitor; prepare adaptive signal shift
PRED000701,R0030,2026-08-01T04:00:00,Medium,Medium,39.8,0.9,Monitor; prepare adaptive signal shift
PRED000702,R0030,2026-08-01T05:00:00,Medium,Medium,44.4,0.91,Monitor; prepare adaptive signal shift
PRED000703,R0030,2026-08-01T06:00:00,Medium,Medium,39.0,0.85,Monitor; prepare adaptive signal shift
PRED000704,R0030,2026-08-01T07:00:00,Medium,Medium,48.7,0.88,Monitor; prepare adaptive signal shift
PRED000705,R0030,2026-08-01T08:00:00,Medium,Medium,34.4,0.87,Monitor; prepare adaptive signal shift
PRED000706,R0030,2026-08-01T09:00:00,Medium,Medium,29.0,0.87,Monitor; prepare adaptive signal shift
PRED000707,R0030,2026-08-01T10:00:00,Medium,Medium,29.2,0.84,Monitor; prepare adaptive signal shift
PRED000708,R0030,2026-08-01T11:00:00,Medium,Medium,39.3,0.85,Monitor; prepare adaptive signal shift
PRED000709,R0030,2026-08-01T12:00:00,Medium,Medium,38.2,0.83,Monitor; prepare adaptive signal shift
PRED000710,R0030,2026-08-01T13:00:00,Medium,Medium,37.1,0.81,Monitor; prepare adaptive signal shift
PRED000711,R0030,2026-08-01T14:00:00,Medium,Medium,37.4,0.8,Monitor; prepare adaptive signal shift
PRED000712,R0030,2026-08-01T15:00:00,Medium,Medium,26.4,0.77,Monitor; prepare adaptive signal shift
PRED000713,R0030,2026-08-01T16:00:00,Medium,Medium,37.5,0.78,Monitor; prepare adaptive signal shift
PRED000714,R0030,2026-08-01T17:00:00,Medium,Medium,34.6,0.76,Monitor; prepare adaptive signal shift
PRED000715,R0030,2026-08-01T18:00:00,Medium,Medium,29.8,0.75,Monitor; prepare adaptive signal shift
PRED000716,R0030,2026-08-01T19:00:00,Medium,Medium,32.7,0.75,Monitor; prepare adaptive signal shift
PRED000717,R0030,2026-08-01T20:00:00,Medium,Medium,36.4,0.74,Monitor; prepare adaptive signal shift
PRED000718,R0030,2026-08-01T21:00:00,Medium,Medium,27.4,0.7,Monitor; prepare adaptive signal shift
PRED000719,R0030,2026-08-01T22:00:00,Medium,Medium,48.8,0.7,Monitor; prepare adaptive signal shift
PRED000720,R0030,2026-08-01T23:00:00,Medium,Medium,29.7,0.72,Monitor; prepare adaptive signal shift
PRED000721,R0031,2026-08-01T00:00:00,Medium,Medium,44.4,0.95,Monitor; prepare adaptive signal shift
PRED000722,R0031,2026-08-01T01:00:00,Medium,Medium,40.0,0.93,Monitor; prepare adaptive signal shift
PRED000723,R0031,2026-08-01T02:00:00,Medium,Medium,43.5,0.91,Monitor; prepare adaptive signal shift
PRED000724,R0031,2026-08-01T03:00:00,Medium,Medium,45.0,0.93,Monitor; prepare adaptive signal shift
PRED000725,R0031,2026-08-01T04:00:00,Medium,Medium,43.8,0.9,Monitor; prepare adaptive signal shift
PRED000726,R0031,2026-08-01T05:00:00,Medium,Medium,50.6,0.91,Monitor; prepare adaptive signal shift
PRED000727,R0031,2026-08-01T06:00:00,Medium,Medium,54.0,0.84,Monitor; prepare adaptive signal shift
PRED000728,R0031,2026-08-01T07:00:00,Medium,Medium,50.0,0.88,Monitor; prepare adaptive signal shift
PRED000729,R0031,2026-08-01T08:00:00,Medium,Medium,39.4,0.87,Monitor; prepare adaptive signal shift
PRED000730,R0031,2026-08-01T09:00:00,Medium,Medium,51.0,0.83,Monitor; prepare adaptive signal shift
PRED000731,R0031,2026-08-01T10:00:00,Medium,Medium,47.3,0.86,Monitor; prepare adaptive signal shift
PRED000732,R0031,2026-08-01T11:00:00,Medium,Medium,38.0,0.83,Monitor; prepare adaptive signal shift
PRED000733,R0031,2026-08-01T12:00:00,Medium,Medium,46.0,0.8,Monitor; prepare adaptive signal shift
PRED000734,R0031,2026-08-01T13:00:00,Medium,Medium,38.6,0.81,Monitor; prepare adaptive signal shift
PRED000735,R0031,2026-08-01T14:00:00,Medium,Medium,48.3,0.81,Monitor; prepare adaptive signal shift
PRED000736,R0031,2026-08-01T15:00:00,Medium,Medium,37.9,0.8,Monitor; prepare adaptive signal shift
PRED000737,R0031,2026-08-01T16:00:00,Medium,Medium,37.6,0.75,Monitor; prepare adaptive signal shift
PRED000738,R0031,2026-08-01T17:00:00,Medium,Medium,39.9,0.79,Monitor; prepare adaptive signal shift
PRED000739,R0031,2026-08-01T18:00:00,Medium,Medium,45.6,0.76,Monitor; prepare adaptive signal shift
PRED000740,R0031,2026-08-01T19:00:00,Medium,Medium,38.6,0.74,Monitor; prepare adaptive signal shift
PRED000741,R0031,2026-08-01T20:00:00,Medium,Medium,41.3,0.72,Monitor; prepare adaptive signal shift
PRED000742,R0031,2026-08-01T21:00:00,Medium,Medium,38.1,0.73,Monitor; prepare adaptive signal shift
PRED000743,R0031,2026-08-01T22:00:00,Medium,Medium,31.7,0.7,Monitor; prepare adaptive signal shift
PRED000744,R0031,2026-08-01T23:00:00,Medium,Medium,41.9,0.71,Monitor; prepare adaptive signal shift
PRED000745,R0032,2026-08-01T00:00:00,Medium,Medium,36.5,0.92,Monitor; prepare adaptive signal shift
PRED000746,R0032,2026-08-01T01:00:00,Medium,Medium,48.3,0.91,Monitor; prepare adaptive signal shift
PRED000747,R0032,2026-08-01T02:00:00,Medium,Medium,40.8,0.91,Monitor; prepare adaptive signal shift
PRED000748,R0032,2026-08-01T03:00:00,Medium,Medium,40.0,0.92,Monitor; prepare adaptive signal shift
PRED000749,R0032,2026-08-01T04:00:00,Medium,Medium,31.9,0.9,Monitor; prepare adaptive signal shift
PRED000750,R0032,2026-08-01T05:00:00,Medium,Medium,47.6,0.93,Monitor; prepare adaptive signal shift
PRED000751,R0032,2026-08-01T06:00:00,Medium,Medium,39.9,0.88,Monitor; prepare adaptive signal shift
PRED000752,R0032,2026-08-01T07:00:00,Medium,Medium,54.1,0.89,Monitor; prepare adaptive signal shift
PRED000753,R0032,2026-08-01T08:00:00,Medium,Medium,37.2,0.85,Monitor; prepare adaptive signal shift
PRED000754,R0032,2026-08-01T09:00:00,Medium,Medium,46.6,0.83,Monitor; prepare adaptive signal shift
PRED000755,R0032,2026-08-01T10:00:00,Medium,Medium,47.3,0.85,Monitor; prepare adaptive signal shift
PRED000756,R0032,2026-08-01T11:00:00,Medium,Medium,43.7,0.82,Monitor; prepare adaptive signal shift
PRED000757,R0032,2026-08-01T12:00:00,Medium,Medium,36.6,0.85,Monitor; prepare adaptive signal shift
PRED000758,R0032,2026-08-01T13:00:00,Medium,Medium,38.6,0.8,Monitor; prepare adaptive signal shift
PRED000759,R0032,2026-08-01T14:00:00,Medium,Medium,39.2,0.8,Monitor; prepare adaptive signal shift
PRED000760,R0032,2026-08-01T15:00:00,Medium,Medium,33.1,0.78,Monitor; prepare adaptive signal shift
PRED000761,R0032,2026-08-01T16:00:00,Medium,Medium,35.1,0.8,Monitor; prepare adaptive signal shift
PRED000762,R0032,2026-08-01T17:00:00,Medium,Medium,33.0,0.73,Monitor; prepare adaptive signal shift
PRED000763,R0032,2026-08-01T18:00:00,Medium,Medium,26.0,0.73,Monitor; prepare adaptive signal shift
PRED000764,R0032,2026-08-01T19:00:00,Medium,Medium,45.5,0.75,Monitor; prepare adaptive signal shift
PRED000765,R0032,2026-08-01T20:00:00,Medium,Medium,39.9,0.75,Monitor; prepare adaptive signal shift
PRED000766,R0032,2026-08-01T21:00:00,Medium,Medium,36.7,0.73,Monitor; prepare adaptive signal shift
PRED000767,R0032,2026-08-01T22:00:00,Medium,Medium,42.3,0.72,Monitor; prepare adaptive signal shift
PRED000768,R0032,2026-08-01T23:00:00,Medium,Medium,44.0,0.72,Monitor; prepare adaptive signal shift
PRED000769,R0033,2026-08-01T00:00:00,Medium,Medium,33.8,0.93,Monitor; prepare adaptive signal shift
PRED000770,R0033,2026-08-01T01:00:00,Medium,Medium,33.6,0.95,Monitor; prepare adaptive signal shift
PRED000771,R0033,2026-08-01T02:00:00,Medium,Medium,36.0,0.9,Monitor; prepare adaptive signal shift
PRED000772,R0033,2026-08-01T03:00:00,Medium,Medium,40.8,0.91,Monitor; prepare adaptive signal shift
PRED000773,R0033,2026-08-01T04:00:00,Medium,Medium,41.0,0.94,Monitor; prepare adaptive signal shift
PRED000774,R0033,2026-08-01T05:00:00,Medium,Medium,45.0,0.89,Monitor; prepare adaptive signal shift
PRED000775,R0033,2026-08-01T06:00:00,Medium,Medium,31.3,0.87,Monitor; prepare adaptive signal shift
PRED000776,R0033,2026-08-01T07:00:00,Medium,Medium,44.2,0.85,Monitor; prepare adaptive signal shift
PRED000777,R0033,2026-08-01T08:00:00,Medium,Medium,52.8,0.86,Monitor; prepare adaptive signal shift
PRED000778,R0033,2026-08-01T09:00:00,Medium,Medium,40.3,0.84,Monitor; prepare adaptive signal shift
PRED000779,R0033,2026-08-01T10:00:00,Medium,Medium,42.9,0.82,Monitor; prepare adaptive signal shift
PRED000780,R0033,2026-08-01T11:00:00,Medium,Medium,52.7,0.86,Monitor; prepare adaptive signal shift
PRED000781,R0033,2026-08-01T12:00:00,Medium,Medium,45.4,0.79,Monitor; prepare adaptive signal shift
PRED000782,R0033,2026-08-01T13:00:00,Medium,Medium,40.4,0.83,Monitor; prepare adaptive signal shift
PRED000783,R0033,2026-08-01T14:00:00,Medium,Medium,42.4,0.78,Monitor; prepare adaptive signal shift
PRED000784,R0033,2026-08-01T15:00:00,Medium,Medium,34.5,0.78,Monitor; prepare adaptive signal shift
PRED000785,R0033,2026-08-01T16:00:00,Medium,Medium,34.3,0.81,Monitor; prepare adaptive signal shift
PRED000786,R0033,2026-08-01T17:00:00,Medium,Medium,25.9,0.78,Monitor; prepare adaptive signal shift
PRED000787,R0033,2026-08-01T18:00:00,Medium,Medium,29.2,0.74,Monitor; prepare adaptive signal shift
PRED000788,R0033,2026-08-01T19:00:00,Medium,Low,24.4,0.74,Maintain current signal timing
PRED000789,R0033,2026-08-01T20:00:00,Medium,Medium,45.0,0.75,Monitor; prepare adaptive signal shift
PRED000790,R0033,2026-08-01T21:00:00,Medium,Medium,28.3,0.75,Monitor; prepare adaptive signal shift
PRED000791,R0033,2026-08-01T22:00:00,Medium,Medium,42.5,0.72,Monitor; prepare adaptive signal shift
PRED000792,R0033,2026-08-01T23:00:00,Medium,Medium,46.9,0.73,Monitor; prepare adaptive signal shift
PRED000793,R0034,2026-08-01T00:00:00,Medium,Medium,44.4,0.92,Monitor; prepare adaptive signal shift
PRED000794,R0034,2026-08-01T01:00:00,Medium,Medium,44.5,0.93,Monitor; prepare adaptive signal shift
PRED000795,R0034,2026-08-01T02:00:00,Medium,Medium,44.4,0.91,Monitor; prepare adaptive signal shift
PRED000796,R0034,2026-08-01T03:00:00,Medium,Medium,42.4,0.89,Monitor; prepare adaptive signal shift
PRED000797,R0034,2026-08-01T04:00:00,Medium,Medium,29.1,0.92,Monitor; prepare adaptive signal shift
PRED000798,R0034,2026-08-01T05:00:00,Medium,Medium,33.3,0.89,Monitor; prepare adaptive signal shift
PRED000799,R0034,2026-08-01T06:00:00,Medium,Medium,44.6,0.89,Monitor; prepare adaptive signal shift
PRED000800,R0034,2026-08-01T07:00:00,Medium,Medium,41.0,0.88,Monitor; prepare adaptive signal shift
PRED000801,R0034,2026-08-01T08:00:00,Medium,Medium,45.6,0.87,Monitor; prepare adaptive signal shift
PRED000802,R0034,2026-08-01T09:00:00,Medium,Medium,53.2,0.85,Monitor; prepare adaptive signal shift
PRED000803,R0034,2026-08-01T10:00:00,Medium,Medium,43.1,0.82,Monitor; prepare adaptive signal shift
PRED000804,R0034,2026-08-01T11:00:00,Medium,Medium,45.1,0.84,Monitor; prepare adaptive signal shift
PRED000805,R0034,2026-08-01T12:00:00,Medium,Medium,41.1,0.83,Monitor; prepare adaptive signal shift
PRED000806,R0034,2026-08-01T13:00:00,Medium,Medium,40.2,0.82,Monitor; prepare adaptive signal shift
PRED000807,R0034,2026-08-01T14:00:00,Medium,Medium,47.1,0.82,Monitor; prepare adaptive signal shift
PRED000808,R0034,2026-08-01T15:00:00,Medium,Medium,41.9,0.77,Monitor; prepare adaptive signal shift
PRED000809,R0034,2026-08-01T16:00:00,Medium,Medium,37.0,0.79,Monitor; prepare adaptive signal shift
PRED000810,R0034,2026-08-01T17:00:00,Medium,Medium,54.9,0.76,Monitor; prepare adaptive signal shift
PRED000811,R0034,2026-08-01T18:00:00,Medium,Medium,42.5,0.75,Monitor; prepare adaptive signal shift
PRED000812,R0034,2026-08-01T19:00:00,Medium,Medium,33.4,0.74,Monitor; prepare adaptive signal shift
PRED000813,R0034,2026-08-01T20:00:00,Medium,Medium,26.3,0.77,Monitor; prepare adaptive signal shift
PRED000814,R0034,2026-08-01T21:00:00,Medium,Low,24.9,0.72,Maintain current signal timing
PRED000815,R0034,2026-08-01T22:00:00,Medium,Medium,30.8,0.7,Monitor; prepare adaptive signal shift
PRED000816,R0034,2026-08-01T23:00:00,Medium,Medium,45.8,0.71,Monitor; prepare adaptive signal shift
PRED000817,R0035,2026-08-01T00:00:00,Medium,Medium,36.6,0.93,Monitor; prepare adaptive signal shift
PRED000818,R0035,2026-08-01T01:00:00,Medium,Medium,38.3,0.93,Monitor; prepare adaptive signal shift
PRED000819,R0035,2026-08-01T02:00:00,Medium,Medium,44.4,0.96,Monitor; prepare adaptive signal shift
PRED000820,R0035,2026-08-01T03:00:00,Medium,Medium,32.3,0.91,Monitor; prepare adaptive signal shift
PRED000821,R0035,2026-08-01T04:00:00,Medium,Medium,42.2,0.92,Monitor; prepare adaptive signal shift
PRED000822,R0035,2026-08-01T05:00:00,Medium,Medium,46.6,0.9,Monitor; prepare adaptive signal shift
PRED000823,R0035,2026-08-01T06:00:00,Medium,Medium,46.7,0.86,Monitor; prepare adaptive signal shift
PRED000824,R0035,2026-08-01T07:00:00,Medium,Medium,52.1,0.89,Monitor; prepare adaptive signal shift
PRED000825,R0035,2026-08-01T08:00:00,Medium,Medium,50.4,0.89,Monitor; prepare adaptive signal shift
PRED000826,R0035,2026-08-01T09:00:00,Medium,Medium,47.4,0.88,Monitor; prepare adaptive signal shift
PRED000827,R0035,2026-08-01T10:00:00,Medium,Medium,47.1,0.84,Monitor; prepare adaptive signal shift
PRED000828,R0035,2026-08-01T11:00:00,Medium,Medium,44.6,0.83,Monitor; prepare adaptive signal shift
PRED000829,R0035,2026-08-01T12:00:00,Medium,Medium,41.3,0.85,Monitor; prepare adaptive signal shift
PRED000830,R0035,2026-08-01T13:00:00,Medium,Medium,45.8,0.81,Monitor; prepare adaptive signal shift
PRED000831,R0035,2026-08-01T14:00:00,Medium,Medium,46.0,0.86,Monitor; prepare adaptive signal shift
PRED000832,R0035,2026-08-01T15:00:00,Medium,Medium,36.5,0.77,Monitor; prepare adaptive signal shift
PRED000833,R0035,2026-08-01T16:00:00,Medium,Medium,34.5,0.78,Monitor; prepare adaptive signal shift
PRED000834,R0035,2026-08-01T17:00:00,Medium,Medium,43.8,0.76,Monitor; prepare adaptive signal shift
PRED000835,R0035,2026-08-01T18:00:00,Medium,Medium,38.6,0.76,Monitor; prepare adaptive signal shift
PRED000836,R0035,2026-08-01T19:00:00,Medium,Medium,38.3,0.76,Monitor; prepare adaptive signal shift
PRED000837,R0035,2026-08-01T20:00:00,Medium,Medium,47.5,0.75,Monitor; prepare adaptive signal shift
PRED000838,R0035,2026-08-01T21:00:00,Medium,Medium,45.7,0.75,Monitor; prepare adaptive signal shift
PRED000839,R0035,2026-08-01T22:00:00,Medium,Medium,41.7,0.72,Monitor; prepare adaptive signal shift
PRED000840,R0035,2026-08-01T23:00:00,Medium,Medium,35.0,0.7,Monitor; prepare adaptive signal shift
PRED000841,R0036,2026-08-01T00:00:00,Medium,Medium,35.2,0.95,Monitor; prepare adaptive signal shift
PRED000842,R0036,2026-08-01T01:00:00,Medium,Medium,40.9,0.94,Monitor; prepare adaptive signal shift
PRED000843,R0036,2026-08-01T02:00:00,Medium,Medium,32.3,0.95,Monitor; prepare adaptive signal shift
PRED000844,R0036,2026-08-01T03:00:00,Medium,Medium,37.1,0.89,Monitor; prepare adaptive signal shift
PRED000845,R0036,2026-08-01T04:00:00,Medium,Medium,37.4,0.95,Monitor; prepare adaptive signal shift
PRED000846,R0036,2026-08-01T05:00:00,Medium,Medium,38.0,0.88,Monitor; prepare adaptive signal shift
PRED000847,R0036,2026-08-01T06:00:00,Medium,Medium,39.4,0.88,Monitor; prepare adaptive signal shift
PRED000848,R0036,2026-08-01T07:00:00,Medium,Medium,36.0,0.87,Monitor; prepare adaptive signal shift
PRED000849,R0036,2026-08-01T08:00:00,Medium,Medium,47.2,0.87,Monitor; prepare adaptive signal shift
PRED000850,R0036,2026-08-01T09:00:00,Medium,Medium,34.1,0.84,Monitor; prepare adaptive signal shift
PRED000851,R0036,2026-08-01T10:00:00,Medium,Medium,37.4,0.84,Monitor; prepare adaptive signal shift
PRED000852,R0036,2026-08-01T11:00:00,Medium,Medium,48.5,0.83,Monitor; prepare adaptive signal shift
PRED000853,R0036,2026-08-01T12:00:00,Medium,Medium,39.8,0.86,Monitor; prepare adaptive signal shift
PRED000854,R0036,2026-08-01T13:00:00,Medium,Medium,45.2,0.82,Monitor; prepare adaptive signal shift
PRED000855,R0036,2026-08-01T14:00:00,Medium,Medium,51.3,0.81,Monitor; prepare adaptive signal shift
PRED000856,R0036,2026-08-01T15:00:00,Medium,Medium,27.3,0.81,Monitor; prepare adaptive signal shift
PRED000857,R0036,2026-08-01T16:00:00,Medium,Medium,29.2,0.79,Monitor; prepare adaptive signal shift
PRED000858,R0036,2026-08-01T17:00:00,Medium,Medium,27.9,0.76,Monitor; prepare adaptive signal shift
PRED000859,R0036,2026-08-01T18:00:00,Medium,Medium,35.5,0.74,Monitor; prepare adaptive signal shift
PRED000860,R0036,2026-08-01T19:00:00,Medium,Medium,35.1,0.77,Monitor; prepare adaptive signal shift
PRED000861,R0036,2026-08-01T20:00:00,Medium,Medium,32.5,0.75,Monitor; prepare adaptive signal shift
PRED000862,R0036,2026-08-01T21:00:00,Medium,Medium,30.5,0.73,Monitor; prepare adaptive signal shift
PRED000863,R0036,2026-08-01T22:00:00,Medium,Medium,37.8,0.7,Monitor; prepare adaptive signal shift
PRED000864,R0036,2026-08-01T23:00:00,Medium,Medium,27.7,0.72,Monitor; prepare adaptive signal shift
PRED000865,R0037,2026-08-01T00:00:00,Medium,Medium,39.8,0.94,Monitor; prepare adaptive signal shift
PRED000866,R0037,2026-08-01T01:00:00,Medium,Medium,30.8,0.93,Monitor; prepare adaptive signal shift
PRED000867,R0037,2026-08-01T02:00:00,Medium,Medium,34.4,0.92,Monitor; prepare adaptive signal shift
PRED000868,R0037,2026-08-01T03:00:00,Medium,Low,19.3,0.89,Maintain current signal timing
PRED000869,R0037,2026-08-01T04:00:00,Medium,Medium,29.7,0.9,Monitor; prepare adaptive signal shift
PRED000870,R0037,2026-08-01T05:00:00,Medium,Medium,36.2,0.9,Monitor; prepare adaptive signal shift
PRED000871,R0037,2026-08-01T06:00:00,Medium,Medium,36.9,0.85,Monitor; prepare adaptive signal shift
PRED000872,R0037,2026-08-01T07:00:00,Medium,Medium,44.2,0.9,Monitor; prepare adaptive signal shift
PRED000873,R0037,2026-08-01T08:00:00,Medium,Medium,28.0,0.87,Monitor; prepare adaptive signal shift
PRED000874,R0037,2026-08-01T09:00:00,Medium,Medium,32.0,0.85,Monitor; prepare adaptive signal shift
PRED000875,R0037,2026-08-01T10:00:00,Medium,Medium,41.8,0.88,Monitor; prepare adaptive signal shift
PRED000876,R0037,2026-08-01T11:00:00,Medium,Medium,39.8,0.84,Monitor; prepare adaptive signal shift
PRED000877,R0037,2026-08-01T12:00:00,Medium,Medium,33.0,0.82,Monitor; prepare adaptive signal shift
PRED000878,R0037,2026-08-01T13:00:00,Medium,Medium,42.9,0.81,Monitor; prepare adaptive signal shift
PRED000879,R0037,2026-08-01T14:00:00,Medium,Medium,29.1,0.77,Monitor; prepare adaptive signal shift
PRED000880,R0037,2026-08-01T15:00:00,Medium,Medium,37.1,0.79,Monitor; prepare adaptive signal shift
PRED000881,R0037,2026-08-01T16:00:00,Medium,Medium,29.6,0.8,Monitor; prepare adaptive signal shift
PRED000882,R0037,2026-08-01T17:00:00,Medium,Medium,30.5,0.77,Monitor; prepare adaptive signal shift
PRED000883,R0037,2026-08-01T18:00:00,Medium,Medium,32.4,0.75,Monitor; prepare adaptive signal shift
PRED000884,R0037,2026-08-01T19:00:00,Medium,Medium,33.4,0.77,Monitor; prepare adaptive signal shift
PRED000885,R0037,2026-08-01T20:00:00,Medium,Low,24.7,0.75,Maintain current signal timing
PRED000886,R0037,2026-08-01T21:00:00,Medium,Medium,32.1,0.73,Monitor; prepare adaptive signal shift
PRED000887,R0037,2026-08-01T22:00:00,Medium,Medium,35.9,0.72,Monitor; prepare adaptive signal shift
PRED000888,R0037,2026-08-01T23:00:00,Medium,Medium,33.2,0.72,Monitor; prepare adaptive signal shift
PRED000889,R0038,2026-08-01T00:00:00,Medium,Medium,33.3,0.95,Monitor; prepare adaptive signal shift
PRED000890,R0038,2026-08-01T01:00:00,Medium,Medium,35.3,0.93,Monitor; prepare adaptive signal shift
PRED000891,R0038,2026-08-01T02:00:00,Medium,Medium,35.3,0.93,Monitor; prepare adaptive signal shift
PRED000892,R0038,2026-08-01T03:00:00,Medium,Medium,38.1,0.92,Monitor; prepare adaptive signal shift
PRED000893,R0038,2026-08-01T04:00:00,Medium,Medium,37.9,0.87,Monitor; prepare adaptive signal shift
PRED000894,R0038,2026-08-01T05:00:00,Medium,Medium,38.5,0.89,Monitor; prepare adaptive signal shift
PRED000895,R0038,2026-08-01T06:00:00,Medium,Medium,40.0,0.87,Monitor; prepare adaptive signal shift
PRED000896,R0038,2026-08-01T07:00:00,Medium,Medium,31.5,0.88,Monitor; prepare adaptive signal shift
PRED000897,R0038,2026-08-01T08:00:00,Medium,Medium,37.2,0.86,Monitor; prepare adaptive signal shift
PRED000898,R0038,2026-08-01T09:00:00,Medium,Medium,37.1,0.85,Monitor; prepare adaptive signal shift
PRED000899,R0038,2026-08-01T10:00:00,Medium,Medium,36.0,0.82,Monitor; prepare adaptive signal shift
PRED000900,R0038,2026-08-01T11:00:00,Medium,Medium,41.4,0.82,Monitor; prepare adaptive signal shift
PRED000901,R0038,2026-08-01T12:00:00,Medium,Medium,39.3,0.83,Monitor; prepare adaptive signal shift
PRED000902,R0038,2026-08-01T13:00:00,Medium,Medium,34.4,0.79,Monitor; prepare adaptive signal shift
PRED000903,R0038,2026-08-01T14:00:00,Medium,Medium,52.2,0.79,Monitor; prepare adaptive signal shift
PRED000904,R0038,2026-08-01T15:00:00,Medium,Medium,40.9,0.83,Monitor; prepare adaptive signal shift
PRED000905,R0038,2026-08-01T16:00:00,Medium,Medium,41.4,0.77,Monitor; prepare adaptive signal shift
PRED000906,R0038,2026-08-01T17:00:00,Medium,Medium,35.8,0.75,Monitor; prepare adaptive signal shift
PRED000907,R0038,2026-08-01T18:00:00,Medium,Medium,41.0,0.77,Monitor; prepare adaptive signal shift
PRED000908,R0038,2026-08-01T19:00:00,Medium,Medium,32.1,0.73,Monitor; prepare adaptive signal shift
PRED000909,R0038,2026-08-01T20:00:00,Medium,Medium,26.8,0.76,Monitor; prepare adaptive signal shift
PRED000910,R0038,2026-08-01T21:00:00,Medium,Medium,35.0,0.73,Monitor; prepare adaptive signal shift
PRED000911,R0038,2026-08-01T22:00:00,Medium,Medium,28.9,0.69,Monitor; prepare adaptive signal shift
PRED000912,R0038,2026-08-01T23:00:00,Medium,Medium,39.3,0.71,Monitor; prepare adaptive signal shift
PRED000913,R0039,2026-08-01T00:00:00,Medium,Medium,38.0,0.93,Monitor; prepare adaptive signal shift
PRED000914,R0039,2026-08-01T01:00:00,Medium,Medium,31.7,0.94,Monitor; prepare adaptive signal shift
PRED000915,R0039,2026-08-01T02:00:00,Medium,Medium,37.9,0.94,Monitor; prepare adaptive signal shift
PRED000916,R0039,2026-08-01T03:00:00,Medium,Medium,32.2,0.92,Monitor; prepare adaptive signal shift
PRED000917,R0039,2026-08-01T04:00:00,Medium,Medium,41.0,0.9,Monitor; prepare adaptive signal shift
PRED000918,R0039,2026-08-01T05:00:00,Medium,Medium,31.5,0.92,Monitor; prepare adaptive signal shift
PRED000919,R0039,2026-08-01T06:00:00,Medium,Medium,30.9,0.89,Monitor; prepare adaptive signal shift
PRED000920,R0039,2026-08-01T07:00:00,Medium,Medium,34.7,0.83,Monitor; prepare adaptive signal shift
PRED000921,R0039,2026-08-01T08:00:00,Medium,Medium,41.9,0.8,Monitor; prepare adaptive signal shift
PRED000922,R0039,2026-08-01T09:00:00,Medium,Low,23.2,0.86,Maintain current signal timing
PRED000923,R0039,2026-08-01T10:00:00,Medium,Medium,38.2,0.83,Monitor; prepare adaptive signal shift
PRED000924,R0039,2026-08-01T11:00:00,Medium,Medium,35.7,0.78,Monitor; prepare adaptive signal shift
PRED000925,R0039,2026-08-01T12:00:00,Medium,Medium,38.8,0.82,Monitor; prepare adaptive signal shift
PRED000926,R0039,2026-08-01T13:00:00,Medium,Medium,34.0,0.81,Monitor; prepare adaptive signal shift
PRED000927,R0039,2026-08-01T14:00:00,Medium,Medium,36.9,0.8,Monitor; prepare adaptive signal shift
PRED000928,R0039,2026-08-01T15:00:00,Medium,Low,22.2,0.83,Maintain current signal timing
PRED000929,R0039,2026-08-01T16:00:00,Medium,Medium,40.2,0.75,Monitor; prepare adaptive signal shift
PRED000930,R0039,2026-08-01T17:00:00,Medium,Medium,30.5,0.77,Monitor; prepare adaptive signal shift
PRED000931,R0039,2026-08-01T18:00:00,Medium,Medium,38.5,0.72,Monitor; prepare adaptive signal shift
PRED000932,R0039,2026-08-01T19:00:00,Medium,Medium,28.5,0.71,Monitor; prepare adaptive signal shift
PRED000933,R0039,2026-08-01T20:00:00,Medium,Medium,29.3,0.73,Monitor; prepare adaptive signal shift
PRED000934,R0039,2026-08-01T21:00:00,Medium,Medium,31.1,0.72,Monitor; prepare adaptive signal shift
PRED000935,R0039,2026-08-01T22:00:00,Medium,Medium,25.7,0.73,Monitor; prepare adaptive signal shift
PRED000936,R0039,2026-08-01T23:00:00,Medium,Medium,32.6,0.72,Monitor; prepare adaptive signal shift
PRED000937,R0040,2026-08-01T00:00:00,Medium,Medium,30.6,0.93,Monitor; prepare adaptive signal shift
PRED000938,R0040,2026-08-01T01:00:00,Medium,Medium,31.5,0.94,Monitor; prepare adaptive signal shift
PRED000939,R0040,2026-08-01T02:00:00,Medium,Low,19.6,0.93,Maintain current signal timing
PRED000940,R0040,2026-08-01T03:00:00,Medium,Medium,34.9,0.91,Monitor; prepare adaptive signal shift
PRED000941,R0040,2026-08-01T04:00:00,Medium,Medium,32.5,0.85,Monitor; prepare adaptive signal shift
PRED000942,R0040,2026-08-01T05:00:00,Medium,Medium,31.1,0.93,Monitor; prepare adaptive signal shift
PRED000943,R0040,2026-08-01T06:00:00,Medium,Medium,34.0,0.87,Monitor; prepare adaptive signal shift
PRED000944,R0040,2026-08-01T07:00:00,Medium,Medium,34.2,0.88,Monitor; prepare adaptive signal shift
PRED000945,R0040,2026-08-01T08:00:00,Medium,Medium,38.1,0.86,Monitor; prepare adaptive signal shift
PRED000946,R0040,2026-08-01T09:00:00,Medium,Medium,36.7,0.88,Monitor; prepare adaptive signal shift
PRED000947,R0040,2026-08-01T10:00:00,Medium,Medium,40.1,0.89,Monitor; prepare adaptive signal shift
PRED000948,R0040,2026-08-01T11:00:00,Medium,Medium,30.0,0.86,Monitor; prepare adaptive signal shift
PRED000949,R0040,2026-08-01T12:00:00,Medium,Medium,28.9,0.83,Monitor; prepare adaptive signal shift
PRED000950,R0040,2026-08-01T13:00:00,Medium,Medium,37.8,0.8,Monitor; prepare adaptive signal shift
PRED000951,R0040,2026-08-01T14:00:00,Medium,Medium,33.5,0.82,Monitor; prepare adaptive signal shift
PRED000952,R0040,2026-08-01T15:00:00,Medium,Medium,28.3,0.82,Monitor; prepare adaptive signal shift
PRED000953,R0040,2026-08-01T16:00:00,Medium,Low,23.8,0.82,Maintain current signal timing
PRED000954,R0040,2026-08-01T17:00:00,Medium,Medium,37.6,0.77,Monitor; prepare adaptive signal shift
PRED000955,R0040,2026-08-01T18:00:00,Medium,Medium,28.7,0.75,Monitor; prepare adaptive signal shift
PRED000956,R0040,2026-08-01T19:00:00,Medium,Medium,29.8,0.75,Monitor; prepare adaptive signal shift
PRED000957,R0040,2026-08-01T20:00:00,Medium,Medium,37.7,0.78,Monitor; prepare adaptive signal shift
PRED000958,R0040,2026-08-01T21:00:00,Medium,Medium,30.9,0.71,Monitor; prepare adaptive signal shift
PRED000959,R0040,2026-08-01T22:00:00,Medium,Medium,26.0,0.72,Monitor; prepare adaptive signal shift
PRED000960,R0040,2026-08-01T23:00:00,Medium,Low,22.7,0.69,Maintain current signal timing
PRED000961,R0041,2026-08-01T00:00:00,Medium,Medium,49.2,0.95,Monitor; prepare adaptive signal shift
PRED000962,R0041,2026-08-01T01:00:00,Medium,Medium,32.1,0.95,Monitor; prepare adaptive signal shift
PRED000963,R0041,2026-08-01T02:00:00,Medium,Medium,30.5,0.9,Monitor; prepare adaptive signal shift
PRED000964,R0041,2026-08-01T03:00:00,Medium,Medium,33.1,0.94,Monitor; prepare adaptive signal shift
PRED000965,R0041,2026-08-01T04:00:00,Medium,Medium,36.8,0.85,Monitor; prepare adaptive signal shift
PRED000966,R0041,2026-08-01T05:00:00,Medium,Medium,45.9,0.88,Monitor; prepare adaptive signal shift
PRED000967,R0041,2026-08-01T06:00:00,Medium,Medium,27.8,0.87,Monitor; prepare adaptive signal shift
PRED000968,R0041,2026-08-01T07:00:00,Medium,Medium,42.1,0.88,Monitor; prepare adaptive signal shift
PRED000969,R0041,2026-08-01T08:00:00,Medium,Medium,49.9,0.84,Monitor; prepare adaptive signal shift
PRED000970,R0041,2026-08-01T09:00:00,Medium,Medium,39.4,0.84,Monitor; prepare adaptive signal shift
PRED000971,R0041,2026-08-01T10:00:00,Medium,Medium,29.7,0.86,Monitor; prepare adaptive signal shift
PRED000972,R0041,2026-08-01T11:00:00,Medium,Medium,41.6,0.84,Monitor; prepare adaptive signal shift
PRED000973,R0041,2026-08-01T12:00:00,Medium,Medium,41.1,0.81,Monitor; prepare adaptive signal shift
PRED000974,R0041,2026-08-01T13:00:00,Medium,Medium,32.2,0.81,Monitor; prepare adaptive signal shift
PRED000975,R0041,2026-08-01T14:00:00,Medium,Medium,44.9,0.83,Monitor; prepare adaptive signal shift
PRED000976,R0041,2026-08-01T15:00:00,Medium,Medium,42.2,0.79,Monitor; prepare adaptive signal shift
PRED000977,R0041,2026-08-01T16:00:00,Medium,Medium,38.6,0.78,Monitor; prepare adaptive signal shift
PRED000978,R0041,2026-08-01T17:00:00,Medium,Medium,30.4,0.77,Monitor; prepare adaptive signal shift
PRED000979,R0041,2026-08-01T18:00:00,Medium,Medium,28.0,0.76,Monitor; prepare adaptive signal shift
PRED000980,R0041,2026-08-01T19:00:00,Medium,Medium,45.3,0.77,Monitor; prepare adaptive signal shift
PRED000981,R0041,2026-08-01T20:00:00,Medium,Medium,29.5,0.74,Monitor; prepare adaptive signal shift
PRED000982,R0041,2026-08-01T21:00:00,Medium,Medium,29.6,0.73,Monitor; prepare adaptive signal shift
PRED000983,R0041,2026-08-01T22:00:00,Medium,Medium,40.4,0.73,Monitor; prepare adaptive signal shift
PRED000984,R0041,2026-08-01T23:00:00,Medium,Medium,48.7,0.73,Monitor; prepare adaptive signal shift
PRED000985,R0042,2026-08-01T00:00:00,Medium,Medium,32.6,0.95,Monitor; prepare adaptive signal shift
PRED000986,R0042,2026-08-01T01:00:00,Medium,Medium,30.7,0.91,Monitor; prepare adaptive signal shift
PRED000987,R0042,2026-08-01T02:00:00,Medium,Medium,40.2,0.94,Monitor; prepare adaptive signal shift
PRED000988,R0042,2026-08-01T03:00:00,Medium,Medium,31.3,0.92,Monitor; prepare adaptive signal shift
PRED000989,R0042,2026-08-01T04:00:00,Medium,Medium,40.6,0.92,Monitor; prepare adaptive signal shift
PRED000990,R0042,2026-08-01T05:00:00,Medium,Low,24.6,0.89,Maintain current signal timing
PRED000991,R0042,2026-08-01T06:00:00,Medium,Medium,32.7,0.9,Monitor; prepare adaptive signal shift
PRED000992,R0042,2026-08-01T07:00:00,Medium,Medium,40.0,0.9,Monitor; prepare adaptive signal shift
PRED000993,R0042,2026-08-01T08:00:00,Medium,Medium,27.2,0.84,Monitor; prepare adaptive signal shift
PRED000994,R0042,2026-08-01T09:00:00,Medium,Medium,40.6,0.84,Monitor; prepare adaptive signal shift
PRED000995,R0042,2026-08-01T10:00:00,Medium,Low,24.7,0.85,Maintain current signal timing
PRED000996,R0042,2026-08-01T11:00:00,Medium,Medium,30.3,0.87,Monitor; prepare adaptive signal shift
PRED000997,R0042,2026-08-01T12:00:00,Medium,Medium,35.2,0.82,Monitor; prepare adaptive signal shift
PRED000998,R0042,2026-08-01T13:00:00,Medium,Medium,30.9,0.84,Monitor; prepare adaptive signal shift
PRED000999,R0042,2026-08-01T14:00:00,Medium,Medium,34.8,0.79,Monitor; prepare adaptive signal shift
PRED001000,R0042,2026-08-01T15:00:00,Medium,Medium,27.5,0.79,Monitor; prepare adaptive signal shift
PRED001001,R0042,2026-08-01T16:00:00,Medium,Medium,25.9,0.8,Monitor; prepare adaptive signal shift
PRED001002,R0042,2026-08-01T17:00:00,Medium,Low,20.5,0.77,Maintain current signal timing
PRED001003,R0042,2026-08-01T18:00:00,Medium,Medium,34.5,0.77,Monitor; prepare adaptive signal shift
PRED001004,R0042,2026-08-01T19:00:00,Medium,Medium,26.0,0.76,Monitor; prepare adaptive signal shift
PRED001005,R0042,2026-08-01T20:00:00,Medium,Low,24.5,0.74,Maintain current signal timing
PRED001006,R0042,2026-08-01T21:00:00,Medium,Medium,33.3,0.74,Monitor; prepare adaptive signal shift
PRED001007,R0042,2026-08-01T22:00:00,Medium,Low,24.9,0.74,Maintain current signal timing
PRED001008,R0042,2026-08-01T23:00:00,Medium,Medium,29.1,0.72,Monitor; prepare adaptive signal shift
PRED001009,R0043,2026-08-01T00:00:00,Medium,Medium,51.0,0.96,Monitor; prepare adaptive signal shift
PRED001010,R0043,2026-08-01T01:00:00,Medium,Medium,49.0,0.93,Monitor; prepare adaptive signal shift
PRED001011,R0043,2026-08-01T02:00:00,Medium,Medium,47.5,0.92,Monitor; prepare adaptive signal shift
PRED001012,R0043,2026-08-01T03:00:00,Medium,Medium,35.9,0.92,Monitor; prepare adaptive signal shift
PRED001013,R0043,2026-08-01T04:00:00,Medium,Medium,45.1,0.91,Monitor; prepare adaptive signal shift
PRED001014,R0043,2026-08-01T05:00:00,Medium,Medium,43.1,0.87,Monitor; prepare adaptive signal shift
PRED001015,R0043,2026-08-01T06:00:00,Medium,Medium,48.0,0.85,Monitor; prepare adaptive signal shift
PRED001016,R0043,2026-08-01T07:00:00,Medium,Medium,53.0,0.87,Monitor; prepare adaptive signal shift
PRED001017,R0043,2026-08-01T08:00:00,Medium,Medium,45.8,0.87,Monitor; prepare adaptive signal shift
PRED001018,R0043,2026-08-01T09:00:00,Medium,Medium,47.8,0.82,Monitor; prepare adaptive signal shift
PRED001019,R0043,2026-08-01T10:00:00,Medium,Medium,49.1,0.85,Monitor; prepare adaptive signal shift
PRED001020,R0043,2026-08-01T11:00:00,Medium,Medium,40.2,0.82,Monitor; prepare adaptive signal shift
PRED001021,R0043,2026-08-01T12:00:00,Medium,Medium,41.8,0.79,Monitor; prepare adaptive signal shift
PRED001022,R0043,2026-08-01T13:00:00,Medium,Medium,53.8,0.84,Monitor; prepare adaptive signal shift
PRED001023,R0043,2026-08-01T14:00:00,Medium,Medium,45.8,0.8,Monitor; prepare adaptive signal shift
PRED001024,R0043,2026-08-01T15:00:00,Medium,Medium,41.5,0.81,Monitor; prepare adaptive signal shift
PRED001025,R0043,2026-08-01T16:00:00,Medium,Medium,52.8,0.77,Monitor; prepare adaptive signal shift
PRED001026,R0043,2026-08-01T17:00:00,Medium,Medium,35.0,0.8,Monitor; prepare adaptive signal shift
PRED001027,R0043,2026-08-01T18:00:00,Medium,Medium,30.5,0.74,Monitor; prepare adaptive signal shift
PRED001028,R0043,2026-08-01T19:00:00,Medium,Medium,39.2,0.72,Monitor; prepare adaptive signal shift
PRED001029,R0043,2026-08-01T20:00:00,Medium,Medium,46.9,0.76,Monitor; prepare adaptive signal shift
PRED001030,R0043,2026-08-01T21:00:00,Medium,Medium,36.3,0.76,Monitor; prepare adaptive signal shift
PRED001031,R0043,2026-08-01T22:00:00,Medium,Medium,48.1,0.72,Monitor; prepare adaptive signal shift
PRED001032,R0043,2026-08-01T23:00:00,Medium,Medium,36.3,0.76,Monitor; prepare adaptive signal shift
PRED001033,R0044,2026-08-01T00:00:00,Medium,Medium,45.6,0.95,Monitor; prepare adaptive signal shift
PRED001034,R0044,2026-08-01T01:00:00,Medium,Medium,50.0,0.94,Monitor; prepare adaptive signal shift
PRED001035,R0044,2026-08-01T02:00:00,Medium,Medium,39.2,0.92,Monitor; prepare adaptive signal shift
PRED001036,R0044,2026-08-01T03:00:00,Medium,Medium,48.9,0.87,Monitor; prepare adaptive signal shift
PRED001037,R0044,2026-08-01T04:00:00,Medium,Medium,41.3,0.93,Monitor; prepare adaptive signal shift
PRED001038,R0044,2026-08-01T05:00:00,Medium,Medium,40.3,0.92,Monitor; prepare adaptive signal shift
PRED001039,R0044,2026-08-01T06:00:00,Medium,Medium,52.0,0.88,Monitor; prepare adaptive signal shift
PRED001040,R0044,2026-08-01T07:00:00,Medium,Medium,40.3,0.86,Monitor; prepare adaptive signal shift
PRED001041,R0044,2026-08-01T08:00:00,Medium,High,59.8,0.9,Activate adaptive signal + suggest alternate route
PRED001042,R0044,2026-08-01T09:00:00,Medium,Medium,44.5,0.84,Monitor; prepare adaptive signal shift
PRED001043,R0044,2026-08-01T10:00:00,Medium,Medium,44.4,0.84,Monitor; prepare adaptive signal shift
PRED001044,R0044,2026-08-01T11:00:00,Medium,Medium,36.1,0.83,Monitor; prepare adaptive signal shift
PRED001045,R0044,2026-08-01T12:00:00,Medium,Medium,51.2,0.78,Monitor; prepare adaptive signal shift
PRED001046,R0044,2026-08-01T13:00:00,Medium,Medium,47.9,0.84,Monitor; prepare adaptive signal shift
PRED001047,R0044,2026-08-01T14:00:00,Medium,Medium,39.2,0.83,Monitor; prepare adaptive signal shift
PRED001048,R0044,2026-08-01T15:00:00,Medium,Medium,38.0,0.8,Monitor; prepare adaptive signal shift
PRED001049,R0044,2026-08-01T16:00:00,Medium,Medium,39.9,0.77,Monitor; prepare adaptive signal shift
PRED001050,R0044,2026-08-01T17:00:00,Medium,Medium,37.5,0.78,Monitor; prepare adaptive signal shift
PRED001051,R0044,2026-08-01T18:00:00,Medium,Medium,45.8,0.76,Monitor; prepare adaptive signal shift
PRED001052,R0044,2026-08-01T19:00:00,Medium,Medium,32.1,0.76,Monitor; prepare adaptive signal shift
PRED001053,R0044,2026-08-01T20:00:00,Medium,Medium,42.3,0.74,Monitor; prepare adaptive signal shift
PRED001054,R0044,2026-08-01T21:00:00,Medium,Medium,50.5,0.7,Monitor; prepare adaptive signal shift
PRED001055,R0044,2026-08-01T22:00:00,Medium,Medium,25.6,0.71,Monitor; prepare adaptive signal shift
PRED001056,R0044,2026-08-01T23:00:00,Medium,Medium,42.8,0.69,Monitor; prepare adaptive signal shift
PRED001057,R0045,2026-08-01T00:00:00,Medium,Medium,36.4,0.96,Monitor; prepare adaptive signal shift
PRED001058,R0045,2026-08-01T01:00:00,Medium,Medium,45.6,0.94,Monitor; prepare adaptive signal shift
PRED001059,R0045,2026-08-01T02:00:00,Medium,Medium,47.9,0.91,Monitor; prepare adaptive signal shift
PRED001060,R0045,2026-08-01T03:00:00,Medium,Medium,41.4,0.93,Monitor; prepare adaptive signal shift
PRED001061,R0045,2026-08-01T04:00:00,Medium,Medium,36.0,0.86,Monitor; prepare adaptive signal shift
PRED001062,R0045,2026-08-01T05:00:00,Medium,Medium,41.7,0.91,Monitor; prepare adaptive signal shift
PRED001063,R0045,2026-08-01T06:00:00,Medium,Medium,46.1,0.9,Monitor; prepare adaptive signal shift
PRED001064,R0045,2026-08-01T07:00:00,Medium,Medium,32.6,0.88,Monitor; prepare adaptive signal shift
PRED001065,R0045,2026-08-01T08:00:00,Medium,Medium,48.7,0.83,Monitor; prepare adaptive signal shift
PRED001066,R0045,2026-08-01T09:00:00,Medium,Medium,50.0,0.85,Monitor; prepare adaptive signal shift
PRED001067,R0045,2026-08-01T10:00:00,Medium,High,63.1,0.8,Activate adaptive signal + suggest alternate route
PRED001068,R0045,2026-08-01T11:00:00,Medium,Medium,52.7,0.82,Monitor; prepare adaptive signal shift
PRED001069,R0045,2026-08-01T12:00:00,Medium,Medium,34.6,0.81,Monitor; prepare adaptive signal shift
PRED001070,R0045,2026-08-01T13:00:00,Medium,Medium,45.6,0.83,Monitor; prepare adaptive signal shift
PRED001071,R0045,2026-08-01T14:00:00,Medium,Medium,53.9,0.83,Monitor; prepare adaptive signal shift
PRED001072,R0045,2026-08-01T15:00:00,Medium,Medium,37.4,0.81,Monitor; prepare adaptive signal shift
PRED001073,R0045,2026-08-01T16:00:00,Medium,Medium,45.1,0.77,Monitor; prepare adaptive signal shift
PRED001074,R0045,2026-08-01T17:00:00,Medium,Medium,41.0,0.76,Monitor; prepare adaptive signal shift
PRED001075,R0045,2026-08-01T18:00:00,Medium,Medium,41.9,0.75,Monitor; prepare adaptive signal shift
PRED001076,R0045,2026-08-01T19:00:00,Medium,Medium,35.1,0.76,Monitor; prepare adaptive signal shift
PRED001077,R0045,2026-08-01T20:00:00,Medium,Medium,44.5,0.74,Monitor; prepare adaptive signal shift
PRED001078,R0045,2026-08-01T21:00:00,Medium,Medium,48.5,0.72,Monitor; prepare adaptive signal shift
PRED001079,R0045,2026-08-01T22:00:00,Medium,Medium,38.1,0.73,Monitor; prepare adaptive signal shift
PRED001080,R0045,2026-08-01T23:00:00,Medium,Medium,38.7,0.71,Monitor; prepare adaptive signal shift
PRED001081,R0046,2026-08-01T00:00:00,Medium,Low,24.9,0.94,Maintain current signal timing
PRED001082,R0046,2026-08-01T01:00:00,Medium,Medium,29.5,0.91,Monitor; prepare adaptive signal shift
PRED001083,R0046,2026-08-01T02:00:00,Medium,Medium,32.9,0.9,Monitor; prepare adaptive signal shift
PRED001084,R0046,2026-08-01T03:00:00,Medium,Medium,38.1,0.9,Monitor; prepare adaptive signal shift
PRED001085,R0046,2026-08-01T04:00:00,Medium,Medium,45.7,0.9,Monitor; prepare adaptive signal shift
PRED001086,R0046,2026-08-01T05:00:00,Medium,Medium,30.6,0.89,Monitor; prepare adaptive signal shift
PRED001087,R0046,2026-08-01T06:00:00,Medium,Medium,44.2,0.87,Monitor; prepare adaptive signal shift
PRED001088,R0046,2026-08-01T07:00:00,Medium,Medium,42.1,0.87,Monitor; prepare adaptive signal shift
PRED001089,R0046,2026-08-01T08:00:00,Medium,Medium,47.1,0.83,Monitor; prepare adaptive signal shift
PRED001090,R0046,2026-08-01T09:00:00,Medium,Medium,41.0,0.88,Monitor; prepare adaptive signal shift
PRED001091,R0046,2026-08-01T10:00:00,Medium,Medium,50.9,0.86,Monitor; prepare adaptive signal shift
PRED001092,R0046,2026-08-01T11:00:00,Medium,Medium,45.4,0.86,Monitor; prepare adaptive signal shift
PRED001093,R0046,2026-08-01T12:00:00,Medium,Medium,53.5,0.82,Monitor; prepare adaptive signal shift
PRED001094,R0046,2026-08-01T13:00:00,Medium,Medium,35.9,0.8,Monitor; prepare adaptive signal shift
PRED001095,R0046,2026-08-01T14:00:00,Medium,High,59.9,0.77,Activate adaptive signal + suggest alternate route
PRED001096,R0046,2026-08-01T15:00:00,Medium,Medium,38.0,0.76,Monitor; prepare adaptive signal shift
PRED001097,R0046,2026-08-01T16:00:00,Medium,Medium,41.2,0.76,Monitor; prepare adaptive signal shift
PRED001098,R0046,2026-08-01T17:00:00,Medium,Medium,39.3,0.73,Monitor; prepare adaptive signal shift
PRED001099,R0046,2026-08-01T18:00:00,Medium,Medium,43.1,0.78,Monitor; prepare adaptive signal shift
PRED001100,R0046,2026-08-01T19:00:00,Medium,Medium,36.6,0.75,Monitor; prepare adaptive signal shift
PRED001101,R0046,2026-08-01T20:00:00,Medium,Medium,37.5,0.74,Monitor; prepare adaptive signal shift
PRED001102,R0046,2026-08-01T21:00:00,Medium,Medium,37.8,0.75,Monitor; prepare adaptive signal shift
PRED001103,R0046,2026-08-01T22:00:00,Medium,Medium,45.0,0.7,Monitor; prepare adaptive signal shift
PRED001104,R0046,2026-08-01T23:00:00,Medium,Medium,35.4,0.73,Monitor; prepare adaptive signal shift
PRED001105,R0047,2026-08-01T00:00:00,Medium,Low,24.4,0.9,Maintain current signal timing
PRED001106,R0047,2026-08-01T01:00:00,Medium,Medium,34.7,0.94,Monitor; prepare adaptive signal shift
PRED001107,R0047,2026-08-01T02:00:00,Medium,Medium,29.5,0.91,Monitor; prepare adaptive signal shift
PRED001108,R0047,2026-08-01T03:00:00,Medium,Medium,29.7,0.89,Monitor; prepare adaptive signal shift
PRED001109,R0047,2026-08-01T04:00:00,Medium,Medium,38.8,0.88,Monitor; prepare adaptive signal shift
PRED001110,R0047,2026-08-01T05:00:00,Medium,Medium,33.3,0.87,Monitor; prepare adaptive signal shift
PRED001111,R0047,2026-08-01T06:00:00,Medium,Medium,26.4,0.9,Monitor; prepare adaptive signal shift
PRED001112,R0047,2026-08-01T07:00:00,Medium,Medium,32.2,0.87,Monitor; prepare adaptive signal shift
PRED001113,R0047,2026-08-01T08:00:00,Medium,Medium,26.3,0.85,Monitor; prepare adaptive signal shift
PRED001114,R0047,2026-08-01T09:00:00,Medium,Medium,39.9,0.9,Monitor; prepare adaptive signal shift
PRED001115,R0047,2026-08-01T10:00:00,Medium,Low,23.4,0.84,Maintain current signal timing
PRED001116,R0047,2026-08-01T11:00:00,Medium,Medium,37.6,0.82,Monitor; prepare adaptive signal shift
PRED001117,R0047,2026-08-01T12:00:00,Medium,Medium,40.0,0.8,Monitor; prepare adaptive signal shift
PRED001118,R0047,2026-08-01T13:00:00,Medium,Medium,35.5,0.8,Monitor; prepare adaptive signal shift
PRED001119,R0047,2026-08-01T14:00:00,Medium,Medium,41.5,0.79,Monitor; prepare adaptive signal shift
PRED001120,R0047,2026-08-01T15:00:00,Medium,Medium,31.7,0.81,Monitor; prepare adaptive signal shift
PRED001121,R0047,2026-08-01T16:00:00,Medium,Medium,27.1,0.78,Monitor; prepare adaptive signal shift
PRED001122,R0047,2026-08-01T17:00:00,Medium,Low,21.9,0.75,Maintain current signal timing
PRED001123,R0047,2026-08-01T18:00:00,Medium,Medium,34.6,0.74,Monitor; prepare adaptive signal shift
PRED001124,R0047,2026-08-01T19:00:00,Medium,Medium,28.6,0.76,Monitor; prepare adaptive signal shift
PRED001125,R0047,2026-08-01T20:00:00,Medium,Medium,27.9,0.76,Monitor; prepare adaptive signal shift
PRED001126,R0047,2026-08-01T21:00:00,Medium,Medium,32.2,0.74,Monitor; prepare adaptive signal shift
PRED001127,R0047,2026-08-01T22:00:00,Medium,Medium,37.9,0.73,Monitor; prepare adaptive signal shift
PRED001128,R0047,2026-08-01T23:00:00,Medium,Medium,39.4,0.73,Monitor; prepare adaptive signal shift
PRED001129,R0048,2026-08-01T00:00:00,Medium,Medium,36.6,0.97,Monitor; prepare adaptive signal shift
PRED001130,R0048,2026-08-01T01:00:00,Medium,Medium,41.8,0.92,Monitor; prepare adaptive signal shift
PRED001131,R0048,2026-08-01T02:00:00,Medium,Medium,42.3,0.94,Monitor; prepare adaptive signal shift
PRED001132,R0048,2026-08-01T03:00:00,Medium,Medium,43.8,0.95,Monitor; prepare adaptive signal shift
PRED001133,R0048,2026-08-01T04:00:00,Medium,Medium,47.9,0.91,Monitor; prepare adaptive signal shift
PRED001134,R0048,2026-08-01T05:00:00,Medium,Medium,35.6,0.89,Monitor; prepare adaptive signal shift
PRED001135,R0048,2026-08-01T06:00:00,Medium,Medium,42.4,0.89,Monitor; prepare adaptive signal shift
PRED001136,R0048,2026-08-01T07:00:00,Medium,Medium,45.9,0.87,Monitor; prepare adaptive signal shift
PRED001137,R0048,2026-08-01T08:00:00,Medium,Medium,42.9,0.87,Monitor; prepare adaptive signal shift
PRED001138,R0048,2026-08-01T09:00:00,Medium,Medium,37.0,0.88,Monitor; prepare adaptive signal shift
PRED001139,R0048,2026-08-01T10:00:00,Medium,Medium,29.8,0.87,Monitor; prepare adaptive signal shift
PRED001140,R0048,2026-08-01T11:00:00,Medium,Medium,41.7,0.85,Monitor; prepare adaptive signal shift
PRED001141,R0048,2026-08-01T12:00:00,Medium,Medium,43.9,0.83,Monitor; prepare adaptive signal shift
PRED001142,R0048,2026-08-01T13:00:00,Medium,Medium,44.7,0.83,Monitor; prepare adaptive signal shift
PRED001143,R0048,2026-08-01T14:00:00,Medium,Medium,39.0,0.82,Monitor; prepare adaptive signal shift
PRED001144,R0048,2026-08-01T15:00:00,Medium,Medium,34.1,0.79,Monitor; prepare adaptive signal shift
PRED001145,R0048,2026-08-01T16:00:00,Medium,Medium,45.1,0.8,Monitor; prepare adaptive signal shift
PRED001146,R0048,2026-08-01T17:00:00,Medium,Medium,42.4,0.76,Monitor; prepare adaptive signal shift
PRED001147,R0048,2026-08-01T18:00:00,Medium,Medium,44.5,0.75,Monitor; prepare adaptive signal shift
PRED001148,R0048,2026-08-01T19:00:00,Medium,Medium,49.1,0.75,Monitor; prepare adaptive signal shift
PRED001149,R0048,2026-08-01T20:00:00,Medium,Medium,28.9,0.72,Monitor; prepare adaptive signal shift
PRED001150,R0048,2026-08-01T21:00:00,Medium,Medium,38.0,0.73,Monitor; prepare adaptive signal shift
PRED001151,R0048,2026-08-01T22:00:00,Medium,Medium,49.1,0.7,Monitor; prepare adaptive signal shift
PRED001152,R0048,2026-08-01T23:00:00,Medium,Medium,37.2,0.69,Monitor; prepare adaptive signal shift
PRED001153,R0049,2026-08-01T00:00:00,Medium,Medium,35.4,0.97,Monitor; prepare adaptive signal shift
PRED001154,R0049,2026-08-01T01:00:00,Medium,Medium,32.1,0.94,Monitor; prepare adaptive signal shift
PRED001155,R0049,2026-08-01T02:00:00,Medium,Medium,41.7,0.92,Monitor; prepare adaptive signal shift
PRED001156,R0049,2026-08-01T03:00:00,Medium,Medium,42.9,0.89,Monitor; prepare adaptive signal shift
PRED001157,R0049,2026-08-01T04:00:00,Medium,Medium,50.1,0.94,Monitor; prepare adaptive signal shift
PRED001158,R0049,2026-08-01T05:00:00,Medium,Medium,40.7,0.94,Monitor; prepare adaptive signal shift
PRED001159,R0049,2026-08-01T06:00:00,Medium,Medium,38.3,0.89,Monitor; prepare adaptive signal shift
PRED001160,R0049,2026-08-01T07:00:00,Medium,Medium,49.4,0.86,Monitor; prepare adaptive signal shift
PRED001161,R0049,2026-08-01T08:00:00,Medium,Medium,32.6,0.83,Monitor; prepare adaptive signal shift
PRED001162,R0049,2026-08-01T09:00:00,Medium,Medium,53.3,0.84,Monitor; prepare adaptive signal shift
PRED001163,R0049,2026-08-01T10:00:00,Medium,Medium,39.7,0.82,Monitor; prepare adaptive signal shift
PRED001164,R0049,2026-08-01T11:00:00,Medium,Medium,46.3,0.81,Monitor; prepare adaptive signal shift
PRED001165,R0049,2026-08-01T12:00:00,Medium,Medium,37.4,0.83,Monitor; prepare adaptive signal shift
PRED001166,R0049,2026-08-01T13:00:00,Medium,Medium,33.7,0.81,Monitor; prepare adaptive signal shift
PRED001167,R0049,2026-08-01T14:00:00,Medium,Medium,48.1,0.81,Monitor; prepare adaptive signal shift
PRED001168,R0049,2026-08-01T15:00:00,Medium,Medium,40.1,0.79,Monitor; prepare adaptive signal shift
PRED001169,R0049,2026-08-01T16:00:00,Medium,Medium,36.5,0.82,Monitor; prepare adaptive signal shift
PRED001170,R0049,2026-08-01T17:00:00,Medium,Medium,33.5,0.77,Monitor; prepare adaptive signal shift
PRED001171,R0049,2026-08-01T18:00:00,Medium,Medium,38.5,0.78,Monitor; prepare adaptive signal shift
PRED001172,R0049,2026-08-01T19:00:00,Medium,Medium,43.9,0.75,Monitor; prepare adaptive signal shift
PRED001173,R0049,2026-08-01T20:00:00,Medium,Medium,38.6,0.75,Monitor; prepare adaptive signal shift
PRED001174,R0049,2026-08-01T21:00:00,Medium,Low,22.8,0.7,Maintain current signal timing
PRED001175,R0049,2026-08-01T22:00:00,Medium,Medium,32.4,0.71,Monitor; prepare adaptive signal shift
PRED001176,R0049,2026-08-01T23:00:00,Medium,Medium,28.4,0.72,Monitor; prepare adaptive signal shift
PRED001177,R0050,2026-08-01T00:00:00,Medium,Medium,37.9,0.94,Monitor; prepare adaptive signal shift
PRED001178,R0050,2026-08-01T01:00:00,Medium,Medium,30.8,0.93,Monitor; prepare adaptive signal shift
PRED001179,R0050,2026-08-01T02:00:00,Medium,Low,23.1,0.92,Maintain current signal timing
PRED001180,R0050,2026-08-01T03:00:00,Medium,Medium,39.6,0.91,Monitor; prepare adaptive signal shift
PRED001181,R0050,2026-08-01T04:00:00,Medium,Medium,30.2,0.9,Monitor; prepare adaptive signal shift
PRED001182,R0050,2026-08-01T05:00:00,Medium,Medium,33.7,0.87,Monitor; prepare adaptive signal shift
PRED001183,R0050,2026-08-01T06:00:00,Medium,Medium,44.5,0.92,Monitor; prepare adaptive signal shift
PRED001184,R0050,2026-08-01T07:00:00,Medium,Medium,40.6,0.85,Monitor; prepare adaptive signal shift
PRED001185,R0050,2026-08-01T08:00:00,Medium,Medium,41.5,0.88,Monitor; prepare adaptive signal shift
PRED001186,R0050,2026-08-01T09:00:00,Medium,Medium,44.1,0.9,Monitor; prepare adaptive signal shift
PRED001187,R0050,2026-08-01T10:00:00,Medium,Medium,36.0,0.85,Monitor; prepare adaptive signal shift
PRED001188,R0050,2026-08-01T11:00:00,Medium,Medium,49.4,0.86,Monitor; prepare adaptive signal shift
PRED001189,R0050,2026-08-01T12:00:00,Medium,Medium,28.2,0.82,Monitor; prepare adaptive signal shift
PRED001190,R0050,2026-08-01T13:00:00,Medium,Medium,48.5,0.87,Monitor; prepare adaptive signal shift
PRED001191,R0050,2026-08-01T14:00:00,Medium,Medium,43.4,0.79,Monitor; prepare adaptive signal shift
PRED001192,R0050,2026-08-01T15:00:00,Medium,Medium,32.7,0.83,Monitor; prepare adaptive signal shift
PRED001193,R0050,2026-08-01T16:00:00,Medium,Medium,42.7,0.76,Monitor; prepare adaptive signal shift
PRED001194,R0050,2026-08-01T17:00:00,Medium,Medium,36.6,0.78,Monitor; prepare adaptive signal shift
PRED001195,R0050,2026-08-01T18:00:00,Medium,Medium,40.6,0.74,Monitor; prepare adaptive signal shift
PRED001196,R0050,2026-08-01T19:00:00,Medium,Medium,33.1,0.72,Monitor; prepare adaptive signal shift
PRED001197,R0050,2026-08-01T20:00:00,Medium,Medium,42.6,0.73,Monitor; prepare adaptive signal shift
PRED001198,R0050,2026-08-01T21:00:00,Medium,Medium,38.7,0.76,Monitor; prepare adaptive signal shift
PRED001199,R0050,2026-08-01T22:00:00,Medium,Medium,36.8,0.72,Monitor; prepare adaptive signal shift
PRED001200,R0050,2026-08-01T23:00:00,Medium,Medium,36.3,0.71,Monitor; prepare adaptive signal shift
